id,answer
009001,ㄨㄛˇ ㄇㄣ˙ ㄔㄥˊ ㄕˋ ㄉㄜ˙ ㄈㄨˋ ㄙㄨ ㄧㄡˇ ㄌㄞˊ ㄧˊ ㄊㄚ ㄑㄧㄤˊ ㄧㄡˇ ㄌㄧˋ ㄉㄜ˙ ㄓㄥˋ ㄘㄜˋ
009002,ㄓㄜˋ ㄧㄤˋ ㄗㄨㄛˋ ㄉㄜ˙ ㄧ ㄐㄩˋ ㄐㄧㄡˋ ㄕˋ ㄙㄨ ㄖㄣˊ ㄊㄨㄥ ㄦˋ ㄙㄢ ㄑㄧ ㄏㄠˋ ㄨㄣˇ ㄐㄧㄢˋ
009003,ㄓㄜˋ ㄐㄧㄤ ㄏㄨㄟˋ ㄏㄣˇ ㄉㄚˋ ㄔㄥˊ ㄉㄨˋ ㄉㄜ˙ ㄏㄨㄢˊ ㄐㄧㄝˇ ㄧㄤˊ ㄌㄠˇ ㄐㄧㄣ ㄉㄜ˙ ㄑㄩㄜˋ ㄎㄡˇ
009004,ㄨㄟˋ ㄕㄣˊ ㄇㄜ˙ ㄐㄧˇ ㄈㄥˊ ㄨ ㄍㄠˋ ㄒㄧㄝˋ ㄐㄧㄡˋ ㄩㄥˊ ㄋㄚˋ ㄇㄜ˙ ㄉㄚˋ ㄉㄜ˙ ㄆㄛ ㄏㄨㄞˋ ㄌㄧˋ
009005,ㄍㄤ ㄇㄞˇ ㄉㄜ˙ ㄎㄨˋ ㄗˇ ㄅㄨˊ ㄉㄠˋ ㄕˊ ㄈㄣ ㄓㄨㄥ ㄐㄧˇ ㄐㄧㄥ ㄋㄨㄥˋ ㄆㄛˋ ㄌㄜ˙
009006,ㄧㄣ ㄘˇ ㄓˋ ㄋㄥˊ ㄧˇ ㄗㄨㄟˋ ㄅㄣ ㄉㄜ˙ ㄈㄤ ㄕˋ ㄅㄨˊ ㄉㄨㄢˋ ㄧˊ ㄌㄨㄢˇ ㄐㄧ ㄕˊ
009007,ㄌㄧㄤˇ ㄖㄣˊ ㄘㄨㄛˋ ㄔㄜ ㄓ ㄐㄧˋ ㄇㄠˊ ㄉㄧㄝ ㄉㄧㄝ˙ ㄊㄨ ㄖㄢˊ ㄕㄨㄞˋ ㄉㄠˋ ㄕㄡˋ ㄕㄤ
009008,ㄊㄨㄥˊ ㄕˊ ㄇㄨˋ ㄇㄧㄣˊ ㄐㄧㄡˋ ㄧㄝˋ ㄑㄩˇ ㄉㄠˋ ㄓㄞˇ ㄕㄡ ㄖㄨˋ ㄗㄥ ㄓㄤˊ ㄏㄨㄢˇ ㄇㄢˋ
009009,ㄋㄩˇ ㄇㄧㄥˊ ㄒㄧㄥ ㄧㄝˇ ㄕˋ ㄆㄧㄥˊ ㄈㄢ ㄖㄣˊ ㄋㄧˊ ㄧˇ ㄨㄟˊ ㄗㄞˋ ㄩˊ ㄌㄜˋ ㄑㄨㄢ ㄆㄞ ㄒㄧˋ ㄍㄢˇ ㄊㄨㄥˊ ㄍㄠ ㄏㄣˇ ㄩㄥˊ ㄧˋ ㄇㄚ˙
009010,ㄒㄩˇ ㄉㄨㄛ ㄉㄠˋ ㄌㄧˇ ㄖㄣˊ ㄇㄣ˙ ㄧˇ ㄐㄧㄥ ㄓㄥˋ ㄇㄧㄥˊ ㄍㄨㄛˋ ㄑㄧㄢ ㄅㄧㄢˋ ㄨㄢˋ ㄅㄧㄢˋ ㄨㄟˋ ㄕㄤˋ ㄇㄜ˙ ㄏㄞˊ ㄧㄠˋ ㄉㄞˋ ㄓㄜ˙ ㄐㄧㄠˇ ㄒㄧㄥˋ ㄉㄜ˙ ㄒㄧㄣ ㄌㄧˇ ㄗㄞˋ ㄑㄩˋ ㄕˋ ㄩㄢˋ ㄧ ㄏㄨㄟˊ ㄋㄜ˙
009011,ㄗㄨㄛˊ ㄊㄧㄢ ㄊㄚ ㄒㄧㄤˋ ㄔㄥˊ ㄉㄨˋ ㄕㄤ ㄅㄠˋ ㄐㄧˋ ㄓㄜˇ ㄨㄟˊ ㄨㄟˇ ㄉㄠˋ ㄌㄞˊ
009012,ㄌㄧㄣˊ ㄈㄥ ㄩˇ ㄉㄨㄛ ㄨㄟˋ ㄋㄧㄢˊ ㄑㄧㄥ ㄇㄛˇ ㄊㄜˋ ㄋㄚˊ ㄑㄧˇ ㄉㄠˋ ㄐㄩˋ ㄉㄢˋ ㄍㄠ ㄏㄜˊ ㄓㄠˋ
009013,ㄉㄨㄟˋ ㄩˊ ㄨˊ ㄌㄧˋ ㄎㄜˇ ㄊㄨˊ ㄉㄜ˙ ㄎㄜˋ ㄏㄨˋ ㄑㄩˇ ㄉㄠˋ ㄧㄝˊ ㄅㄚˇ ㄊㄚ ㄇㄣ˙ ㄑㄧㄚ ㄉㄨㄢˋ ㄌㄜ˙
009014,ㄇㄟˇ ㄐㄩㄋ ㄨㄟˋ ㄏㄜˊ ㄏㄞˊ ㄆㄡˋ ㄅㄨˋ ㄐㄧˊ ㄉㄞˋ ㄉㄜ˙ ㄧㄠˋ ㄉㄨㄥˋ ㄩㄥˋ ㄉㄧˋ ㄙˋ ㄅㄨˋ ㄅㄧㄥ ㄕ
009015,ㄦˊ ㄧˊ ㄇㄧㄣˊ ㄩˇ ㄍㄨㄢ ㄑㄧㄚˇ ㄐㄩˊ ㄧ ㄓㄢˇ ㄊㄞ ㄉㄧㄠˋ ㄔㄚˊ ㄓㄠˇ ㄨㄛˋ ㄌㄧㄤˇ ㄖㄣˊ ㄉㄜ˙ ㄗㄨㄟˋ ㄓㄥˋ
009016,ㄨㄟˋ ㄌㄜ˙ ㄉㄨㄛ ㄓㄥˋ ㄐㄧˇ ㄍㄜ˙ ㄈㄚˇ ㄌㄤˊ ㄊㄚ ㄇㄟˇ ㄓㄡ ㄔㄠ ㄈㄨˋ ㄏㄜˋ ㄉㄜ˙ ㄍㄨㄥ ㄗㄨㄛˋ
009017,ㄨㄟˋ ㄌㄜ˙ ㄖㄤˋ ㄓㄤˋ ㄈㄨ˙ ㄑㄧㄥ ㄑㄧㄥ ㄕㄨㄤˊ ㄕㄨㄤˇ ㄔㄤˊ ㄋㄩˇ ㄏㄞˊ ㄒㄩㄜˊ ㄏㄨㄟˋ ㄌㄜ˙ ㄌㄧˇ ㄈㄚˋ
009018,ㄓˇ ㄓ ㄉㄠˋ ㄆㄧˊ ㄇㄣˋ ㄔㄨㄣ ㄍㄨㄤ ㄌㄜ˙ ㄖㄣˊ ㄔㄨㄣ ㄍㄨㄤ ㄅㄨˊ ㄏㄨㄟˋ ㄩˇ ㄊㄚ ㄊㄨㄥˊ ㄒㄧㄥˊ
009019,ㄐㄩˋ ㄌㄧㄠˊ ㄐㄧㄝˇ ㄩˇ ㄩㄢˊ ㄍㄨㄥ ㄍㄨㄢˇ ㄕˋ ㄇㄧㄣˊ ㄍㄨㄥ ㄇㄧㄥˊ ㄧ ㄌㄧㄡˊ ㄐㄧㄢˋ ㄒㄩㄋˋ ㄉㄜ˙ ㄐㄧㄡˋ ㄐㄩ
009020,ㄏㄡˋ ㄇㄧㄢˋ ㄉㄜ˙ ㄏㄨㄚˋ ㄊㄚ ㄧˇ ㄐㄧㄥ ㄊㄧㄥ ㄅㄨˋ ㄉㄠˋ ㄌㄜ˙ ㄅㄨˋ ㄐㄧㄢˇ ㄈㄟˊ ㄧㄥˋ ㄎㄜˊ ㄙˇ
009021,ㄐㄧㄥ ㄏㄨㄣˊ ㄧˊ ㄎㄜˋ ㄍㄨㄛˋ ㄏㄡˋ ㄊㄚ ㄏㄨㄟˋ ㄒㄧㄤˊ ㄑㄧˇ ㄕˋ ㄉㄥ ㄕㄢ ㄓㄤˋ ㄇㄟˊ ㄋㄧㄥˊ ㄐㄧㄣˇ
009022,ㄒㄧ ㄕㄨㄟˇ ㄒㄧ ㄔㄣˊ ㄑㄩˋ ㄨ ㄏㄜˊ ㄧㄣ ㄅㄠˇ ㄏㄨˋ ㄓㄨˇ ㄐㄧ ㄊㄢˊ ㄉㄥˇ ㄍㄨㄥ ㄋㄥˊ
009023,ㄅㄟˋ ㄕㄜˋ ㄕㄚ ㄉㄨㄥ ㄅㄟˊ ㄏㄨˇ ㄉㄜ˙ ㄌㄠˇ ㄍㄨㄥ ㄐㄧˋ ㄇㄛˋ ㄉㄜ˙ ㄆㄚ ㄗㄞˋ ㄊㄧˇ ㄌㄨㄥˊ ㄋㄟˋ
009024,ㄧㄡˇ ㄕˊ ㄇㄤˊ ㄑㄧˋ ㄌㄞˊ ㄌㄜ˙ ㄇㄟˊ ㄌㄧㄥˊ ㄑㄧㄢˊ ㄧˋ ㄌㄧㄢˊ ㄐㄧˇ ㄊㄧㄢ ㄉㄡ ㄅㄨˋ ㄕㄡˊ ㄨㄛˇ ㄑㄧㄢˊ
009025,ㄔㄥˊ ㄑㄧ ㄙˋ ㄧ ㄌㄨˋ ㄍㄢˊ ㄏㄨㄛˇ ㄔㄜ ㄉㄜ˙ ㄔㄥˊ ㄎㄜˋ ㄗㄨㄟˋ ㄏㄠˇ ㄊㄧˊ ㄙㄠˇ ㄔㄨ ㄈㄚ
009026,ㄧㄡˇ ㄒㄧㄝ ㄐㄧㄚ ㄖㄨˋ ㄌㄜ˙ ㄅㄤˋ ㄅㄤˇ ㄐㄩㄋ
009027,ㄉㄢˋ ㄊㄚ ㄉㄜ˙ ㄏㄣˇ ㄓ ㄔˊ ㄩㄣˊ ㄒㄩˋ ㄨㄛˊ ㄅㄚˇ ㄓㄜˋ ㄐㄧˋ ㄏㄨㄚˋ ㄈㄤˋ ㄉㄠˋ ㄨㄤˇ ㄓㄢˋ ㄕㄤˋ
009028,ㄧˋ ㄑㄧㄢˊ ㄙㄨㄛˇ ㄅㄢˋ ㄉㄜ˙ ㄓㄢˊ ㄌㄢˊ ㄉㄥˇ ㄅㄨˋ ㄕㄨˇ ㄩˊ ㄍㄨˋ ㄍㄨㄥ ㄍㄨㄢˊ ㄌㄧˇ
009029,ㄉㄢˋ ㄕˋ ㄐㄧㄚˋ ㄅㄠˋ ㄨㄚ˙ ㄊㄚ ㄧㄝˊ ㄧㄡˊ ㄋㄩˇ ㄉㄜ˙ ㄉㄢˋ ㄋㄢˊ ㄉㄜ˙ ㄉㄜ˙ ㄕˊ ㄏㄡˋ
009030,ㄑㄧ ㄐㄧㄢ ㄋㄧㄡ ㄋㄧㄡ˙ ㄧˋ ㄓˊ ㄉㄚˋ ㄎㄨ ㄉㄢˋ ㄉㄢˋ ㄇㄡˇ ㄇㄟˊ ㄧㄡˇ ㄊㄧㄥˊ ㄕㄡˇ
009031,ㄅㄧㄥ ㄒㄩㄜˇ ㄕㄤˋ ㄨㄟˋ ㄖㄨㄥˊ ㄏㄨㄚˋ ㄔㄨㄥˊ ㄐㄧㄢˋ ㄉㄧㄢˋ ㄨㄤˇ ㄉㄜ˙ ㄅㄨˋ ㄈㄚˊ ㄧˇ ㄎㄞ ㄑㄧˇ
009032,ㄈㄚ ㄒㄧㄢˋ ㄍㄨㄥ ㄗㄨㄛˋ ㄖㄣˊ ㄩㄢˊ ㄊㄞˋ ㄉㄨˋ ㄇㄢˊ ㄏㄥˋ ㄉㄜ˙ ㄧㄠˋ ㄧㄢˊ ㄐㄧㄚ ㄔㄥˊ ㄔㄨˇ
009033,ㄋㄚˋ ㄒㄧㄝ ㄒㄧˇ ㄏㄨㄢ ㄊㄧㄠˊ ㄉㄧㄢˇ ㄇㄠˊ ㄅㄧㄥˋ ㄕㄨㄛ ㄉㄧㄢˇ ㄒㄧㄢˊ ㄏㄨㄚˋ ㄉㄜ˙ ㄖㄣˊ ㄧㄝˇ ㄏㄨㄚˋ ㄅㄨˋ ㄉㄨㄛ
009034,ㄧㄡˊ ㄩˊ ㄏㄨㄛˊ ㄔㄤˇ ㄕㄤˋ ㄈㄥ ㄌㄧˋ ㄅㄨˊ ㄉㄨㄢˋ ㄐㄧㄚˋ ㄉㄚˋ ㄧㄡˋ ㄐㄧㄚ ㄙㄨˋ ㄌㄜ˙ ㄎㄜˇ ㄖㄢˊ ㄨˋ ㄖㄣˊ ㄕㄠ
009035,ㄎㄨㄞˋ ㄗㄡˇ ㄉㄠˋ ㄉㄧˋ ㄅㄧㄢ ㄕˊ ㄩㄢˊ ㄩㄢˇ ㄎㄢˋ ㄉㄠˋ ㄉㄧˋ ㄌㄥˊ ㄏㄡˋ ㄍㄜˋ ㄓㄜˇ ㄧˊ ㄐㄧㄢˋ ㄏㄨㄚ ㄧ ㄕㄤˋ
009036,ㄈㄟˋ ㄑㄧˋ ㄓㄨ ㄖㄡˋ ㄗㄞˋ ㄊㄨˇ ㄍㄨㄛˋ ㄌㄧˇ ㄠˊ ㄌㄧㄢˋ ㄏㄟ ㄙㄨㄟˋ ㄉㄜ˙ ㄓㄨ ㄧㄡˊ ㄌㄧㄡˊ ㄉㄠˋ ㄊㄨㄥˇ ㄌㄧˋ
009037,ㄖㄨˊ ㄐㄧㄣ ㄍㄜˊ ㄑㄧˇ ㄧˋ ㄉㄜ˙ ㄓㄨㄤ ㄕˋ ㄍㄨㄥ ㄙ ㄗㄡˇ ㄌㄨˋ ㄌㄜ˙ ㄓㄥˋ ㄍㄨㄟˇ ㄕㄥ ㄐㄧˋ ㄨˊ ㄧㄡ
009038,ㄌㄨㄢˊ ㄗˇ ㄕˋ ㄘㄨㄥˊ ㄐㄧ ㄧㄣ ㄎㄨˋ ㄊㄧㄠˋ ㄒㄨㄢˇ ㄉㄜ˙ ㄌㄞˊ ㄗ˙ ㄧˊ ㄍㄜˋ ㄋㄧˋ ㄇㄧㄥˊ ㄉㄜ˙ ㄋㄩˇ ㄗ˙
009039,ㄉㄢˋ ㄖㄨˊ ㄍㄨㄛˇ ㄑㄩㄜˋ ㄈㄚˊ ㄗ ㄐㄧㄣ ㄑㄩㄜˋ ㄏㄣˇ ㄋㄢˊ ㄒㄧˋ ㄧㄣˇ ㄧㄡ ㄒㄧㄡˋ ㄉㄜ˙ ㄖㄨㄢˇ ㄐㄧㄝˋ ㄖㄣˊ ㄘㄞˊ
009040,ㄦˋ ㄧㄤˋ ㄏㄨㄚˋ ㄌㄧㄡˊ ㄊㄧㄢ ㄐㄧㄚ ㄗㄞˋ ㄕˊ ㄆㄧㄣˇ ㄓㄨㄥ ㄓㄨㄟˇ ㄧㄠˋ ㄑㄧˇ ㄆㄧㄠˇ ㄅㄞˊ ㄏㄜˊ ㄈㄤˊ ㄈㄨˇ ㄗㄨㄛˋ ㄩㄥˋ
009041,ㄧˊ ㄨㄟˋ ㄕˋ ㄇㄧㄣˊ ㄕㄨㄛ ㄐㄧㄥ ㄒㄧㄥˇ ㄏㄡˋ ㄊㄧㄥ ㄐㄧㄢˋ ㄌㄜ˙ ㄈㄤˊ ㄨ ㄅㄟˋ ㄧㄠˊ ㄉㄨㄥˋ ㄉㄜ˙ ㄓ ㄓ ㄕㄥ
009042,ㄐㄧㄝˊ ㄍㄨㄛˇ ㄧㄣ ㄘˇ ㄇㄟˊ ㄔㄡˇ ㄐㄧㄢˋ ㄑㄧㄢˊ ㄇㄧㄢˋ ㄉㄜ˙ ㄉㄧㄢˋ ㄒㄧㄢˋ ㄍㄢ ㄗ˙ ㄧˋ ㄊㄡˊ ㄗㄞˋ ㄕㄤˋ ㄌㄜ˙
009043,ㄘㄜˋ ㄐㄧㄥˇ ㄐㄧㄣˋ ㄕㄨˋ ㄉㄨㄟˋ ㄕˊ ㄧㄡˇ ㄎㄢˋ ㄊㄢˋ ㄉㄜ˙ ㄒㄧㄠˋ ㄌㄩˋ ㄏㄜˊ ㄓˋ ㄌㄧㄤˋ ㄓˊ ㄍㄨㄢ ㄓㄨㄥˋ ㄧㄠˋ
009044,ㄧㄡˇ ㄖㄣˊ ㄈㄚ ㄔㄨ ㄓㄜˋ ㄧㄤˋ ㄉㄜ˙ ㄧˊ ㄨㄣˋ ㄈㄢˋ ㄉㄨˊ ㄓˋ ㄗㄠˋ ㄐㄧㄚˇ ㄧㄠˋ ㄇㄟˊ ㄧㄡˊ ㄖㄣˊ ㄍㄨㄢˇ ㄇㄚ˙
009045,ㄇㄟˇ ㄊㄧㄢ ㄉㄚˋ ㄅㄨˋ ㄈㄣˋ ㄕˊ ㄐㄧㄢ ㄊㄚ ㄉㄡ ㄉㄞˋ ㄗㄞˋ ㄒㄧㄡˋ ㄐㄧㄚˋ ㄑㄧㄢˊ ㄇㄞˊ ㄊㄡˊ ㄒㄧㄡˋ ㄏㄨㄚ
009046,ㄦˊ ㄉㄠˋ ㄒㄧㄚˋ ㄐㄧˋ ㄏㄡˋ ㄋㄧㄠˊ ㄅㄟˇ ㄈㄟ ㄧㄡˋ ㄎㄜˇ ㄋㄥˊ ㄗㄞˋ ㄧㄚˋ ㄓㄡ ㄅㄟˇ ㄅㄨˋ ㄉㄞˋ ㄌㄞˊ ㄧˋ ㄑㄧㄥˊ
009047,ㄅㄧ ㄗㄜˋ ㄉㄜ˙ ㄏㄢˋ ㄉㄠˋ ㄌㄧㄤˇ ㄆㄤˊ ㄌㄧㄣˊ ㄌㄧˋ ㄓㄜ˙ ㄒㄧㄠˊ ㄕㄡˇ ㄍㄨㄥ ㄗㄨㄛ ㄈㄤ˙ ㄉㄜ˙ ㄓㄠ ㄆㄞ˙
009048,ㄉㄢˋ ㄕˋ ㄒㄧㄢˋ ㄕˋ ㄓㄨㄥ ㄗㄨㄟˋ ㄓㄨㄥ ㄧˋ ㄅㄢ ㄉㄡ ㄋㄢˊ ㄧˇ ㄏㄨㄛˋ ㄉㄜ˙ ㄎㄨㄢ ㄩˋ ㄉㄜ˙ ㄆㄟˊ ㄔㄤˊ
009049,ㄕㄥ ㄏㄞˊ ㄗ˙ ㄧㄝˊ ㄏㄣˇ ㄌㄟˋ ㄧㄚ˙ ㄅㄨˊ ㄧㄠˋ ㄗㄞˋ ㄧˋ ㄕˋ ㄕㄨㄟˊ ㄉㄜ˙ ㄌㄜ˙ ㄏㄠˇ ㄇㄚ˙
009050,ㄓㄥˋ ㄕˋ ㄓㄜˋ ㄓㄨㄥˋ ㄇㄧㄥˊ ㄉㄜ˙ ㄈㄥ ㄓㄥˋ ㄕˇ ㄧㄢˋ ㄔㄥˊ ㄐㄧㄡˋ ㄌㄜ˙ ㄊㄚ ㄉㄧㄢˋ ㄒㄩㄜˊ ㄓ ㄈㄨˋ ㄉㄜ˙ ㄉㄧˋ ㄨㄟˋ
009051,ㄓㄨㄥ ㄒㄧㄢˋ ㄧㄡˊ ㄌㄧㄤˇ ㄑㄧㄢ ㄙㄢ ㄅㄞˋ ㄋㄧㄢˊ ㄌㄧˋ ㄕ˙ ㄕˋ ㄅㄚ ㄨㄣˊ ㄏㄨㄚˋ ㄈㄚ ㄒㄧㄤˊ ㄉㄧˋ
009052,ㄧㄡˇ ㄕˊ ㄓㄨㄛ ㄗ˙ ㄕㄤˋ ㄕㄨ ㄏㄨㄥˊ ㄌㄜ˙ ㄧㄢˇ ㄩˊ ㄌㄜˋ ㄔㄥˊ ㄌㄡˋ ㄑㄧˋ ㄧㄝˇ ㄅㄨˋ ㄏㄠˇ
009053,ㄨㄛˇ ㄏㄞˊ ㄇㄟˊ ㄧㄤˇ ㄍㄨㄛˋ ㄔㄨˇ ㄨˋ ㄋㄜ˙ ㄅㄨˊ ㄍㄨㄛˋ ㄉㄠˋ ㄕˋ ㄏㄣˊ ㄒㄧㄤˇ ㄔㄤˊ ㄕˋ ㄧˊ ㄒㄧㄚˋ
009054,ㄐㄩˋ ㄒㄧ ㄌㄠˇ ㄊㄞˋ ㄊㄞˋ ㄉㄨˊ ㄗˋ ㄧˋ ㄖㄣˊ ㄐㄩ ㄓㄨˋ ㄕㄣ ㄅㄧㄢ ㄨˊ ㄖㄣˊ ㄓㄠˋ ㄍㄨˋ
009055,ㄅㄞˇ ㄇㄧㄥˊ ㄐㄧㄤ ㄐㄩㄋˋ ㄓˊ ㄕㄨˋ ㄧˇ ㄔㄥˊ ㄨㄟˊ ㄧˋ ㄨˋ ㄓˊ ㄕㄨˋ ㄏㄨㄛˊ ㄉㄨㄥˋ ㄉㄜ˙ ㄉㄧㄢˇ ㄈㄢˋ
009056,ㄏㄢˊ ㄐㄧㄚˋ ㄗㄨㄛˋ ㄧㄝˋ ㄅㄧㄢˋ ㄌㄜ˙ ㄨㄟˋ ㄉㄡ ㄕˋ ㄍㄨㄥ ㄌㄧˋ ㄕˊ ㄩㄥˋ ㄓㄨˇ ㄧ ㄖㄜˋ ㄉㄜ˙ ㄏㄨㄛˋ
009057,ㄧㄡˇ ㄘˋ ㄆㄥˊ ㄧㄡ˙ ㄧˋ ㄑㄧˊ ㄉㄚˇ ㄇㄚˊ ㄐㄧㄤˋ ㄙㄢ ㄑㄩㄜ ㄧ ㄧㄡˇ ㄍㄜ˙ ㄆㄥˊ ㄧㄡ˙ ㄉㄞˋ ㄍㄜ˙ ㄅㄨˊ ㄖㄣˋ ㄕˋ ㄉㄜ˙ ㄆㄥˊ ㄧㄡ˙ ㄌㄞˊ ㄨㄛˇ ㄇㄣˊ ㄨㄣˋ ㄊㄚ ㄨㄟˋ ㄨㄢˊ ㄇㄜ˙
009058,ㄌㄧㄡˊ ㄒㄧㄢ ㄕㄥ˙ ㄐㄩㄜˊ ㄉㄜ˙ ㄅㄨˊ ㄉㄨㄟˋ ㄐㄧㄣˋ ㄒㄧㄢˋ ㄎㄞ ㄅㄟˋ ㄗˇ ㄧˊ ㄎㄢˋ ㄨㄤˊ ㄏㄨㄟˋ ㄧˇ ㄐㄧㄥ ㄉㄨㄢˋ ㄑㄧˋ ㄙㄨㄟˊ ㄐㄧˊ ㄅㄠˋ ㄐㄧㄥˇ
009059,ㄗˋ ㄐㄧˇ ㄎㄢˋ ㄎㄢˋ ㄋㄧˇ ㄓㄜˋ ㄉㄨˋ ㄗ˙ ㄋㄚˇ ㄒㄧㄤˊ ㄦˋ ㄕˋ ㄐㄧˇ ㄙㄨㄟˋ ㄙˋ ㄨˇ ㄕˊ ㄙㄨㄟˋ ㄉㄡ ㄅㄨˋ ㄓˇ ㄅㄚ˙
009060,ㄅㄧㄝˊ ㄐㄩˇ ㄙㄤˋ ㄏㄨㄛˊ ㄔㄨ ㄑㄧㄥ ㄘㄞˇ ㄘㄞˊ ㄕˋ ㄉㄨㄟˋ ㄈㄥˇ ㄘˋ ㄗㄨㄟˋ ㄏㄠˇ ㄉㄜ˙ ㄏㄨㄢˊ ㄐㄧ ㄉㄨㄣ ㄒㄧㄚˋ ㄌㄞ˙ ㄍㄟˇ ㄗˋ ㄐㄧˇ ㄧˊ ㄍㄜ˙ ㄩㄥ ㄅㄠˋ
009061,ㄗㄨㄛˊ ㄖˋ ㄅㄟˇ ㄐㄧㄥ ㄧㄠˋ ㄧㄡˋ ㄏㄨㄟˋ ㄎㄞ ㄇㄨˋ ㄕˋ ㄉㄠˊ ㄧㄢˇ ㄓ ㄧ ㄉㄜ˙ ㄨㄤˊ ㄔㄤˊ ㄍㄜ ㄊㄡˋ ㄌㄨˋ ㄌㄜ˙ ㄓㄜˋ ㄧˋ ㄒㄧㄠ ㄒㄧ˙
009062,ㄖㄨˊ ㄐㄧㄤ ㄈㄨˋ ㄩˋ ㄉㄜ˙ ㄉㄧㄢˋ ㄌㄧˋ ㄇㄞˋ ㄍㄟˇ ㄍㄨㄛˊ ㄐㄧㄚ ㄉㄧㄢˋ ㄈㄤˇ ㄅㄧˇ ㄓㄨㄥˋ ㄉㄧˋ ㄉㄜ˙ ㄒㄧㄠˋ ㄧˋ ㄧㄠˋ ㄊㄧˊ ㄍㄠ ㄏㄠˇ ㄉㄨㄛ ㄅㄟˋ
009063,ㄊㄧㄥ ㄉㄠˋ ㄘˇ ㄏㄨㄚˋ ㄐㄧㄝˊ ㄇㄡˇ ㄏㄜˊ ㄏㄢˊ ㄇㄡˇ ㄏㄣˇ ㄑㄧˋ ㄈㄢˋ
009064,ㄖㄣˊ ㄇㄣ˙ ㄏㄜˋ ㄨㄛˇ ㄇㄣ˙ ㄏㄞˊ ㄋㄥˊ ㄗㄞˋ ㄎㄞ ㄉㄚˋ ㄌㄨㄥˊ ㄊㄡˊ ㄖㄤˋ ㄑㄧㄥ ㄌㄧㄥˊ ㄌㄧㄥˊ ㄉㄜ˙ ㄗˋ ㄌㄞˊ ㄕㄨㄟˇ ㄓㄡˋ ㄧㄝˋ ㄔㄤˊ ㄌㄧㄡˊ ㄇㄚ˙
009065,ㄑㄧˋ ㄐㄧㄣ ㄨㄟˊ ㄓˇ ㄊㄚ ㄖㄥˊ ㄖㄢˊ ㄅㄧˇ ㄍㄥ ㄅㄨˊ ㄔㄨㄛˋ
009066,ㄨㄛˇ ㄍㄨㄟ ㄋㄩ˙ ㄖㄠˋ ㄨㄛˊ ㄍㄟˇ ㄊㄚ ㄇㄞˊ ㄏㄠˇ ㄔ ㄉㄜ˙ ㄋㄜ˙
009067,ㄔㄠ ㄕˋ ㄌㄧˇ ㄑㄩㄜˋ ㄔㄠˊ ㄇㄧˊ ㄈㄣˇ ㄇㄞˋ ㄉㄜ˙ ㄅㄨˊ ㄘㄨㄛˋ
009068,ㄓㄨ ㄖㄨㄥˊ ㄐㄧ ㄊㄨㄥˊ ㄓˋ ㄍㄢˇ ㄉㄠˋ ㄧㄡˊ ㄏㄣˇ ㄉㄚˋ ㄧㄚ ㄌㄧˋ
009069,ㄍㄨㄥ ㄋㄟˋ ㄓㄥˇ ㄐㄧㄝˊ ㄌㄧˋ ㄙㄨㄛˋ ㄌㄤˊ ㄓㄨㄥˋ ㄇㄣˊ ㄔㄨㄤ ㄧㄢˇ ㄙㄜˋ ㄒㄧㄢ ㄧㄢˋ ㄐㄧˇ ㄇㄧㄥˊ ㄉㄧㄢˋ ㄍㄨㄥ ㄓㄥˋ ㄗㄞˋ ㄨㄟˊ ㄒㄧㄡ ㄒㄧㄢˋ ㄌㄨˋ
009070,ㄉㄥ ㄕㄤˋ ㄇㄛˊ ㄊㄧㄢ ㄌㄨㄣˊ ㄧㄡˊ ㄎㄜˋ ㄇㄣ˙ ㄋㄥˊ ㄈㄨˇ ㄎㄢˋ ㄗˋ ㄧㄡˊ ㄋㄩˇ ㄕㄢˊ ㄒㄧㄤˋ ㄊㄧㄠˋ ㄨㄤˋ ㄇㄢˋ ㄏㄚ ㄉㄨㄣˋ ㄊㄧㄢ ㄐㄧˋ ㄒㄧㄢˋ
009071,ㄓㄜˋ ㄕˋ ㄗㄤˋ ㄇㄧㄣˊ ㄉㄜ˙ ㄉㄧㄥˊ ㄌㄧˇ
009072,ㄗㄞˋ ㄕㄨㄛ ㄌㄜ˙ ㄨㄛˇ ㄅㄚ˙ ㄕㄨㄛˇ ㄐㄧˊ ㄏㄨㄢˊ ㄍㄟˊ ㄋㄩˇ ㄨㄛˇ ㄅㄨˋ ㄐㄧㄡˋ ㄕˋ ㄗˋ ㄊㄡˊ ㄌㄨㄛˊ ㄨㄤˇ ㄨㄛˊ ㄕㄚˇ ㄧㄚ˙
009073,ㄉㄨㄟˋ ㄩˊ ㄕㄤˋ ㄕㄨˋ ㄊㄡˊ ㄗ ㄊㄧㄢ ㄌㄞˋ ㄙˋ ㄉㄜ˙ ㄙㄥ ㄖㄣˊ ㄇㄣ˙ ㄅㄧㄠˇ ㄕˋ ㄧˋ ㄨˊ ㄙㄨㄛˇ ㄓ
009074,ㄓˇ ㄕˋ ㄙㄢ ㄧ ㄈㄤˋ ㄋㄧㄢˋ ㄎㄨˇ ㄩˊ ㄇㄟˊ ㄧㄡˇ ㄑㄩㄜˋ ㄗㄠˊ ㄓㄥˋ ㄐㄩˋ
009075,ㄓㄤ ㄧㄥˇ ㄑㄧㄥ ㄔㄨㄤˋ ㄌㄧˋ ㄉㄜ˙ ㄒㄩㄜˊ ㄎㄜˋ ㄕㄡˋ ㄍㄠ ㄉㄨˋ ㄆㄧㄥˊ ㄐㄧㄚˋ
009076,ㄇㄞˋ ㄆㄧㄥˊ ㄧㄣˇ ㄌㄧㄠˋ ㄆㄧㄥˊ ㄍㄞˋ ㄕㄤˋ ㄒㄧㄝˇ ㄉㄜ˙ ㄗㄞˋ ㄌㄞˊ ㄧˋ ㄆㄧㄥˊ
009077,ㄖㄠˊ ㄖㄤˇ ㄅㄢˋ ㄋㄧㄢˊ ㄙㄨㄟˋ ㄓㄨㄥ ㄅㄟˋ ㄆㄢˋ ㄈㄚˊ ㄎㄨㄢˇ ㄌㄧㄠˇ ㄕˋ
009078,ㄨㄛˇ ㄉㄜ˙ ㄙㄨㄣ ㄋㄩˇ ㄕㄨㄛ ㄊㄚ ㄒㄧㄢˋ ㄗㄞˋ ㄅㄨˊ ㄩㄢˋ ㄧˋ ㄑㄩˋ ㄕㄤˋ ㄒㄩㄜˊ
009079,ㄊㄚ ㄕㄣ ㄘㄞˊ ㄞˊ ㄒㄧㄠˇ ㄑㄨㄢˊ ㄍㄨˇ ㄊㄨ ㄔㄨ ㄌㄧㄡˊ ㄓㄜ˙ ㄒㄧㄠˇ ㄏㄨˊ ㄗ˙ ㄕㄨㄛ ㄏㄨㄚˋ ㄧˋ ㄎㄡˇ ㄋㄨㄥˊ ㄓㄨㄥˋ ㄉㄜ˙ ㄈㄨˊ ㄐㄧㄢˋ ㄎㄡˇ ㄧㄣ
009080,ㄑㄩˊ ㄕˊ ㄊㄧㄢˊ ㄒㄧㄥ ㄐㄧㄡˋ ㄕˋ ㄓˋ ㄓㄤˋ ㄓㄜˊ ㄌㄩˇ ㄊㄧㄢ ㄒㄧˇ
009081,ㄩˇ ㄧˋ ㄒㄧㄥˇ ㄐㄧㄝ ㄔㄨˋ ㄉㄜ˙ ㄐㄧˊ ㄏㄨㄟˋ ㄉㄨㄛ ㄔ ㄘㄨˋ ㄌㄜ˙ ㄇㄞ˙
009082,ㄏㄣˇ ㄎㄨㄞˋ ㄓㄤ ㄇㄡˇ ㄦˊ ㄗ˙ ㄉㄜ˙ ㄍㄨㄥ ㄗㄨㄛˋ ㄢ ㄆㄞˊ ㄊㄨㄛˇ ㄉㄤˋ
009083,ㄉㄚˋ ㄇㄛˊ ㄕㄡˇ ㄒㄧˊ ㄐㄧㄥ ㄐㄧˋ ㄒㄩㄜˊ ㄐㄧㄚ ㄨㄤˊ ㄑㄧㄥˋ ㄗㄜˊ ㄖㄣˋ ㄨㄟˊ ㄇㄨˋ ㄑㄧㄢˊ ㄉㄜ˙ ㄑㄧㄢˊ ㄗㄞˋ ㄔㄨㄥ ㄐㄧ ㄕˋ ㄎㄜˊ ㄧˋ ㄎㄨㄥˋ ㄓˊ ㄉㄜ˙
009084,ㄨㄛˊ ㄒㄧˇ ㄏㄨㄢ ㄩㄣˋ ㄉㄨㄥˋ ㄉㄢˋ ㄕˋ ㄏㄣˊ ㄕㄠˊ ㄉㄚˇ ㄌㄢˊ ㄑㄧㄡˊ ㄋㄜ˙
009085,ㄌㄧㄣˊ ㄐㄧㄣˋ ㄋㄧㄢˊ ㄉㄧˇ ㄍㄜˋ ㄓㄨㄥ ㄍㄨˇ ㄊㄧㄝ ㄈㄣ ㄓˋ ㄊㄚˋ ㄌㄞˊ
009086,ㄊㄨㄥˊ ㄧㄤˋ ㄉㄜ˙ ㄏㄡˋ ㄒㄨㄢˊ ㄔˇ ㄘㄨㄣˋ ㄧㄝˇ ㄐㄧㄣˋ ㄒㄧㄥˊ ㄌㄜ˙ ㄙㄨㄛ ㄉㄨㄢˇ
009087,ㄅㄟˋ ㄅㄨˋ ㄉㄜ˙ ㄐㄩˋ ㄓˋ ㄧㄣ ㄘˇ ㄅㄟˋ ㄘㄥˋ ㄌㄢˋ ㄏㄠˇ ㄉㄨㄛ ㄏㄨㄟˊ
009088,ㄨㄛˊ ㄊㄧㄥˇ ㄗㄞˋ ㄏㄨˋ ㄈㄣˇ ㄙ ㄉㄜ˙ ㄡˊ ㄦˊ ㄧㄝˇ ㄏㄨㄟˋ ㄈㄚ ㄍㄜ˙ ㄊㄧㄝˇ
009089,ㄧˋ ㄓ ㄘㄞˋ ㄗㄞˋ ㄍㄨㄥ ㄐㄧ ㄓㄨㄚˇ ㄗ˙ ㄕㄤˋ ㄓㄨㄤ ㄓㄜ˙ ㄒㄧㄠˇ ㄉㄠ
009090,ㄑㄧㄢˊ ㄒㄧㄢ ㄋㄧㄢˊ ㄔㄨ ㄒㄧㄢˋ ㄌㄜ˙ ㄒㄧˊ ㄗㄠˇ ㄒㄧㄝˋ ㄊㄡˋ ㄑㄧˋ ㄒㄧㄝˋ ㄉㄥˇ ㄍㄜˋ ㄌㄟˊ ㄉㄚˇ ㄓㄜ˙ ㄧㄤˊ ㄔㄥˊ ㄏㄨˊ ㄓㄠ ㄆㄞˊ ㄉㄜ˙ ㄏㄨˊ ㄒㄧㄝˋ
009091,ㄋㄩˇ ㄖㄣˊ ㄊㄧˇ ㄧㄢˋ ㄓㄜ˙ ㄊㄨㄥˋ ㄎㄨˇ ㄦˊ ㄒㄧㄥˋ ㄈㄨˊ ㄉㄜ˙ ㄕˊ ㄎㄜˋ
009092,ㄨˊ ㄑㄧ ㄌㄨㄥˊ ㄔㄥ ㄉㄤ ㄓˋ ㄗㄨㄛˋ ㄖㄣˊ ㄔ ㄌㄧˋ ㄅㄨˋ ㄊㄠˊ ㄏㄠˇ
009093,ㄗㄞˋ ㄍㄢ ㄌㄚˋ ㄐㄧ ㄊㄨㄥˇ ㄌㄟˋ ㄑㄩㄜˋ ㄈㄤˋ ㄓㄜ˙ ㄐㄧ ㄉㄢˋ ㄎㄜˊ
009094,ㄉㄢˋ ㄕˋ ㄙˋ ㄩㄝˋ ㄈㄨˊ ㄌㄟˊ ㄗㄞˋ ㄘˋ ㄉㄤ ㄒㄨㄢˇ ㄗㄨㄥˊ ㄊㄨㄥˇ ㄅㄧㄥˋ ㄧㄣˇ ㄈㄚ ㄌㄜ˙ ㄍㄨㄛˊ ㄋㄟˋ ㄉㄜ˙ ㄅㄠˋ ㄌㄧˋ ㄔㄨㄥ ㄊㄨ˙ ㄕˋ ㄐㄧㄢˋ
009095,ㄓㄢˊ ㄌㄢˇ ㄐㄧㄤ ㄉㄨㄟˋ ㄑㄨㄢˊ ㄊㄧˇ ㄍㄨㄢ ㄓㄨㄥˋ ㄕˊ ㄒㄧㄥˊ ㄇㄧㄢˇ ㄈㄟˋ ㄩˋ ㄔㄤˇ ㄊㄧˊ ㄍㄨㄥ ㄧˋ ㄨˋ ㄐㄧㄤˊ ㄐㄧㄝˇ
009096,ㄏㄨㄟˋ ㄏㄡˋ ㄌㄩˋ ㄙㄨㄣˋ ㄌㄧˋ ㄇㄟˊ ㄅㄧㄠˇ ㄕˋ ㄒㄧㄤ ㄒㄧㄥˋ ㄗㄨㄥˊ ㄊㄨㄥˇ ㄏㄜˊ ㄏㄨ ㄌㄨㄛˊ ㄐㄧˋ ㄉㄜ˙ ㄕㄨㄛ ㄈㄚˇ
009097,ㄐㄧㄡˋ ㄍㄤ ㄍㄤ ㄑㄩˋ ㄔㄠ ㄕˋ ㄇㄞˇ ㄧㄢ ㄇㄨˋ ㄘㄜˋ ㄧㄡˇ ㄧˊ ㄍㄜ˙ ㄓㄥˋ ㄊㄞˋ ㄙˋ ㄨˇ ㄙㄨㄟˋ ㄉㄜ˙ ㄧㄤˋ ㄗ˙
009098,ㄔㄨ ㄕˋ ㄏㄡˋ ㄍㄞ ㄗㄚˇ ㄍㄨㄢˊ ㄌㄧˇ ㄋㄨㄥˊ ㄘㄨㄣ ㄙㄢˊ ㄧㄤˇ ㄉㄜ˙ ㄑㄨㄢˇ ㄓ ㄨㄛˇ ㄇㄣ˙ ㄧㄝˋ ㄏㄣˇ ㄊㄡˊ ㄊㄥˊ
009099,ㄘˇ ㄨㄞˋ ㄔ ㄈㄢˋ ㄏㄞˊ ㄉㄧㄢˇ ㄏㄨㄚˋ ㄑㄧㄢˊ ㄗㄢˊ ㄏㄜˊ ㄅㄟˇ ㄖㄣˊ ㄐㄧㄡˋ ㄊㄨˇ ㄉㄡˋ ㄑㄧㄝˊ ㄗ˙ ㄒㄧˋ ㄏㄨㄥ ㄕˋ ㄑㄩˋ ㄘㄞˋ ㄌㄠˇ ㄙㄢ ㄧㄤˋ
009100,ㄎㄜ ㄆㄨˇ ㄏㄨㄛˊ ㄉㄨㄥˋ ㄐㄧㄝˊ ㄕㄨˋ ㄏㄡˋ ㄐㄧㄥ ㄒㄨㄢˇ ㄔㄨ ㄅㄢˇ ㄌㄜ˙ ㄖㄣˊ ㄨㄣˊ ㄓ ㄔㄨㄤ ㄧˋ ㄕㄨ ㄕㄡˋ ㄉㄠˋ ㄍㄨㄤˇ ㄉㄚˋ ㄉㄨˋ ㄓㄜˇ ㄉㄜ˙ ㄏㄨㄢ ㄧㄥˊ
009101,ㄗㄞˋ ㄨㄟˋ ㄌㄞˊ ㄨˇ ㄊㄧㄢ ㄌㄧˇ ㄉㄡ ㄧㄡˇ ㄐㄧㄤˋ ㄩˇ ㄨㄞˋ ㄔㄨ ㄐㄧˋ ㄉㄜ˙ ㄉㄞˋ ㄏㄠˊ ㄩˇ ㄐㄩˋ
009102,ㄗㄞˋ ㄑㄧˊ ㄑㄧˊ ㄏㄚˋ ㄦˇ ㄌㄧㄤˊ ㄏㄠˇ ㄉㄜ˙ ㄕㄥ ㄊㄞˋ ㄏㄨㄢˊ ㄐㄧㄥˋ ㄖㄤˋ ㄉㄢ ㄉㄧㄢˇ ㄏㄜˋ ㄌㄞˊ ㄓㄜˋ ㄌㄧˇ ㄒㄧㄥˊ ㄧㄤˇ ㄕㄥ ㄒㄧ
009103,ㄒㄧㄢˋ ㄔㄥˊ ㄌㄧˋ ㄧㄝˇ ㄇㄟˊ ㄧㄡˇ ㄔㄨ ㄒㄧㄢˋ ㄑㄧㄤˇ ㄍㄡˋ ㄕˊ ㄆㄧㄣ ㄉㄥˇ ㄒㄧㄢˋ ㄒㄧㄤˋ
009104,ㄕˊ ㄋㄧㄢˊ ㄕˋ ㄧˊ ㄔㄨㄢˋ ㄔㄨㄢˋ ㄐㄧㄠˇ ㄧㄣˋ ㄕˊ ㄋㄧㄢˊ ㄕˋ ㄧˊ ㄍㄜ˙ ㄓㄤ ㄐㄧㄝˊ
009105,ㄕㄨㄤ ㄧㄤˊ ㄕㄨㄟˇ ㄉㄜ˙ ㄩㄥˋ ㄊㄨˊ ㄕˋ ㄍㄟˇ ㄋㄧㄡˊ ㄊㄧˊ ㄋㄧㄥˊ ㄦˇ ㄉㄨㄛ ㄆㄧㄠˇ ㄅㄞˊ
009106,ㄧㄢˇ ㄔㄨ ㄐㄧㄝˊ ㄕㄨˋ ㄏㄡˋ ㄖㄨˊ ㄖㄨㄥˊ ㄐㄧ ㄐㄧㄝ ㄐㄧㄢˋ ㄑㄨㄢˊ ㄊㄧˊ ㄧㄢˇ ㄓˊ ㄩㄢˊ
009107,ㄠˋ ㄅㄚ ㄇㄚˇ ㄗㄨㄥˊ ㄊㄨㄥˇ ㄅㄛˊ ㄔˋ ㄓㄜˋ ㄧˋ ㄕㄨㄛ ㄈㄚˇ ㄕˊ ㄕㄨˇ ㄏㄨㄤ ㄊㄤˊ
009108,ㄆㄛˋ ㄕˇ ㄌㄧㄣˊ ㄘㄨㄟˋ ㄌㄨˋ ㄔㄤˊ ㄍㄥˊ ㄗㄨˇ ㄉㄜ˙ ㄈㄤˊ ㄨ ㄧˇ ㄅㄟˋ ㄔㄞ ㄔㄨˊ
009109,ㄧˋ ㄒㄧㄝ ㄧㄢ ㄘㄨㄥ ㄅㄟˋ ㄒㄧㄠ ㄉㄧㄠˋ ㄌㄜ˙ ㄍㄥˋ ㄉㄨㄛ ㄧㄢ ㄘㄨㄥ ㄌㄧˋ ㄑㄧˇ ㄌㄞˊ
009110,ㄇㄟˊ ㄅㄢˋ ㄈㄚ˙ ㄓˇ ㄋㄥˊ ㄒㄨㄢˇ ㄗㄜˊ ㄔㄨ ㄒㄧㄥˊ ㄉㄨㄛˊ ㄉㄨㄛˇ ㄈㄥ ㄊㄡ˙
009111,ㄈㄤˋ ㄆㄧˋ ㄋㄧˇ ㄍㄠˋ ㄙㄨˋ ㄌㄠˇ ㄋㄧㄤˊ ㄋㄚˊ ㄌㄧˇ ㄆㄧˊ ㄑㄧˋ ㄅㄠˋ ㄌㄜ˙
009112,ㄩㄢˊ ㄌㄞˊ ㄊㄚ ㄉㄨㄛˊ ㄑㄧˇ ㄌㄞˊ ㄨㄢˊ ㄨㄟ ㄅㄛˊ ㄩˊ ㄧㄡˇ ㄖㄣˊ ㄉㄚˋ ㄊㄢˇ ㄒㄧㄥ ㄗㄨㄛˋ
009113,ㄖㄢˊ ㄏㄡˋ ㄊㄚ ㄔㄨㄢ ㄕㄤˋ ㄧˊ ㄐㄧㄢˋ ㄑㄨㄢˊ ㄕㄣ ㄅㄞˊ ㄙㄜˋ ㄉㄜ˙ ㄙㄤ ㄈㄨˊ
009114,ㄒㄧㄠˇ ㄓㄥˋ ㄅㄧㄠˊ ㄐㄧㄝˇ ㄐㄧㄡˋ ㄗㄞˋ ㄓㄨㄥ ㄑㄧㄡ ㄐㄧㄝˊ ㄓㄠˇ ㄉㄠˋ ㄆㄛˊ ㄐㄧㄚ ㄉㄜ˙
009115,ㄍㄥˋ ㄐㄧˊ ㄕㄡˇ ㄉㄜ˙ ㄕˋ ㄋㄧㄡ ㄋㄧㄡ ㄉㄜ˙ ㄈㄨˋ ㄑㄧㄤ ㄍㄢˊ ㄖㄢˇ ㄧㄢˊ ㄓㄨㄥˋ
009116,ㄨㄛˇ ㄗㄨㄟˋ ㄐㄧㄣˋ ㄓㄨˋ ㄧˋ ㄉㄠˋ ㄨㄤˇ ㄕㄤˋ ㄉㄨㄟˋ ㄈㄚ ㄍㄞˊ ㄨㄟˇ ㄧ ㄌㄨㄣˋ ㄆㄛ ㄉㄨㄛ
009117,ㄅㄨˊ ㄍㄨㄛˋ ㄓㄜˋ ㄉㄜ˙ ㄇㄥˋ ㄒㄧㄤˇ ㄧˋ ㄕˊ ㄉㄢˋ ㄏㄨㄟˋ ㄧㄝˊ ㄏㄣˇ ㄋㄢˊ ㄕˊ ㄒㄧㄢˋ
009118,ㄖㄨˊ ㄍㄨㄛˇ ㄗㄞˋ ㄒㄧㄣˋ ㄒㄧ ㄏㄣˇ ㄋㄢˊ ㄔㄨㄢˊ ㄉㄚˊ ㄉㄠˋ ㄉㄜ˙ ㄕㄢ ㄑㄩ ㄋㄜ˙
009119,ㄘˇ ㄕˊ ㄇㄧㄣˊ ㄐㄧㄥˇ ㄍㄨㄛ ㄍㄥ ㄐㄩㄋ ㄉㄜ˙ ㄎㄨˋ ㄗ˙ ㄧㄡˇ ㄌㄜ˙ ㄍㄨㄚˇ ㄘㄥˋ
009120,ㄑㄧㄥˊ ㄎㄠˇ ㄌㄩˋ ㄗㄞˋ ㄓㄨㄥ ㄑㄧㄥˊ ㄐㄩˊ ㄉㄜ˙ ㄑㄨㄢˊ ㄑㄧㄡˊ ㄖㄣˋ ㄓˊ ㄐㄧ ㄏㄨㄟˋ
009121,ㄙˋ ㄋㄧㄢˊ ㄓ ㄏㄡˋ ㄊㄚ ㄇㄣ˙ ㄉㄜ˙ ㄐㄩˋ ㄒㄧㄥ ㄉㄧˋ ㄨㄟˋ ㄧ ㄐㄧㄡˋ ㄨㄣˇ ㄍㄨˋ
009122,ㄒㄧㄣ ㄧˋ ㄌㄨㄣˊ ㄊㄡˊ ㄗ ㄕㄥˋ ㄧㄢˋ ㄒㄧ ㄒㄧ ㄖㄤˊ ㄖㄤˇ ㄐㄧㄝ ㄨㄟˊ ㄌㄧˋ ㄌㄞˊ
009123,ㄐㄧㄝ ㄈㄤˋ ㄇㄣ˙ ㄈㄣ ㄈㄣ ㄘㄞ ㄘㄜˋ ㄐㄧㄥˇ ㄈㄤ ㄎㄜˇ ㄋㄥˊ ㄧㄠˋ ㄑㄧㄤˊ ㄍㄨㄥ
009124,ㄙㄨㄟˊ ㄏㄡˋ ㄔㄨㄢ ㄕㄤˋ ㄨㄚˋ ㄗ˙ ㄏㄜˊ ㄒㄧㄝˊ ㄏㄜˊ ㄆㄥˊ ㄧㄡ˙ ㄔㄨ ㄇㄣˊ ㄌㄜ˙
009125,ㄅㄨˋ ㄎㄨㄚˋ ㄓㄤ ㄉㄜ˙ ㄕㄨㄛ ㄊㄚ ㄐㄧㄤ ㄍㄨㄢ ㄒㄧ˙ ㄧ ㄉㄞˇ ㄉㄜ˙ ㄔㄥˊ ㄉㄞˋ
009126,ㄑㄩˋ ㄅㄚ˙ ㄑㄩˋ ㄅㄚ˙ ㄇㄧㄥˊ ㄊㄧㄢ ㄐㄧˋ ㄉㄜ˙ ㄗㄞˋ ㄌㄞˊ ㄓㄠˊ ㄨㄛˇ ㄅㄠˋ ㄉㄠˋ
009127,ㄨㄛˇ ㄅㄨˊ ㄧㄠˋ ㄈㄣˇ ㄙ ㄌㄜ˙ ㄓ ㄔˊ ㄨㄛˇ ㄐㄧㄡˋ ㄉㄨㄛ ㄓㄨㄢˇ ㄈㄚ ㄘˊ ㄊㄧㄝˇ
009128,ㄓㄜˋ ㄌㄧˋ ㄅㄧˇ ㄐㄧㄠˋ ㄧㄣˇ ㄅㄧˋ ㄧㄡˋ ㄔㄡˋ ㄏㄣˊ ㄕㄠˇ ㄖㄣˊ ㄌㄞˊ ㄓㄜˋ ㄌㄧˇ
009129,ㄒㄩㄜˊ ㄉㄠˋ ㄔㄥˊ ㄔㄨˊ ㄈㄚˇ ㄕˊ ㄐㄧㄡˋ ㄏㄨㄟˋ ㄅㄟˋ ㄐㄧㄡˊ ㄐㄧㄡˇ ㄔㄥˊ ㄈㄚ ㄅㄧㄠˇ
009130,ㄙㄢ ㄕˋ ㄍㄠˊ ㄏㄠˇ ㄓㄞˊ ㄐㄧˋ ㄉㄧˋ ㄊㄨㄟˋ ㄔㄨ ㄉㄜ˙ ㄗ ㄐㄧㄣ ㄔㄡˊ ㄘㄨㄛˋ
009131,ㄧㄡˇ ㄨㄤˊ ㄧㄡˇ ㄨㄣˋ ㄋㄥˊ ㄅㄨˋ ㄋㄥˊ ㄏㄨㄟˊ ㄧˋ ㄐㄧˇ ㄐㄧㄢˋ ㄌㄧㄡˊ ㄧㄤˊ ㄗㄞˋ ㄒㄩㄋˊ ㄒㄧㄤˋ ㄌㄧˇ ㄉㄜ˙ ㄑㄩˋ ㄕˋ ㄏㄨㄛˋ ㄑㄧㄡˇ ㄕˋ
009132,ㄗˋ ㄌㄧㄠˋ ㄒㄧㄢˇ ㄕˋ ㄐㄧㄥ ㄏㄨˋ ㄍㄠ ㄊㄧㄝˇ ㄌㄤˊ ㄈㄤˊ ㄉㄨㄢˋ ㄑㄨㄢˊ ㄔㄤˊ ㄙㄢ ㄕˋ ㄉㄧㄢˇ ㄙㄢ ㄙˋ ㄦˋ ㄍㄨㄥ ㄌㄧˋ
009133,ㄌㄠˇ ㄗ˙ ㄔㄨ ㄑㄧˋ ㄦˊ ㄗˋ ㄒㄧㄝˋ ㄑㄧˋ ㄌㄧㄥˊ ㄕㄢ ㄕㄨㄛ ㄨㄛˊ ㄈㄢˇ ㄓㄥˋ ㄅㄨˊ ㄩㄥˋ ㄍㄨㄥ ㄨㄛˇ ㄅㄨˊ ㄋㄧㄢˋ ㄌㄜ˙
009134,ㄊㄚˋ ㄖㄨˋ ㄏㄨㄚ ㄊㄢˊ ㄓㄜˇ ㄈㄚˊ ㄎㄨㄢˇ ㄙㄢ ㄩㄢˊ
009135,ㄉㄧˋ ㄙㄢ ㄊㄧㄢ ㄒㄧㄠˇ ㄉㄨㄥ ㄈㄚ ㄖㄜˋ ㄎㄜˊ ㄙㄡˋ ㄇㄚˊ ㄇㄚ˙ ㄍㄢˊ ㄐㄧㄣˇ ㄉㄞˋ ㄊㄚ ㄑㄩˋ ㄉㄤ ㄉㄧˋ ㄉㄜ˙ ㄓㄣˋ ㄧ ㄩㄢˋ ㄐㄧㄡˋ ㄓㄣˇ
009136,ㄙ ㄌㄧˋ ㄧㄠˊ ㄍㄠˋ ㄙㄨˋ ㄐㄧˋ ㄓㄜˇ ㄉㄧㄢˋ ㄉㄨㄥˋ ㄙㄢ ㄌㄨㄣˋ ㄔㄜˋ ㄗㄞˋ ㄎㄨㄞˋ ㄉㄧˋ ㄕˋ ㄔㄤˇ ㄉㄜ˙ ㄕㄥ ㄇㄧㄥˋ ㄌㄧˋ ㄈㄟ ㄔㄤˊ ㄨㄤˋ ㄕㄥˋ
009137,ㄘˇ ㄨㄞˋ ㄉㄚ ㄕㄡˋ ㄅㄟˋ ㄐㄧㄠˋ ㄊㄧㄥˊ ㄌㄧˋ ㄩㄥˋ ㄌㄧˇ ㄘㄞˊ ㄔㄢˊ ㄆㄧㄣˇ ㄍㄠ ㄒㄧ ㄌㄢˊ ㄔㄨˇ ㄉㄜ˙ ㄒㄧㄢˋ ㄒㄧㄤˋ ㄧㄝˇ ㄐㄧㄤ ㄅㄟˋ ㄜˋ ㄓˋ
009138,ㄌㄧㄡˋ ㄕˋ ㄔㄨㄤˋ ㄒㄧㄣ ㄙ ㄨㄟˊ ㄊㄨㄟ ㄔㄨ ㄔㄤˊ ㄍㄨㄟ ㄉㄜ˙ ㄐㄧㄝˊ ㄕˋ ㄏㄨㄛˊ ㄉㄨㄥˋ ㄗㄥ ㄑㄧㄤˊ ㄊㄧˇ ㄩˋ ㄙㄞˋ ㄕˋ ㄉㄜ˙ ㄔㄨㄤˋ ㄧˋ ㄏㄜˊ ㄕㄜˋ ㄐㄧˇ
009139,ㄘㄨˋ ㄅㄨˋ ㄐㄧˊ ㄈㄤˊ ㄉㄜ˙ ㄊㄚ ㄑㄧˊ ㄊㄨㄟˋ ㄌㄧㄤˇ ㄅㄨˋ
009140,ㄖㄨˊ ㄍㄨㄛˇ ㄅㄨˋ ㄋㄥˊ ㄘㄨㄥˊ ㄓㄜˋ ㄧˋ ㄐㄧㄢˋ ㄎㄢˋ ㄉㄠˋ ㄌㄧㄝˋ ㄖㄣˊ ㄉㄜ˙ ㄧㄡˊ ㄨˇ ㄋㄚˋ ㄓㄜˋ ㄊㄡˊ ㄕ ㄗ˙ ㄐㄧㄡˋ ㄅㄣˋ ㄉㄢˋ ㄉㄠˋ ㄐㄧㄚ ㄌㄜ˙
009141,ㄓㄜˋ ㄧㄤˋ ㄉㄜ˙ ㄊㄧㄠˊ ㄓㄥˇ ㄈㄤ ㄕˋ ㄅㄧˇ ㄐㄧㄠˋ ㄨㄣˊ ㄊㄨㄛˇ
009142,ㄕㄨㄛ ㄧㄥ ㄩˊ ㄏㄠˇ ㄋㄢˊ ㄛ˙ ㄨㄛˇ ㄓㄥˋ ㄗㄞˋ ㄒㄩㄜˊ ㄒㄧˊ ㄓㄨㄥ
009143,ㄅㄢˋ ㄈㄚˇ ㄍㄨㄟˋ ㄉㄧㄥˋ ㄌㄜ˙ ㄋㄨㄥˊ ㄔㄢˊ ㄆㄧㄣˇ ㄗㄥ ㄓ ㄕㄨㄟˋ ㄐㄧㄣˋ ㄒㄧㄤˋ ㄕㄨㄟˋ ㄜˊ ㄏㄜˊ ㄉㄧㄥˋ ㄈㄤ ㄈㄚˇ
009144,ㄗㄨㄟˋ ㄏㄡˋ ㄏㄢˊ ㄓㄜˋ ㄌㄟˋ ㄨㄣˋ ㄌㄜ˙ ㄐㄩˋ ㄕㄨㄟˊ ㄐㄧㄚ ㄉㄜ˙ ㄒㄩㄥˊ ㄏㄞˊ ㄗ˙ ㄐㄧㄠˋ ㄒㄧ ㄗㄠˇ ㄅㄨˊ ㄉㄚˋ ㄈㄢ ㄍㄜ˙ ㄊㄨˇ ㄨˊ
009145,ㄉㄨㄟˋ ㄩˊ ㄩˇ ㄧㄥˋ ㄘㄞˇ ㄦˇ ㄉㄜ˙ ㄏㄨㄟ ㄧㄣ ㄊㄚ ㄏㄣˊ ㄧㄡˇ ㄗˋ ㄒㄧㄣˋ ㄉㄜ˙ ㄕㄨㄛ ㄐㄧㄝˊ ㄏㄨㄣ ㄐㄧㄡˋ ㄕˋ ㄧˊ ㄅㄟˋ ㄗ˙ ㄉㄜ˙ ㄕˋ
009146,ㄢˇ ㄇㄣ˙ ㄙㄢ ㄋㄧㄢˊ ㄉㄚˋ ㄒㄩㄜˊ ㄐㄧㄥˋ ㄙㄨㄢˋ ㄕㄨˋ ㄒㄩㄜˊ ㄊㄧˊ ㄌㄜ˙
009147,ㄒㄧㄢˋ ㄗㄞˋ ㄌㄧㄢˊ ㄐㄧ ㄑㄧˋ ㄖㄣˊ ㄧㄝˇ ㄧㄠˋ ㄅㄟˋ ㄘㄨㄟ ㄏㄨㄣ ㄌㄜ˙ ㄇㄚ˙
009148,ㄍㄤ ㄋㄨㄥˋ ㄌㄜ˙ ㄍㄜˋ ㄈㄟ ㄔㄤˊ ㄏㄠˇ ㄔ ㄉㄜ˙ ㄖㄡˋ ㄅㄠ ㄗ˙
009149,ㄓㄜˋ ㄓㄨㄥˇ ㄉㄢˋ ㄐㄧㄥ ㄕㄡˋ ㄆㄚˋ ㄉㄜ˙ ㄖˋ ㄗ˙ ㄏㄜˊ ㄕˊ ㄌㄧㄠˇ
009150,ㄗㄨㄟˋ ㄏㄡˋ ㄏㄞˊ ㄧㄠˋ ㄐㄧㄥ ㄍㄨㄛˋ ㄕㄨㄚ ㄒㄧˇ ㄘㄞˊ ㄋㄥˊ ㄆㄥ ㄖㄣˋ
009151,ㄉㄤ ㄖㄢˊ ㄕˋ ㄇㄤˊ ㄓㄜˋ ㄒㄩㄜˊ ㄒㄧˊ ㄅㄧㄢˋ ㄉㄜ˙ ㄍㄥˋ ㄅㄤˋ ㄌㄡ˙
009152,ㄊㄚ ㄕˋ ㄌㄧˇ ㄅㄧㄢ ㄉㄜ˙ ㄨ ㄨㄛˇ ㄕˋ ㄨㄞˋ ㄅㄧㄢ ㄉㄜ˙ ㄕㄚ ㄈㄚ
009153,ㄓㄥˋ ㄏㄠˇ ㄑㄩ ㄨㄟˋ ㄌㄧˇ ㄉㄜ˙ ㄧˊ ㄍㄜ˙ ㄉㄟˋ ㄅㄨˋ ㄎㄢ ㄨˊ ㄧㄠˋ ㄖㄣˊ ㄌㄧㄣˊ ㄈㄨˋ ㄖㄨㄥˊ ㄕㄥ ㄅㄧㄢ ㄐㄧˋ ㄅㄧㄥˋ ㄐㄩˇ ㄐㄧㄚ ㄅㄢ ㄑㄧㄢ
009154,ㄉㄠˋ ㄏㄨㄣˊ ㄔㄨㄣ ㄕㄡˇ ㄒㄧㄢ ㄍㄢˇ ㄕㄨㄛ ㄉㄠˋ ㄉㄜ˙ ㄕˋ ㄏㄨㄣˊ ㄔㄨㄣ ㄧㄢˊ ㄉㄜ˙ ㄋㄚˋ ㄈㄣˋ ㄗˋ ㄏㄠˊ ㄍㄢˇ ㄕˇ ㄇㄧㄥˋ ㄍㄢˇ
009155,ㄓㄜˋ ㄐㄧㄡˋ ㄧˋ ㄨㄟˋ ㄓㄜ˙ ㄐㄧㄣ ㄏㄡˋ ㄍㄨㄥ ㄇㄧㄣˊ ㄎㄜˊ ㄧˇ ㄅㄨˋ ㄘㄢˊ ㄐㄧㄚ ㄐㄧㄚˋ ㄒㄧㄠˋ ㄆㄟˊ ㄒㄩㄋˋ ㄦˊ ㄓˊ ㄐㄧㄝ ㄌㄨㄛˊ ㄎㄠˇ ㄐㄧㄚˋ ㄓㄠˋ
009156,ㄊㄚ ㄕㄡˇ ㄅㄨˋ ㄉㄜ˙ ㄏㄨㄚ ㄧˋ ㄈㄣ ㄑㄧㄢˊ ㄉㄡ ㄅㄚˇ ㄑㄧㄢˊ ㄗㄢˊ ㄑㄧˇ ㄌㄞˊ ㄍㄟˊ ㄇㄨˇ ㄑㄧㄣ ㄓˋ ㄅㄧㄥˋ
009157,ㄉㄤ ㄖㄢˊ ㄓㄜˋ ㄅㄨˋ ㄋㄥˊ ㄑㄨㄢˊ ㄍㄨㄞˋ ㄓㄤˋ ㄧˋ ㄇㄡˊ ㄓˇ ㄍㄨㄞˋ ㄗˋ ㄐㄧˇ ㄓ ㄕˋ ㄊㄞˋ ㄆㄧㄣˊ ㄈㄚˇ
009158,ㄓㄜˋ ㄐㄩㄜˊ ㄉㄨㄟˋ ㄕˋ ㄕㄡˋ ㄉㄠˋ ㄌㄜ˙ ㄊㄚ ㄆㄞ ㄕㄜˋ ㄉㄜ˙ ㄐㄧㄥ ㄙㄨㄥˇ ㄆㄧㄢ ㄗˇ ㄓㄞˊ ㄉㄜ˙ ㄧㄥˊ ㄒㄧㄤˇ
009159,ㄗㄞˋ ㄈㄨˋ ㄕˋ ㄎㄤ ㄧˇ ㄊㄧㄢ ㄎㄞ ㄏㄨㄟˋ ㄍㄨㄥ ㄓㄤˇ ㄨㄣˋ ㄊㄚ ㄨㄟˋ ㄕㄣˊ ㄇㄜ˙ ㄗㄨㄥˇ ㄕˋ ㄒㄧㄠˋ ㄇㄧ ㄇㄧ ㄉㄜ˙
009160,ㄧㄣ ㄨㄟˋ ㄏㄨㄥˊ ㄈㄢ ㄑㄧㄝˊ ㄨㄞˋ ㄇㄧㄢˋ ㄕˋ ㄏㄨㄥˊ ㄉㄜ˙ ㄖㄣˊ ㄏㄡˋ ㄑㄧˊ ㄕˋ ㄈㄢ ㄑㄧㄢˊ ㄌㄧˇ ㄇㄧㄢˋ ㄧㄝˇ ㄕˋ ㄏㄨㄥˇ ㄉㄜ˙
009161,ㄔㄢˊ ㄕ ㄋㄚˊ ㄔㄨˋ ㄌㄜ˙ ㄧˊ ㄍㄜ˙ ㄔㄚ ㄗ˙ ㄕㄣˊ ㄇㄜ˙ ㄧㄝˇ ㄅㄨˋ ㄕㄨㄛ ㄋㄧㄢˊ ㄑㄧㄥ ㄖㄣˊ ㄏㄨㄤˇ ㄖㄢˊ ㄉㄚˋ ㄨˋ
009162,ㄐㄧㄣ ㄨㄢˊ ㄋㄧˇ ㄗㄞˋ ㄓㄜˋ ㄧㄤ˙ ㄕㄨㄟˋ ㄕㄚ ㄈㄚ ㄑㄩˋ
009163,ㄕㄜˋ ㄗㄞˋ ㄏㄜˊ ㄉㄠˋ ㄓㄨㄥ ㄧㄤ ㄉㄜ˙ ㄕㄞˋ ㄒㄧ ㄉㄧㄢˇ
009164,ㄅㄨˋ ㄈㄚ ㄉㄧㄠˇ ㄧˋ ㄐㄧㄢˋ ㄐㄧㄣˊ ㄅㄧㄠˇ ㄕˋ ㄓ ㄔˊ
009165,ㄊㄚ ㄍㄤ ㄘㄞˊ ㄏㄞˊ ㄒㄧㄥˋ ㄗㄞˋ ㄌㄜˋ ㄏㄨㄛˋ ㄒㄧㄢˋ ㄗㄞˋ ㄗˋ ㄐㄧˊ ㄩㄝˇ ㄗㄠ ㄉㄠˋ ㄊㄨㄥˊ ㄧㄤˋ ㄅㄨˇ ㄒㄧㄥˋ ㄅㄣ˙ ㄇㄧㄥˋ ㄩㄥˋ ㄌㄜ˙
009166,ㄏㄣˇ ㄎㄨㄞˋ ㄚ ㄔㄥˊ ㄍㄨㄥ ㄍㄨㄥˇ ㄢ ㄑㄨㄢˊ ㄓㄨㄢ ㄐㄧㄚ ㄐㄩˊ ㄏㄨㄟˋ ㄋㄧㄥˊ ㄆㄞˋ ㄔㄨ ㄙㄨㄛˇ ㄇㄧㄣˊ ㄐㄧㄥˇ ㄐㄧㄡˋ ㄍㄢˇ ㄉㄠˋ ㄌㄜ˙
009167,ㄓㄠˋ ㄆㄧㄢˋ ㄓㄨㄥ ㄌㄧˇ ㄏㄨㄥˊ ㄐㄧ ㄏㄜˇ ㄓㄤ ㄍㄣ ㄕㄨㄛˋ ㄌㄧㄤˇ ㄖㄣˊ ㄓㄢˋ ㄗㄞˋ ㄓㄨㄥ ㄐㄧㄢ ㄗㄨㄛˋ ㄎㄜˇ ㄞˋ ㄌㄧㄝˊ ㄗㄨㄟˇ ㄓㄨㄤˋ
009168,ㄅㄨˋ ㄕㄠˇ ㄨㄟˋ ㄍㄨㄢ ㄓㄜˋ ㄏㄠˇ ㄧㄢˊ ㄒㄧㄤ ㄑㄨㄢˋ ㄒㄧㄠˇ ㄏㄨㄛˇ ㄅㄨˊ ㄉㄢˋ ㄅㄨˋ ㄊㄧㄥ ㄗㄨㄟˊ ㄌㄧˇ ㄏㄞˊ ㄇㄚˋ ㄇㄚˇ ㄌㄧˋ ㄌㄧㄝˋ
009169,ㄩˇ ㄨˊ ㄌㄨㄣˊ ㄘˋ ㄕㄨㄛ ㄔㄨ ㄒㄧㄠˇ ㄌㄧˋ ㄘㄢˊ ㄙˇ ㄒㄧㄠ ㄒㄧ˙ ㄙㄨㄟˊ ㄐㄧˊ ㄒㄧㄤˋ ㄙㄨㄥ ㄊㄠˊ ㄒㄧㄢˋ ㄍㄨㄥ ㄢ ㄐㄩˊ ㄅㄠˋ ㄐㄧㄥˇ
009170,ㄋㄚˋ ㄊㄧㄢ ㄕˋ ㄧˋ ㄋㄧㄢˊ ㄧˊ ㄉㄨˋ ㄉㄜ˙ ㄍㄠ ㄎㄠˇ ㄕㄤˋ ㄨˊ ㄎㄠˇ ㄨㄢˊ ㄏㄡˋ ㄒㄧㄠˇ ㄇㄧㄥˊ ㄕㄨㄛ ㄎㄠˇ ㄉㄜ˙ ㄈㄟ ㄔㄤˊ ㄌㄢˋ
009171,ㄅㄨˋ ㄍㄨㄢˇ ㄒㄧㄢˋ ㄕˊ ㄉㄨㄛ ㄇㄛˋ ㄈㄢˊ ㄈㄨˋ ㄏㄜˊ ㄖㄨㄥˇ ㄇㄣˋ ㄊㄚ ㄉㄨㄛ ㄧㄠˋ ㄕˊ ㄔㄤˊ ㄑㄩˋ ㄨㄤˇ ㄌㄧˋ ㄧˇ ㄍㄜ˙ ㄕˋ ㄐㄧㄝˋ
009172,ㄩˊ ㄘˇ ㄊㄨㄥˊ ㄕˊ ㄒㄧㄠ ㄕㄡˋ ㄏㄨㄟˊ ㄋㄨㄢˇ ㄕˋ ㄈㄤˊ ㄑㄧˇ ㄉㄜ˙ ㄗ ㄐㄧㄣ ㄧㄚˋ ㄌㄧˋ ㄉㄜˊ ㄉㄠˋ ㄐㄧˊ ㄉㄚˋ ㄏㄨㄢˊ ㄐㄧㄝˇ
009173,ㄓㄨㄢˇ ㄋㄧㄢˋ ㄒㄧㄤˇ ㄓㄜˋ ㄓㄨㄥˇ ㄒㄧㄤˊ ㄈㄚˇ ㄅㄨˋ ㄇㄧㄢˇ ㄆㄧㄢ ㄐㄧ ㄕㄤˋ ㄏㄞˇ ㄉㄜ˙ ㄐㄧㄠˋ ㄩˋ ㄅㄨˊ ㄉㄞˋ ㄅㄧㄠˇ ㄓㄨㄥ ㄍㄨㄛˊ ㄉㄜ˙
009174,ㄧㄤˇ ㄇㄧˋ ㄉㄤ ㄓㄜˋ ㄨˊ ㄎㄨㄟˋ ㄉㄜ˙ ㄖㄣˊ ㄑㄧˋ ㄋㄩˇ ㄒㄧㄥ ㄘㄨㄢ ㄏㄨㄥˊ ㄙㄨˋ ㄉㄨˋ ㄏㄜˊ ㄉㄚˇ ㄐㄧㄣ ㄇㄧㄢˋ ㄋㄢˊ ㄧ ㄑㄧˇ ㄐㄧˊ
009175,ㄉㄧˊ ㄈㄨˋ ㄕㄨㄢ ㄉㄤˋ ㄐㄧˊ ㄐㄧㄡˋ ㄓㄠˇ ㄉㄠˋ ㄌㄜ˙ ㄊㄨㄥˊ ㄘㄨㄣ ㄉㄜ˙ ㄍㄨㄤ ㄍㄨㄣˋ ㄏㄢˋ ㄈㄥˊ ㄇㄡˇ ㄈㄥˊ ㄇㄡˊ ㄅㄧㄠˇ ㄕˋ ㄊㄨㄥˊ ㄧˋ
009176,ㄇㄧㄢˋ ㄉㄨㄟˋ ㄩˋ ㄇㄧˇ ㄉㄜ˙ ㄖㄜˋ ㄑㄧㄥˊ ㄙˋ ㄏㄨ ㄧㄡˇ ㄒㄧㄝ ㄆㄧˊ ㄅㄟˋ ㄉㄜ˙ ㄌㄧˊ ㄩˇ ㄔㄨㄣ ㄅㄧㄠˇ ㄑㄧㄥˊ ㄧˋ ㄓˊ ㄧㄡˇ ㄒㄧㄝ ㄇㄨˋ ㄋㄜˋ
009177,ㄇㄨˋ ㄑㄧㄢˊ ㄓㄡ ㄅㄧㄢ ㄍㄜˋ ㄕㄥˇ ㄕˋ ㄉㄜ˙ ㄔㄤˊ ㄊㄨˊ ㄔㄜ ㄓㄢˋ ㄧˇ ㄕˊ ㄒㄧㄥˊ ㄕˊ ㄇㄧㄥˊ ㄍㄡˋ ㄆㄧㄠˋ ㄐㄧㄣˋ ㄓㄢˋ ㄢ ㄑㄧㄢˇ
009178,ㄧㄡˊ ㄩˊ ㄨˊ ㄈㄚˇ ㄐㄧㄣˋ ㄖㄨˋ ㄓˇ ㄏㄨㄟ ㄅㄨˋ ㄊㄚ ㄇㄣ˙ ㄕㄣˋ ㄓˋ ㄏㄜˊ ㄓㄚˋ ㄌㄢ˙ ㄉㄨㄟˋ ㄇㄧㄢˋ ㄉㄜ˙ ㄅㄠˇ ㄢ ㄉㄧㄥˊ ㄑㄧˇ ㄌㄜ˙ ㄋㄧㄡˊ
009179,ㄨㄤˊ ㄧㄡˇ ㄒㄧㄠˊ ㄊㄠˇ ㄧㄢˋ ㄓㄡ ㄕㄨㄛ ㄏㄞˊ ㄏㄠˇ ㄨㄛˇ ㄇㄣ˙ ㄉㄜ˙ ㄇㄟˇ ㄘˋ ㄐㄧㄚˋ ㄑㄧㄝ ㄏㄨㄟˋ ㄌㄞˋ ㄉㄡ ㄏㄨㄟˋ ㄔㄞ ㄒㄧㄚˋ ㄌㄞˊ ㄒㄧˇ ㄧㄡˊ
009180,ㄓㄜˋ ㄘˋ ㄠˋ ㄩㄣˋ ㄍㄨㄥ ㄔㄥˊ ㄐㄧㄢˋ ㄕㄜˋ ㄎㄜˊ ㄧˇ ㄕㄨㄛ ㄕˋ ㄨㄛˇ ㄇㄣ˙ ㄍㄜˋ ㄒㄧㄤˋ ㄏㄨㄢˊ ㄅㄠˇ ㄒㄧㄣ ㄐㄧˋ ㄕㄨˋ ㄧㄥˋ ㄩㄥˋ ㄉㄜ˙ ㄉㄚˋ ㄑㄨㄢˊ
009181,ㄕˋ ㄏㄡˋ ㄓㄤ ㄐㄧㄢˋ ㄅㄟˋ ㄓㄨㄢˇ ㄉㄨㄢˋ ㄧㄡˋ ㄍㄨˊ ㄍㄨˊ ㄐㄧㄥˇ ㄔㄨ ㄍㄨˇ ㄓㄜˊ ㄗㄞˋ ㄧ ㄩㄢˋ ㄐㄧㄣˋ ㄒㄧㄥˊ ㄌㄜ˙ ㄕㄡˇ ㄕㄨˋ ㄓˋ ㄌㄧㄠˇ
009182,ㄋㄧˇ ㄓㄜˋ ㄍㄜˋ ㄩㄝˋ ㄍㄨㄥ ㄗˋ ㄉㄡˋ ㄇㄟˊ ㄕㄤˋ ㄐㄧㄠ ㄋㄧˇ ㄕˋ ㄅㄨˋ ㄕˋ ㄧㄤˊ ㄒㄧㄠˇ ㄙㄢ ㄌㄜ˙
009183,ㄨㄛˇ ㄇㄣ˙ ㄌㄠˇ ㄅㄢ ㄇㄟˊ ㄋㄚˋ ㄇㄜ˙ ㄧㄢˊ ㄏㄞˊ ㄊㄜˋ ㄅㄧㄝˊ ㄏㄠˇ ㄊㄚ ㄏㄨㄟˋ ㄅㄤ ㄋㄧˇ ㄒㄧㄚˋ ㄧˋ ㄒㄧㄝ ㄈㄨˋ ㄧㄡˇ ㄐㄧㄠˋ ㄩˋ ㄧˋ ㄧˋ ㄉㄜ˙ ㄉㄧㄢˋ ㄧㄥˇ
009184,ㄨㄛˇ ㄇㄣ˙ ㄌㄧㄢˊ ㄒㄧˋ ㄏㄠˇ ㄌㄜ˙ ㄌㄚ ㄙㄚˋ ㄋㄚˋ ㄅㄧㄢ ㄧㄡˊ ㄌㄧㄤˇ ㄍㄜ˙ ㄌㄩˊ ㄧㄡˇ ㄏㄨㄟˋ ㄗㄨㄛˋ ㄏㄠˇ ㄐㄧㄝ ㄧㄥˋ
009185,ㄊㄚ ㄉㄥˋ ㄉㄚˋ ㄧㄢˇ ㄐㄧㄥ˙ ㄆㄠˊ ㄒㄧㄠˋ ㄓㄜ˙ ㄈㄚ ㄔㄨ ㄨ ㄨ  ㄨ ㄕㄥ ㄩㄥˋ ㄓㄨㄚˇ ㄗ˙ ㄅㄠˇ ㄏㄨˋ ㄕˊ ㄨˋ
009186,ㄧㄡˇ ㄨㄢˊ ㄇㄟˊ ㄨㄢˊ ㄏㄞˊ ㄓㄜˋ ㄔㄜ ㄋㄜ˙ ㄅㄧㄝˊ ㄖㄨㄛˋ ㄨㄛˇ ㄧㄠˋ ㄔㄨ ㄌㄜ˙ ㄕˋ ㄍㄨˋ ㄗㄣˇ ㄇㄜ˙ ㄅㄢˋ
009187,ㄗㄨㄛˊ ㄗㄠˇ ㄕㄤˋ ㄌㄧㄡˊ ㄓˋ ㄇㄧㄣˇ ㄅㄧㄢˋ ㄒㄧㄢˋ ㄕㄣ ㄌㄧㄣˊ ㄊㄤˊ ㄉㄚˊ ㄉㄧㄢˇ ㄦˊ ㄗ˙ ㄩˇ ㄒㄧˊ ㄈㄨˋ ㄧㄝˇ ㄉㄠˋ ㄔㄤˇ
009188,ㄗㄞˋ ㄒㄧㄣ ㄋㄧㄢˊ ㄉㄜ˙ ㄉㄧ ㄔㄤˇ ㄍㄠ ㄎㄠˇ ㄐㄧㄠˋ ㄌㄧㄤˋ ㄓㄨㄥ ㄎㄠˇ ㄕㄥ ㄐㄧㄤ ㄧㄥˊ ㄌㄞˊ ㄧˋ ㄔㄤˇ ㄏㄢ ㄓㄢˋ
009189,ㄓㄨˋ ㄇㄧㄥˊ ㄉㄜ˙ ㄆㄧㄥ ㄊㄢˊ ㄌㄠˇ ㄐㄧㄤˋ ㄓㄨㄤ ㄗ˙ ㄉㄨㄥˋ ㄕˋ ㄉㄤ ㄋㄩㄢˊ ㄆㄧㄥ ㄆㄤ ㄨㄞˋ ㄐㄧㄠ ㄉㄜ˙ ㄍㄨㄥ ㄔㄣˊ
009190,ㄧㄣˊ ㄏㄞˊ ㄐㄧˋ ㄉㄜ˙ ㄋㄚˋ ㄒㄧㄝ ㄅㄟˋ ㄊㄧㄢˊ ㄔㄨㄢ ㄔㄥ ㄨㄟˊ ㄑㄧㄣ ㄒㄩㄥ ㄉㄧˋ ㄉㄜ˙ ㄈㄤˊ ㄅㄠˋ ㄉㄨㄟˋ ㄩㄢˊ ㄇㄚ˙
009191,ㄔㄨㄥ ㄊㄨ ㄓㄨㄥ ㄑㄧˊ ㄓㄨㄥ ㄧˋ ㄈㄤ ㄉㄜ˙ ㄅㄤ ㄕㄡˇ ㄨˇ ㄐㄧㄤ ㄧˋ ㄇㄧㄥˊ ㄎㄢˋ ㄖㄜˋ ㄋㄠˋ ㄉㄜ˙ ㄕˋ ㄇㄧㄣˊ ㄉㄚˇ ㄕㄤ
009192,ㄉㄢˋ ㄨㄛˇ ㄇㄣ˙ ㄗㄨㄥˇ ㄅㄨˋ ㄋㄥˊ ㄌㄩˇ ㄧㄡˊ ㄉㄜ˙ ㄕˊ ㄏㄡˋ ㄧㄝˇ ㄔㄨㄞˋ ㄍㄜˋ ㄏㄨˋ ㄎㄡˇ ㄅㄨˋ ㄅㄚ˙ ㄊㄞˋ ㄇㄚˇ ㄈㄢˋ ㄌㄜ˙
009193,ㄓㄠˋ ㄆㄧㄢˋ ㄓㄨㄥ ㄌㄧㄥˊ ㄉㄠˇ ㄓㄢˋ ㄗㄞˋ ㄕˊ ㄊㄡˋ ㄧㄣ ㄧㄥˇ ㄒㄧㄚˋ ㄉㄢˋ ㄌㄧㄢˇ ㄕㄤˋ ㄍㄨㄤˋ ㄒㄧㄢˋ ㄖㄥˊ ㄇㄧㄥˊ ㄏㄨㄤˊ ㄏㄨㄤˇ ㄉㄜ˙
009194,ㄐㄧㄝˋ ㄕˊ ㄋㄢˊ ㄐㄧㄥ ㄐㄧㄤ ㄔㄥˊ ㄨㄟˊ ㄑㄨㄢˊ ㄍㄨㄛˊ ㄗㄨㄟˋ ㄉㄚˋ ㄉㄜ˙ ㄅㄟˊ ㄉㄡ ㄔㄢˇ ㄧㄝˊ ㄧㄥˋ ㄧㄡˋ ㄈㄚ ㄓㄢˇ ㄐㄧ ㄉㄧˋ
009195,ㄊㄚ ㄅㄧㄥˋ ㄅㄨˋ ㄓ ㄉㄠˋ ㄧˇ ㄑㄧㄥˊ ㄏㄨㄞˊ ㄩㄣˋ ㄧˋ ㄓˊ ㄧˇ ㄨㄟˊ ㄕˋ ㄓㄤˇ ㄆㄤˋ ㄌㄜ˙
009196,ㄐㄩˋ ㄇㄧㄣˊ ㄐㄧㄥˇ ㄐㄧㄝˋ ㄕㄠˋ ㄑㄧˊ ㄏㄨㄛˇ ㄉㄧˋ ㄉㄧㄢˇ ㄨㄟˋ ㄌㄢˊ ㄎㄠˇ ㄖㄣˊ ㄩㄢˊ ㄌㄧˋ ㄏㄞˋ ㄐㄧㄚ
009197,ㄘㄨㄥˊ ㄉㄧˋ ㄦˋ ㄊㄧㄢ ㄎㄞ ㄕˇ ㄊㄚ ㄊㄧㄢ ㄊㄧㄢ ㄕㄤˋ ㄕㄢ ㄆㄟˊ ㄋㄩˇ ㄦˊ ㄕㄨㄛ ㄏㄨㄢˋ ㄏㄨㄚˋ
009198,ㄓㄜˋ ㄧˋ ㄨㄟˋ ㄓㄜ˙ ㄐㄧㄡˋ ㄙㄨㄢˋ ㄍㄨㄛˊ ㄇㄟˇ ㄉㄧㄢˋ ㄑㄧˋ ㄗㄥ ㄈㄚ ㄏㄨㄛˋ ㄉㄜ˙ ㄊㄨㄥˊ ㄧˋ ㄏㄨㄤˊ ㄐㄧㄚ ㄧㄝˊ ㄧㄡˇ ㄑㄧㄢˊ ㄎㄤˇ ㄍㄨㄛˋ ㄑㄩˋ
009199,ㄔㄨˊ ㄌㄜ˙ ㄓㄤˋ ㄆㄥ˙ ㄒㄧㄠˊ ㄉㄢˇ ㄉㄥˋ ㄩˊ ㄙㄢˇ ㄇㄧㄢˊ ㄠˇ ㄕㄡˇ ㄊㄠˋ ㄧˇ ㄐㄧˊ ㄇㄧㄢˊ ㄇㄠˋ ㄉㄥˇ ㄧㄝˇ ㄉㄡ ㄈㄣ ㄈㄣ ㄕㄤˋ ㄓㄣˋ
009200,ㄓㄜˋ ㄏㄞˊ ㄗ˙ ㄙㄨㄟˊ ㄕㄡˇ ㄘㄨㄥˊ ㄉㄡ ㄌㄧˇ ㄋㄚˊ ㄔㄨ ㄧˋ ㄩㄢˊ ㄑㄧㄢˊ ㄕㄨㄛ ㄨㄛˇ ㄍㄟˊ ㄋㄧˇ ㄧˋ ㄩㄢˊ ㄑㄧㄢˊ ㄋㄧˇ ㄗㄞˋ ㄧㄠˋ ㄨㄛˇ ㄎㄢˋ ㄏㄨㄚˋ ㄒㄧㄥˊ ㄇㄚ˙
009201,ㄦˊ ㄑㄧㄝˇ ㄅㄤˋ ㄇㄧㄥˊ ㄉㄨㄥˋ ㄗㄨㄛˋ ㄧㄠˋ ㄎㄨㄞˋ ㄧˋ ㄉㄧㄢˇ ㄉㄜ˙ ㄓㄜˋ ㄍㄜ˙ ㄅㄢ ㄏㄣˇ ㄉㄨㄛ ㄖㄣˊ ㄅㄠˋ ㄉㄜ˙
009202,ㄨㄤˊ ㄔㄠˊ ㄓㄨˋ ㄔㄨㄣˊ ㄆㄨˇ ㄉㄜ˙ ㄐㄧㄣˋ ㄏㄨ ㄇㄨˋ ㄇㄜˋ ㄑㄧㄥˊ ㄈㄢˋ ㄉㄜ˙ ㄗㄨˊ ㄅㄨˋ ㄔㄨ ㄏㄨˋ
009203,ㄈㄚ ㄙㄨㄥˋ ㄨㄢˊ ㄅㄧˋ ㄏㄡˋ ㄗˇ ㄒㄧˋ ㄉㄨˊ ㄌㄜ˙ ㄧˋ ㄅㄧㄢˋ ㄍㄢˇ ㄐㄩㄜˊ ㄇㄧㄥˊ ㄋㄧㄢˊ ㄨㄛˊ ㄎㄜˇ ㄋㄥˊ ㄧㄡˋ ㄧㄠˋ ㄧˊ ㄍㄜˋ ㄖㄣˊ ㄍㄨㄛˋ ㄑㄧㄥˊ ㄖㄣˊ ㄐㄧㄝˊ ㄌㄜ˙
009204,ㄧㄠˋ ㄏㄨㄟˊ ㄉㄚˇ ㄓㄜˋ ㄍㄜ˙ ㄨㄣˋ ㄐㄧˇ ㄕㄡˇ ㄒㄧㄢ ㄅㄧˋ ㄑㄩˋ ㄋㄨㄥˋ ㄑㄧㄥ ㄔㄨˇ ㄆㄧㄥˊ ㄓㄨㄣˇ ㄐㄧㄝ ㄐㄧㄣ ㄖㄨˋ ㄕˋ ㄍㄢ ㄩˋ ㄉㄜ˙ ㄇㄨˋ ㄉㄧˇ
009205,ㄐㄧㄥ ㄐㄧㄣ ㄍㄠ ㄙㄨˋ ㄗㄨㄟˋ ㄊㄨ ㄔㄨ ㄉㄜ˙ ㄧㄡ ㄕˋ ㄏㄜˊ ㄌㄧㄤˋ ㄉㄧㄢˇ ㄗㄞˋ ㄩˊ ㄓˊ ㄊㄨㄥ ㄊㄧㄢ ㄐㄧㄣ ㄍㄤˇ ㄐㄧˊ ㄓㄨㄤ ㄒㄧㄤ ㄇㄚˇ ㄊㄡˊ
009206,ㄨㄛˇ ㄋㄥˊ ㄍㄠˋ ㄙㄨˋ ㄋㄧˇ ㄇㄣ˙ ㄗㄠˇ ㄔㄣˊ ㄨㄛˇ ㄅㄚ˙ ㄔㄨ ㄇㄣˊ ㄍㄜˋ ㄨㄛˇ ㄕㄨㄛ ㄖㄤˋ ㄨㄛˇ ㄓㄨㄥ ㄨˇ ㄗˋ ㄐㄧˇ ㄔˊ ㄆㄠˋ ㄇㄧㄢˋ ㄇㄚ˙
009207,ㄨㄤ ㄧㄤˊ ㄑㄧㄤˊ ㄉㄧㄠˋ ㄧㄠˋ ㄗㄞˋ ㄉㄨㄟˋ ㄨˊ ㄅㄠˇ ㄓㄤˋ ㄕㄤˋ ㄍㄨㄥ ㄍㄨㄢ
009208,ㄋㄚˋ ㄌㄜ˙ ㄅㄢˋ ㄊㄧㄢ ㄋㄧㄣˊ ㄍㄢˇ ㄑㄧㄥˊ ㄕˋ ㄧㄝˋ ㄔㄚ
009209,ㄅㄚ ㄕˋ ㄖㄣˊ ㄉㄜ˙ ㄨㄟ ㄈㄥ ㄌㄨㄛˊ ㄅㄨˇ ㄅㄧㄠˊ ㄧㄢˇ ㄓㄢˇ ㄕˋ ㄌㄜ˙ ㄘㄠˇ ㄩㄢˊ ㄖㄣˊ ㄇㄧㄣˊ ㄉㄜ˙ ㄈㄥ ㄘㄞˇ
009210,ㄨㄛˇ ㄌㄩㄝˋ ㄉㄨㄥˇ ㄉㄢˋ ㄕˋ ㄏㄞˊ ㄅㄨˊ ㄊㄞˋ ㄏㄨㄟˋ
009211,ㄎㄜˇ ㄐㄧㄢˋ ㄏㄠˊ ㄏㄠˇ ㄒㄩㄜˊ ㄕㄥ ㄧㄝˇ ㄅㄨˋ ㄋㄥˊ ㄧㄠˋ
009212,ㄐㄧㄥˇ ㄔㄚˊ ㄐㄧㄤ ㄐㄧㄣˊ ㄒㄧˇ ㄙㄨㄥˋ ㄏㄨㄟ ㄐㄧㄚ ㄉㄢˋ ㄐㄩㄜˊ ㄐㄧㄤˋ ㄉㄜ˙ ㄨˊ ㄏㄞˇ ㄋㄢˊ ㄅㄨˊ ㄩㄢˋ ㄧˋ ㄎㄞ ㄇㄣˊ
009213,ㄗㄞˋ ㄌㄧㄢˊ ㄆㄨˇ ㄙㄨㄛˊ ㄧㄡˇ ㄩㄢˊ ㄍㄨㄥ ㄓㄨㄥ ㄍㄨㄥ ㄔㄥˊ ㄕ ㄏㄨㄛˋ ㄉㄜˊ ㄉㄜ˙ ㄏㄨㄟˇ ㄅㄠˋ ㄗㄨㄟˋ ㄨㄟˊ ㄈㄥ ㄏㄡˋ
009214,ㄨㄛˇ ㄇㄣ˙ ㄕˋ ㄌㄧㄣ ㄕㄨㄟˇ ㄉㄠˋ ㄓㄜˋ ㄌㄞˊ ㄒㄧˊ ㄗㄠˇ
009215,ㄐㄩㄜˊ ㄐㄧㄤˋ ㄉㄜ˙ ㄈㄨˋ ㄑㄧㄣˇ ㄧ ㄖㄢˊ ㄗㄞˋ ㄌㄨˋ ㄕㄤˋ
009216,ㄔㄨㄣ ㄌㄟˇ ㄏㄥ ㄧˋ ㄕㄥ ㄕㄨㄛ ㄘㄞˊ ㄈㄨˋ ㄉㄜ˙
009217,ㄦˊ ㄑㄧㄡ ㄧˊ ㄎㄜˇ ㄔㄣˊ ㄑㄧˊ ㄉㄥˇ ㄌㄠˊ ㄓㄨˇ ㄌㄧˋ ㄍㄥˋ ㄕˋ ㄒㄧㄢˇ ㄉㄜ˙ ㄘㄨㄛ ㄊㄨㄛˊ ㄒㄩˇ ㄉㄨㄛ
009218,ㄧㄡˊ ㄒㄧㄥˊ ㄗˋ ㄧ ㄐㄧㄡˇ ㄦˋ ㄙˋ ㄋㄧㄢˊ ㄐㄩˇ ㄅㄢˋ ㄧˇ ㄌㄞˊ ㄐㄧㄣ ㄋㄧㄢˊ ㄧˇ ㄕˋ ㄉㄧˋ ㄅㄚ ㄕˋ ㄌㄧㄡˋ ㄐㄧㄝˋ
009219,ㄡˋ ㄓㄜˋ ㄎㄜˇ ㄕˋ ㄍㄣˋ ㄋㄢˊ ㄠˊ ㄉㄜ˙ ㄖˋ ㄗ˙
009220,ㄧㄣ ㄨㄟˋ ㄨㄛˇ ㄓㄣ ㄐㄧˋ ㄅㄨˋ ㄑㄧㄥ ㄔㄨˇ ㄕㄨㄟˊ ㄗㄞˋ ㄋㄚˋ
009221,ㄑㄧㄤˇ ㄐㄧㄝˊ ㄉㄜ˙ ㄓㄨˊ ㄧˋ ㄕˋ ㄉㄨㄥˊ ㄇㄡˇ ㄔㄨˋ ㄉㄜ˙
009222,ㄏㄨㄛˋ ㄓㄜˇ ㄉㄧㄢˋ ㄉㄨㄥˋ ㄔㄜ ㄧㄝˇ ㄎㄜˊ ㄧˇ ㄖㄠˋ ㄒㄧㄥˊ
009223,ㄨㄛˊ ㄧㄝˇ ㄕˋ ㄧˊ ㄍㄜˋ ㄨˊ ㄔˇ ㄉㄜ˙ ㄊㄞˊ ㄨㄢ ㄩㄢˊ ㄋㄚˋ
009224,ㄊㄚ ㄓˇ ㄔㄥ ㄊㄞˋ ㄊㄞˋ ㄧˋ ㄏㄣˇ ㄒㄧㄣˋ ㄖㄣˋ ㄊㄚ
009225,ㄏㄡˋ ㄌㄞˊ ㄋㄩˇ ㄑㄧㄥ ㄋㄧㄢˊ ㄅㄟˋ ㄇㄧㄣˊ ㄐㄧㄥˇ ㄌㄚ ㄕㄤˋ ㄐㄧㄥˇ ㄔㄜ ㄉㄞˋ ㄨㄤˇ ㄆㄞˋ ㄔㄨ ㄙㄨㄛˇ ㄒㄧㄥˊ ㄐㄧㄡˇ
009226,ㄓˊ ㄉㄠˋ ㄨㄛˊ ㄗㄡˇ ㄉㄠˋ ㄌㄜ˙ ㄊㄚ ㄇㄣ˙ ㄎㄞ ㄕˇ ㄎㄜˊ ㄙㄡˋ ㄉㄜ˙ ㄉㄧˋ ㄈㄤˋ ㄨㄛˊ ㄧㄝˇ ㄎㄜˇ ㄙㄡˋ ㄌㄜ˙
009227,ㄌㄨㄥˊ ㄏㄨˊ ㄨㄤˇ ㄐㄧˋ ㄓㄜˇ ㄐㄧㄤ ㄐㄧˋ ㄑㄩˋ ㄍㄨㄢ ㄓㄨˋ
009228,ㄨㄤˊ ㄈㄟ ㄉㄠˋ ㄒㄧㄤ ㄍㄤˇ ㄉㄚˋ ㄔㄨ ㄒㄧㄝˇ ㄗㄞˋ ㄇㄧㄥˊ ㄉㄧㄢˋ ㄎㄨㄤˊ ㄙㄠˊ ㄌㄧㄤˇ ㄉㄚˋ ㄉㄞˋ ㄓㄢˋ ㄌㄧˋ ㄆㄧㄣˇ
009229,ㄋㄧˊ ㄅㄛˊ ㄦˇ ㄈㄚ ㄕㄥ ㄒㄩㄜˇ ㄅㄤ ㄉㄜ˙ ㄉㄧˋ ㄉㄧㄢˇ
009230,ㄨㄛˇ ㄇㄣ˙ ㄔㄨ ㄌㄞ˙ ㄎㄢˋ ㄊㄚ ㄏㄞˊ ㄏㄡˊ ㄨㄛˇ ㄇㄣ˙
009231,ㄐㄧㄠˇ ㄕㄤˋ ㄕˋ ㄇㄧㄢˊ ㄅㄨˋ ㄨㄚˋ ㄗ˙ ㄏㄜˊ ㄆㄧˊ ㄒㄧㄝˊ
009232,ㄞ ㄈㄨˋ ㄌㄨㄥˊ ㄉㄜ˙ ㄦˊ ㄗ˙ ㄕㄨㄛ ㄊㄚ ㄉㄜ˙ ㄇㄨˇ ㄑㄧㄣ ㄧㄣ ㄈㄟˋ ㄧㄢˊ ㄅㄧㄥˋ ㄕˋ ㄗㄞˋ ㄇㄢˋ ㄏㄚ ㄉㄨㄣˋ
009233,ㄒㄩㄥ ㄇㄟˋ ㄌㄧㄚˇ ㄕㄡ ㄕˋ ㄏㄠˇ ㄆㄨ ㄍㄞˋ ㄩㄥˋ ㄐㄧㄚˋ ㄗˇ ㄔㄜ ㄌㄚ ㄓㄜ˙ ㄈㄨˋ ㄑㄧㄣ ㄑㄩˋ ㄕㄤˋ ㄒㄩㄜˊ
009234,ㄅㄨˊ ㄕˋ ㄌㄟˋ ㄌㄜ˙ ㄅㄨˊ ㄕˋ ㄍㄡˋ ㄌㄜ˙ ㄓˇ ㄓ ㄉㄠˋ ㄈㄨˋ ㄇㄨˊ ㄧㄡˇ ㄉㄨㄛ ㄅㄨˋ ㄖㄨㄥˊ ㄧˋ ㄌㄜ˙
009235,ㄕㄣ ㄓㄣˋ ㄕˋ ㄖㄣˊ ㄉㄞˋ ㄉㄞˋ ㄅㄧㄠˇ ㄨㄥ ㄒㄧㄠˇ ㄅㄛ ㄗㄜˊ ㄅㄧㄠˇ ㄉㄚˇ ㄌㄜ˙ ㄅㄨˋ ㄊㄨㄥˊ ㄉㄜ˙ ㄍㄨㄢ ㄊㄧㄢˇ
009236,ㄆㄧㄠˊ ㄗ ㄐㄧㄡˋ ㄕˋ ㄕㄜˋ ㄏㄨㄟˋ ㄕㄨˋ ㄏㄜˊ ㄉㄚˋ ㄒㄧㄠˇ
009237,ㄨㄟˋ ㄏㄜˊ ㄇㄟˊ ㄧㄡˇ ㄧˋ ㄐㄧㄚ ㄓㄨㄥ ㄍㄨㄛˊ ㄑㄧˇ ㄧㄝˋ ㄗㄨㄟˊ ㄅㄣˇ ㄐㄧㄝ ㄧㄚˋ ㄧㄡˋ ㄏㄨㄟˋ ㄉㄜ˙ ㄗㄢˋ ㄓㄨˋ ㄕㄤ ㄋㄜ˙
009238,ㄍㄞˊ ㄗㄨˇ ㄍㄨㄟ ㄇㄛˊ ㄩˋ ㄐㄧˋ ㄐㄧㄣˇ ㄒㄧㄢˋ ㄕㄨˋ ㄖㄣˊ
009239,ㄉㄚˊ ㄙㄠˇ ㄨ ㄗ˙ ㄕˋ ㄉㄨㄟˋ ㄗˋ ㄐㄧˇ ㄈㄨˋ ㄗㄜˊ ㄖㄨˊ ㄍㄨㄛˋ ㄧㄡˊ ㄕㄡˇ ㄨㄛˇ ㄧˊ ㄉㄧㄥˋ ㄌㄞˊ ㄅㄤ ㄋㄧˇ
009240,ㄍㄨㄥˇ ㄌㄧˋ ㄓㄤ ㄍㄨㄛˊ ㄖㄨㄥˊ ㄍㄚ ㄋㄚˋ ㄐㄧㄡˋ ㄓㄠˋ
009241,ㄉㄚˋ ㄖㄣˊ ㄇㄣ˙ ㄅㄨˋ ㄉㄨㄥˊ ㄨㄛˇ ㄇㄣ˙ ㄉㄜ˙ ㄕˋ ㄐㄧㄝˋ
009242,ㄅㄧㄝˊ ㄨㄛˊ ㄒㄧㄥˇ ㄌㄜ˙ ㄓㄡ ㄗ˙ ㄖㄨㄟˋ ㄐㄧˊ ㄉㄠˋ
009243,ㄓㄜˋ ㄌㄧˇ ㄘˋ ㄩㄢˊ ㄈㄨˋ ㄖㄠˊ ㄐㄧㄥˇ ㄙㄜˋ ㄧˊ ㄖㄣˊ
009244,ㄐㄧㄡˋ ㄕˋ ㄍㄨˋ ㄧˋ ㄅㄞˇ ㄋㄨㄥˋ ㄕˋ ㄍㄨˋ ㄧˋ ㄩㄢ ㄨㄤˋ
009245,ㄅㄧㄥ ㄇㄧㄢˋ ㄕㄤˋ ㄧㄝˇ ㄓㄨˊ ㄐㄧㄝˋ ㄖㄜˋ ㄋㄠˋ ㄑㄧˇ ㄌㄞˊ
009246,ㄧㄝˊ ㄒㄩˇ ㄕˋ ㄐㄩㄜˊ ㄉㄜ˙ ㄋㄚˋ ㄍㄜ˙ ㄍㄨ ㄋㄧㄤ˙ ㄅㄧˇ ㄐㄧㄠˋ ㄞˊ ㄒㄧㄠˇ ㄌㄧˊ ㄩㄥˇ ㄧㄢˋ ㄖㄨㄥˊ ㄇㄟˊ ㄧㄡˇ ㄏㄨㄟˋ ㄒㄧㄣˋ
009247,ㄨㄛˇ ㄕㄨㄛ ㄨㄛˇ ㄑㄩˋ ㄘㄜˋ ㄙㄨㄛˊ ㄌㄥˇ ㄐㄧㄥ ㄌㄤˇ ㄐㄧㄥˋ
009248,ㄓㄨˇ ㄧㄠˋ ㄩㄥˋ ㄗㄨㄛˋ ㄆㄧㄠˇ ㄅㄞˊ ㄐㄧˋ ㄈㄤˊ ㄈㄨˇ ㄐㄧˋ
009249,ㄅㄨˋ ㄊㄨㄛˇ ㄉㄤˋ ㄔㄨˋ ㄍㄜˋ ㄨㄟˋ ㄆㄥˊ ㄧㄡ˙ ㄏㄞˇ ㄏㄢˊ
009250,ㄓㄜˋ ㄇㄜ˙ ㄐㄧㄢˇ ㄉㄢ ㄧㄡˇ ㄕㄣˊ ㄇㄜ˙ ㄅㄨˋ ㄏㄨㄟˋ ㄉㄜ˙
009251,ㄑㄩˇ ㄉㄧㄠˋ ㄕˋ ㄒㄧㄢˋ ㄔㄥˊ ㄉㄜ˙ ㄉㄨㄥ ㄅㄟˋ ㄖㄣˊ ㄉㄨㄥ ㄋㄥˊ ㄏㄥ ㄏㄥˋ ㄐㄧˇ ㄐㄩˋ ㄉㄜ˙ ㄦˋ ㄖㄣˊ ㄓㄨㄢˋ
009252,ㄕㄤˋ ㄏㄞˇ ㄉㄜ˙ ㄏㄨˊ ㄆㄛ ㄉㄚˋ ㄉㄨㄛ ㄓㄢ ㄧㄢˇ ㄌㄜ˙ ㄕㄤˋ ㄏㄞˇ ㄖㄣˊ ㄇㄟˊ ㄒㄧㄠˇ ㄑㄧˋ ㄏㄜˊ ㄒㄧㄚˊ ㄞˋ
009253,ㄍㄨㄟˋ ㄗㄨˊ ㄔㄠˊ ㄊㄧㄥˊ ㄇㄧㄥˋ ㄍㄨㄢ ㄉㄜ˙ ㄙˇ ㄒㄧㄥˊ ㄔㄨˊ ㄈㄚˇ ㄗㄜˊ ㄉㄨㄛ ㄕˋ ㄘˋ ㄙˊ ㄇㄧㄢˇ ㄒㄧㄥˊ
009254,ㄓㄜˋ ㄎㄜˇ ㄕˋ ㄎㄞ ㄊㄧㄢ ㄆㄧˋ ㄉㄧˋ ㄊㄨㄥˊ ㄧˋ ㄏㄨㄟˊ
009255,ㄏㄨㄢˋ ㄓㄜˇ ㄕㄨˋ ㄏㄡˋ ㄕㄤˋ ㄕˊ ㄊㄧㄢ ㄖㄨㄣˊ ㄗㄞˋ ㄌㄧㄡˊ ㄒㄧㄝˇ ㄧㄥ ㄍㄞ ㄕˋ ㄑㄧˊ ㄓˋ ㄔㄨㄤ ㄙㄨㄛˇ ㄓˋ
009256,ㄉㄢˋ ㄩㄢˋ ㄊㄚ ㄉㄜ˙ ㄔㄢˋ ㄏㄨㄟˇ ㄕˋ ㄓㄣ ㄔㄥˊ ㄉㄜ˙
009257,ㄋㄧˊ ㄓㄤˇ ㄍㄨㄟˋ ㄧㄢˇ ㄐㄧㄥ ㄕˋ ㄔㄨ ㄑㄧˋ ㄉㄜ˙ ㄇㄚ˙
009258,ㄏㄣˊ ㄞˇ ㄉㄜ˙ ㄉㄞˋ ㄓˇ ㄧˊ ㄍㄜ˙ ㄒㄧㄠˇ ㄏㄞˊ ㄗ˙
009259,ㄍㄞ ㄔㄜ ㄑㄧㄢˊ ㄏㄡˋ ㄔㄜ ㄆㄞˊ ㄧˇ ㄅㄟˋ ㄓㄞ ㄉㄧㄠˋ ㄐㄧㄠ ㄐㄧㄥˇ ㄓㄥˋ ㄐㄧㄢˇ ㄔㄚˊ ㄔㄜ ㄌㄧㄤˋ ㄑㄧㄥˊ ㄎㄨㄤˋ
009260,ㄓㄣ ㄕˋ ㄉㄜ˙ ㄈㄟ ㄧㄤˋ ㄨㄛˇ ㄈㄤˋ ㄒㄧㄚˋ ㄕㄣ ㄉㄨㄢˋ
009261,ㄍㄨㄟ ㄕˋ ㄕㄣˊ ㄔㄞ ㄓㄜˋ ㄘˋ ㄚ ㄅㄧㄥ ㄋㄚˊ ㄔㄨ ㄌㄜ˙ ㄓㄢ ㄕ˙ ㄕㄣ ㄈㄣˋ ㄓㄥˋ ㄩㄥˋ ㄩˊ ㄉㄥ ㄐㄧˋ
009262,ㄑㄧˊ ㄓㄨㄥ ㄗㄨㄟˋ ㄎㄞ ㄒㄧㄥˊ ㄉㄨㄥˋ ㄉㄜ˙ ㄉㄤ ㄕㄨˇ ㄊㄧㄢ ㄇㄠ ㄉㄜ˙ ㄌㄠˇ ㄩㄢ ㄐㄧㄚˋ ㄐㄧㄥ ㄉㄨㄥ ㄕㄤˋ ㄔㄥˊ
009263,ㄓㄥˇ ㄍㄜˋ ㄔㄜˋ ㄒㄧㄤ ㄉㄡ ㄕˋ ㄋㄚˋ ㄍㄜˋ ㄨㄢˋ ㄢˊ ㄓˇ ㄗㄨㄛˋ ㄌㄜ˙ ㄧˊ ㄓㄢˋ ㄍㄢˊ ㄐㄧㄣˇ ㄏㄨㄢˋ ㄔㄜ ㄌㄜ˙
009264,ㄇㄨˋ ㄏㄜˊ ㄇㄚˇ ㄗㄞˋ ㄕㄨㄟˇ ㄓㄨㄥ ㄌㄧㄝˇ ㄓㄜ˙ ㄉㄚˋ ㄗㄨㄟˇ ㄏㄠˇ ㄒㄧㄤˋ ㄗㄞˋ ㄒㄧㄠˇ ㄧㄡˊ ㄎㄜˋ ㄇㄣ˙ ㄆㄠˊ ㄒㄧㄠˋ
009265,ㄉㄚˋ ㄔㄜ ㄙ ㄐㄧ ㄕˋ ㄒㄧ ㄢ ㄖㄣˊ ㄌㄩˊ ㄇㄡˇ
009266,ㄧㄢˊ ㄐㄧㄣˋ ㄐㄧˇ ㄓㄢˋ ㄋㄨㄛˊ ㄩㄥˋ ㄐㄧㄠˋ ㄕˋ ㄅㄧㄢ ㄓˋ
009267,ㄓㄜˋ ㄍㄜ˙ ㄈㄣ ㄒㄧ ㄐㄧ ㄅㄣˇ ㄍㄨㄥ ㄩㄣˇ ㄓㄨㄥ ㄌㄧˋ
009268,ㄨㄛˇ ㄇㄣ˙ ㄕˋ ㄒㄧㄥ ㄒㄧㄢˋ ㄧㄡˋ ㄦˊ ㄩㄢˊ ㄉㄜ˙ ㄒㄧㄠˇ ㄆㄥˊ ㄧㄡ˙
009269,ㄔㄨㄢˊ ㄕㄨㄛ ㄕˋ ㄨㄣˊ ㄕㄨ ㄆㄨˇ ㄙㄚˋ ㄉㄜ˙ ㄅㄧㄢˋ ㄕㄣ
009270,ㄉㄧˋ ㄦˋ ㄊㄧㄢ ㄕㄡ ㄕㄤˋ ㄗㄨㄛˋ ㄧㄝˋ ㄌㄠˇ ㄕˋ ㄉㄧㄥ ㄓㄜ˙ ㄊㄚ ㄉㄜ˙ ㄗㄨㄛˋ ㄨㄣˊ ㄐㄧㄡˊ ㄐㄧㄡˇ ㄅㄨˋ ㄋㄥˊ ㄧㄢˊ ㄩˇ
009271,ㄇㄟˊ ㄒㄧㄤˇ ㄉㄠˋ ㄋㄢˊ ㄈㄤ ㄉㄜ˙ ㄓㄜˋ ㄐㄩˋ ㄏㄨㄚˋ ㄧˊ ㄒㄧㄚˋ ㄗ˙ ㄖㄨㄢˇ ㄌㄨˋ ㄌㄜ˙ ㄋㄩˇ ㄈㄤ
009272,ㄊㄨㄥˊ ㄕˊ ㄏㄞˊ ㄎㄜˊ ㄧˇ ㄍㄨㄢˋ ㄎㄢˋ ㄒㄧㄣ ㄅㄢˇ ㄉㄜ˙ ㄉㄧㄢˋ ㄧㄥˇ ㄌㄨˊ ㄕㄢ ㄌㄧㄝˋ ㄦˋ ㄌㄧㄥˊ ㄧ ㄌㄧㄥˊ
009273,ㄨㄛˇ ㄅㄨˊ ㄕˋ ㄏㄣˇ ㄕㄤˋ ㄒㄧㄤˋ ㄅㄨˊ ㄍㄨㄛˋ ㄨㄛˇ ㄗㄨㄟˋ ㄇㄢˇ ㄧˋ ㄨㄛˇ ㄉㄜ˙ ㄧㄢˇ ㄐㄧㄥ ㄌㄚ˙ ㄋㄧˇ ㄋㄜ˙
009274,ㄌㄨㄥˇ ㄇㄛˋ ㄍㄨㄛˋ ㄏㄜˊ ㄔㄞ ㄑㄧㄠˊ ㄒㄧㄣ ㄨㄣˊ ㄘㄨㄥˊ ㄏㄨㄟˊ ㄧˋ ㄌㄧˇ ㄓㄨㄞˋ ㄔㄨ ㄓㄜˋ ㄒㄧㄝ ㄗˋ ㄧㄢˇ
009275,ㄧㄡˇ ㄨㄟ ㄒㄧㄢˇ ㄉㄜ˙ ㄉㄧˋ ㄈㄤ ㄅㄨˊ ㄧㄠˋ ㄖㄤˋ ㄒㄩㄜˊ ㄕㄥ ㄑㄧㄥ ㄙㄠˇ ㄅㄧˇ ㄖㄨˊ ㄘㄚ ㄔㄨㄤ ㄏㄨˋ
009276,ㄩㄢˊ ㄌㄧˇ ㄧㄡˊ ㄖㄣˊ ㄒㄧ ㄕㄠˇ ㄗㄨㄟˋ ㄉㄚˋ ㄉㄜ˙ ㄘㄢˋ ㄍㄨㄢ ㄊㄨㄢˊ ㄐㄧㄡˋ ㄕˋ ㄓㄤ ㄏㄨㄚˊ ㄙㄢ ㄖㄣˊ
009277,ㄔㄣˊ ㄏㄨㄥˊ ㄓˊ ㄏㄠˊ ㄑㄧㄥˇ ㄌㄜ˙ ㄌㄧㄤˇ ㄍㄜ˙ ㄅㄤˋ ㄅㄤˋ ㄅㄚˊ ㄇㄨˇ ㄑㄧㄢ ㄊㄞˊ ㄏㄨㄟˇ ㄌㄜ˙ ㄐㄧㄚˊ
009278,ㄒㄧㄝˋ ㄇㄡˇ ㄏㄜˊ ㄩㄢˊ ㄇㄡˇ ㄐㄧㄥ ㄒㄧㄥˇ ㄇㄥˇ ㄉㄜ˙ ㄓㄢˋ ㄑㄧˇ ㄌㄞˊ ㄍㄨㄛˋ ㄌㄞˊ ㄑㄧㄤˇ ㄆㄧㄥˊ ㄗㄨㄟˋ
009279,ㄑㄧㄥˊ ㄒㄧㄝˇ ㄒㄧㄚˋ ㄋㄧㄣˊ ㄉㄜ˙ ㄒㄧㄥˋ ㄇㄧㄥˊ ㄒㄧㄤˊ ㄒㄧˋ ㄊㄨㄥ ㄒㄩㄜˋ ㄉㄧˋ ㄓˇ ㄧㄡˊ ㄓㄥˋ ㄅㄧㄢ ㄇㄚˇ
009280,ㄆㄧㄣˊ ㄍㄨㄢˇ ㄅㄨˋ ㄉㄨㄟˋ ㄕㄥ ㄔㄢˇ ㄅㄨˋ ㄇㄣ˙ ㄉㄜ˙ ㄔㄢˊ ㄆㄧㄣˇ ㄐㄩˋ ㄧㄡˇ ㄧˊ ㄆㄧㄠˋ ㄈㄡˋ ㄐㄩㄜˊ ㄑㄨㄢˊ
009281,ㄏㄞˊ ㄗㄞˋ ㄏㄣˋ ㄐㄧㄚˋ ㄉㄜ˙ ㄋㄩˇ ㄊㄨㄥˊ ㄒㄩㄜˊ ㄇㄣ˙ ㄕˋ ㄕˊ ㄏㄡˋ ㄒㄩㄜˊ ㄍㄞˇ ㄐㄧˋ ㄋㄥˊ ㄌㄜ˙
009282,ㄇㄛˋ ㄇㄧㄥˊ ㄅㄟˋ ㄘˋ ㄕㄤ ㄉㄠˇ ㄇㄟˊ ㄉㄜ˙ ㄒㄩˇ ㄎㄨㄟˋ ㄓㄣ ㄓㄥˋ ㄕˋ ㄊㄤˇ ㄓㄜ˙ ㄧㄝˇ ㄞˊ ㄉㄠ
009283,ㄅㄟˋ ㄓˊ ㄅㄞˇ ㄆㄞ ㄉㄜ˙ ㄊㄧㄠ ㄕㄜˊ ㄌㄠˇ ㄖㄣˊ ㄨㄟˋ ㄑㄧㄡˊ ㄓㄥˋ ㄈㄨˇ ㄒㄧㄡ ㄌㄨˋ ㄏㄨㄚˋ ㄇㄧㄢˋ
009284,ㄐㄧˋ ㄓㄜˇ ㄌㄧㄠˊ ㄐㄧㄝˇ ㄉㄠˋ ㄐㄧㄡˊ ㄅㄞˇ ㄅㄚ ㄕˋ ㄐㄧㄡˇ ㄏㄠˋ ㄑㄧˇ ㄧㄝˋ ㄨㄟˊ ㄍㄨㄟˋ ㄓㄡ ㄇㄠˊ ㄊㄞˊ
009285,ㄧㄡˇ ㄅㄠˋ ㄉㄠˋ ㄕㄨㄛ ㄊㄨㄛ ㄉㄜ˙ ㄏㄞˊ ㄕˋ ㄎㄢˊ ㄊㄚˇ ㄐㄧ ㄓㄡ ㄉㄜ˙ ㄧˋ ㄇㄧㄥˊ ㄊㄨㄥ ㄐㄧ ㄈㄢˋ
009286,ㄚ ㄐㄧㄝˊ ㄖㄤˋ ㄚ ㄩㄝˋ ㄎㄢˋ ㄒㄧㄚˋ ㄕㄥˋ ㄒㄧㄚˋ ㄉㄜ˙ ㄏㄜˊ ㄈㄢˋ ㄏㄜˊ ㄅㄨˋ ㄏㄜˊ ㄊㄚ ㄉㄜ˙ ㄨㄟˋ ㄎㄡˇ
009287,ㄐㄧㄢˋ ㄐㄧㄢˋ ㄉㄜ˙ ㄌㄧˇ ㄑㄧㄤˊ ㄉㄜ˙ ㄆㄧㄥˊ ㄐㄧㄚˋ ㄅㄧㄢˋ ㄔㄥˊ ㄌㄜ˙ ㄅㄨˋ ㄎㄞ ㄑㄧㄠˋ ㄨㄛ ㄋㄤ˙ ㄈㄟˋ
009288,ㄓㄨ ㄖㄨㄥˊ ㄐㄧ ㄘㄢˊ ㄐㄧㄚ ㄑㄧㄥ ㄏㄨㄚˊ ㄉㄚˋ ㄒㄩㄜˊ ㄅㄞˇ ㄋㄧㄢˊ ㄒㄧㄠˋ ㄑㄧㄥˋ ㄕˊ ㄘㄥˊ ㄒㄧㄤˋ ㄍㄨㄤˇ ㄉㄚˋ ㄊㄨㄥˊ ㄒㄩㄜˊ ㄊㄨㄟ ㄐㄧㄢˋ ㄍㄨㄛˋ ㄘˇ ㄕㄨ
009289,ㄍㄨㄛˊ ㄑㄧㄤˊ ㄘㄞˊ ㄋㄥˊ ㄍㄨㄛˊ ㄋㄧㄥˊ ㄗㄟˊ ㄘㄞˊ ㄅㄨˊ ㄍㄢˇ ㄉㄧㄢˋ ㄐㄧˇ
009290,ㄧㄣ ㄨㄟˋ ㄐㄧㄚ ㄊㄧㄥˊ ㄅㄨˋ ㄎㄜˇ ㄋㄥˊ ㄍㄜ ㄕㄜˇ ㄕˋ ㄧㄝˋ ㄎㄜˊ ㄧˊ ㄉㄥˇ ㄉㄞˋ ㄒㄧㄚˋ ㄧˋ ㄅㄛˊ
009291,ㄊㄚ ㄕㄨㄛ ㄨㄞˋ ㄉㄧˋ ㄖㄨˊ ㄑㄧˇ ㄎㄜˊ ㄧˇ ㄉㄠˋ ㄕㄨㄤ ㄔㄥˊ ㄐㄧㄥ ㄧㄥˊ ㄘㄞ ㄩˋ ㄐㄧㄥˋ ㄓㄥ
009292,ㄧㄡˇ ㄖㄣˊ ㄕㄣˋ ㄓˋ ㄎㄤˊ ㄌㄞˊ ㄌㄡˊ ㄊㄧ ㄉㄚˋ ㄗㄞˋ ㄨㄟˊ ㄑㄧㄤˊ ㄕㄤˋ ㄙˋ ㄔㄨˇ ㄓㄤ ㄨㄤˋ
009293,ㄉㄧˋ ㄙˋ ㄐㄧㄡˋ ㄕˋ ㄒㄨㄢˇ ㄗㄜˊ ㄊㄨㄟˊ ㄈㄟˋ
009294,ㄧㄡˇ ㄦˊ ㄧㄡˊ ㄋㄩˇ ㄌㄜ˙ ㄏㄣˊ ㄇㄢˇ ㄗㄨˊ ㄌㄜ˙
009295,ㄗㄡˇ ㄅㄚ˙ ㄉㄞˋ ㄕㄤˋ ㄨㄛˇ ㄊㄚˊ ㄕㄢ ㄑㄩˋ
009296,ㄍㄞ ㄒㄧㄠ ㄒㄧ˙ ㄧˋ ㄔㄨ ㄔㄥˊ ㄊㄡˊ ㄓㄞˋ ㄕˋ ㄔㄤˇ ㄙㄨㄟˊ ㄐㄧˊ ㄐㄧㄣˋ ㄖㄨˋ ㄍㄨㄞˊ ㄉㄧㄢˇ
009297,ㄋㄢˊ ㄉㄠˋ ㄋㄧˇ ㄧㄠˋ ㄆㄠ ㄑㄧˋ ㄨㄛˇ ㄇㄣ˙ ㄇㄚ˙
009298,ㄉㄚˋ ㄇㄧㄢˋ ㄐㄧ ㄍㄢ ㄌㄨˋ ㄉㄜ˙ ㄏㄜˊ ㄉㄠˋ
009299,ㄅㄨˊ ㄘㄨㄛˋ ㄋㄜ˙ ㄏㄞˊ ㄗㄞˋ ㄓㄣ ㄏㄠˇ
009300,ㄘㄥˊ ㄐㄧㄥ ㄧㄝˊ ㄧㄡˊ ㄕㄠˇ ㄌㄧㄤˋ ㄉㄜ˙ ㄈㄢ ㄑㄧㄝˊ
009301,ㄌㄧˋ ㄨㄟˊ ㄈㄡˇ ㄖㄣˋ ㄌㄜ˙ ㄓㄜˋ ㄧˊ ㄅㄠˋ ㄉㄠˋ
009302,ㄙㄨㄛˊ ㄧˊ ㄏㄣˇ ㄇㄧㄣˊ ㄍㄢˇ ㄏㄣˇ ㄈㄨˋ ㄗㄚˊ
009303,ㄑㄧㄢˊ ㄊㄧㄢ ㄋㄚˋ ㄋㄚˋ ㄧㄣ ㄊㄧㄠˋ ㄌㄠˊ ㄏㄡˋ ㄕㄤ ㄕˋ ㄍㄨㄛˋ ㄓㄨㄥˋ ㄧˇ ㄅㄨˊ ㄓˋ ㄕㄣ ㄨㄤˊ
009304,ㄊㄚ ㄅㄨˋ ㄐㄧㄣˇ ㄗˋ ㄐㄧˇ ㄒㄧ ㄉㄨˊ ㄦˊ ㄑㄩㄜˊ ㄅㄚˇ ㄦˊ ㄗ˙ ㄧㄝˇ ㄉㄞˋ ㄌㄜ˙ ㄐㄧㄣˋ ㄌㄞˊ
009305,ㄌㄧˋ ㄖㄨˊ ㄈㄣˋ ㄋㄨˋ ㄉㄜ˙ ㄒㄧㄠˊ ㄋㄧㄠˇ ㄐㄧㄡˋ ㄕˋ ㄋㄧˇ ㄏㄨㄚˋ ㄨㄛˇ ㄘㄞ ㄉㄜ˙ ㄇㄨˊ ㄅㄢˇ
009306,ㄍㄨㄥ ㄙ ㄈㄨˋ ㄗㄜˊ ㄖㄣˊ ㄉㄜ˙ ㄋㄧㄢˊ ㄉㄨˋ ㄒㄧㄣ ㄔㄡˊ ㄗㄥ ㄓㄤˇ ㄌㄩˋ ㄧㄥ ㄉㄧ ㄩˊ ㄍㄨㄥ ㄙ ㄒㄧㄣ ㄔㄡˊ ㄗㄥ ㄓㄤˇ ㄌㄩˋ
009307,ㄊㄚ ㄇㄣ˙ ㄒㄧㄚˋ ㄔㄜ ㄧㄡˋ ㄎㄢˋ ㄐㄧㄢˋ ㄨㄞˋ ㄍㄨㄛˋ ㄖㄣˊ ㄔㄠˇ ㄌㄨˋ ㄖㄣˊ ㄖㄤˋ ㄖㄤˋ
009308,ㄒㄧㄢˋ ㄗㄞˋ ㄧˇ ㄐㄧㄥ ㄐㄧㄢˋ ㄍㄜˊ ㄨˇ ㄕˊ ㄐㄧㄡˇ ㄋㄧㄢˊ ㄇㄧㄥˊ ㄒㄧㄢˇ ㄔㄠ ㄑㄧ ㄌㄜ˙
009309,ㄓㄜˋ ㄧˋ ㄏㄨㄢˊ ㄐㄧㄝˊ ㄉㄜ˙ ㄕㄨㄟˋ ㄕㄡ ㄗㄚˊ ㄈㄟˋ ㄏㄜˊ ㄈㄢˊ ㄖㄨㄥˇ ㄉㄜ˙ ㄕㄡˇ ㄒㄩˋ ㄖㄤˋ ㄅㄨˋ ㄕㄠˇ ㄉㄞˋ ㄍㄡˋ ㄓㄜˊ ㄊㄧㄥˇ ㄦˊ ㄗㄡˊ ㄒㄧㄢˇ
009310,ㄋㄢˊ ㄐㄧㄥ ㄒㄧㄢˋ ㄗㄞˋ ㄐㄧˊ ㄏㄡˊ ㄏㄡˇ ㄧㄠˋ ㄔㄞ ㄅㄠˋ ㄊㄧㄥˊ ㄔㄨㄤˊ ㄕˋ ㄍㄨㄢˊ ㄌㄧˇ ㄓㄜˋ ㄉㄜ˙ ㄕㄨㄟˇ ㄆㄧㄥˊ ㄖㄤˋ ㄖㄣˊ ㄅㄨˋ ㄍㄢˇ ㄍㄨㄥ ㄨㄟˊ
009311,ㄊㄡˊ ㄗ ㄕˊ ㄅㄧˋ ㄒㄩˋ ㄊㄨㄥˊ ㄕˊ ㄧㄡˊ ㄩㄢˇ ㄐㄧㄢˋ ㄓㄨㄛˊ ㄕˊ ㄏㄜˊ ㄕˊ ㄗㄞˋ ㄉㄜ˙ ㄕㄨˋ ㄐㄩˋ ㄓ ㄔㄥ
009312,ㄅㄨˋ ㄒㄧˇ ㄏㄨㄢ ㄐㄧㄠˋ ㄩˇ ㄉㄢˋ ㄙ ㄒㄧㄤˇ ㄐㄩㄜˊ ㄨˋ ㄏㄞˊ ㄇㄟˊ ㄉㄠˋ ㄊㄨㄟ ㄈㄢ ㄒㄧㄢˋ ㄒㄧㄥˊ ㄐㄧㄠˋ ㄩˋ ㄊㄧˇ ㄓˋ ㄉㄜ˙ ㄍㄠ ㄉㄨˋ
009313,ㄧㄡˇ ㄕˊ ㄏㄡˋ ㄕˋ ㄏㄣˇ ㄐㄧ ㄓˋ ㄉㄜ˙ ㄓㄨㄤ ㄙㄨㄥˊ
009314,ㄊㄚ ㄧ ㄖㄢˊ ㄐㄧˋ ㄉㄜ˙ ㄇㄥˋ ㄌㄨˋ ㄉㄤ ㄕˋ ㄍㄟˇ ㄊㄚ ㄧˊ ㄍㄜˋ ㄋㄨㄢˊ ㄋㄨㄢˇ ㄉㄜ˙ ㄩㄥ ㄅㄠˋ
009315,ㄨㄟˋ ㄌㄜ˙ ㄓㄨㄤˋ ㄉㄢˇ ㄍㄢˊ ㄐㄧˇ ㄋㄚˊ ㄔㄨ ㄙㄨㄟˊ ㄕㄣ ㄒㄧㄝˊ ㄉㄞˋ ㄉㄜ˙ ㄅㄧㄢ ㄆㄠˋ ㄖㄢˊ ㄈㄤˋ
009316,ㄕˊ ㄦˋ ㄖˋ ㄡ ㄩㄢˊ ㄉㄨㄟˋ ㄇㄟˇ ㄩㄢˊ ㄉㄜ˙ ㄅㄧˇ ㄐㄧㄚˋ ㄕˋ ㄧ ㄅㄧˇ ㄧ ㄉㄧㄢˇ ㄙㄢ ㄨˊ ㄐㄧㄡˇ ㄙㄢ
009317,ㄔㄨㄣ ㄐㄧㄤ ㄕㄨㄟˊ ㄋㄨㄢˊ ㄧㄚˇ ㄒㄧㄢ ㄓ ㄨㄛˇ ㄎㄣˊ ㄧˇ ㄍㄠˋ ㄙㄨˋ ㄋㄧˇ ㄇㄧㄥˊ ㄊㄧㄢ ㄔㄨㄢ ㄕㄣˊ ㄇㄜ˙
009318,ㄗㄞˋ ㄕˋ ㄈㄚ ㄉㄜ˙ ㄧㄠ ㄙˋ ㄌㄧㄥˊ ㄦˋ ㄕˋ ㄇㄣˊ ㄎㄡˇ ㄏㄞˊ ㄧㄡˇ ㄉㄚˋ ㄊㄢ ㄉㄜ˙ ㄒㄩㄜˋ ㄐㄧˋ
009319,ㄅㄧˋ ㄊㄚˇ ㄊㄚˊ ㄨㄚˇ ㄐㄩˋ ㄒㄧ ㄧㄡˇ ㄊㄨㄛˋ ㄕㄨ ㄉㄜ˙ ㄊㄧˇ ㄙㄜˋ ㄅㄧㄠ ㄧˋ ㄏㄜˊ ㄒㄧㄥˋ ㄑㄧˋ ㄍㄨㄢ
009320,ㄕˋ ㄍㄨㄥ ㄢ ㄐㄩˊ ㄉㄜ˙ ㄨㄟ ㄅㄛˊ ㄎㄞ ㄉㄜ˙ ㄗㄨㄟˋ ㄗㄠˇ ㄧㄣ ㄘˇ ㄖㄣˊ ㄑㄧㄝˋ ㄧㄝˋ ㄗㄨㄟˋ ㄗㄨˊ
009321,ㄒㄧㄠˇ ㄉㄨㄟˋ ㄨㄢˊ ㄔㄥˊ ㄅㄨˋ ㄧㄠˇ ㄖㄣˋ ㄨˋ ㄌㄧㄣˊ ㄉㄠˊ ㄓㄜˊ ㄧㄝˇ ㄧㄠˋ ㄈㄨˋ ㄔㄨ ㄉㄞˋ ㄐㄧㄚˇ
009322,ㄌㄠˇ ㄍㄨㄥ ㄏㄣˇ ㄇㄟˊ ㄑㄧㄥˊ ㄉㄧㄠˋ ㄉㄜ˙ ㄨㄣˋ ㄌㄠˇ ㄆㄛ˙ ㄕㄨㄛ ㄇㄚ˙ ㄋㄧˊ ㄒㄧㄤˇ ㄧㄠˋ ㄕㄚˊ
009323,ㄉㄤ ㄋㄧㄢˊ ㄗㄨㄥˇ ㄕㄡ ㄖㄨˋ ㄨㄟˊ ㄖㄣˊ ㄇㄧㄣˊ ㄅㄧˋ ㄑㄧ ㄕˊ ㄧ ㄉㄧㄢˊ ㄨˇ ㄙˋ ㄨˇ ㄧˋ ㄩㄢˊ
009324,ㄧ ㄕㄥ ㄑㄧㄥˇ ㄋㄧㄣˊ ㄗㄞˋ ㄔㄚˊ ㄧ ㄋㄧˇ ㄕˋ ㄧ ㄕㄥ ㄏㄞˊ ㄕㄨㄛ ㄨㄛˇ ㄕˋ ㄧˋ ㄕㄥ
009325,ㄇㄚˇ ㄩㄢˊ ㄧㄡˇ ㄧ ㄌㄧㄥˊ ㄦˋ ㄋㄧㄢˊ ㄉㄜ˙ ㄐㄧㄝˋ ㄏㄨㄚˋ ㄨㄛˊ ㄧㄡˇ ㄙㄢ ㄌㄧㄥˊ ㄋㄧㄢˊ ㄉㄜ˙ ㄐㄧˋ ㄏㄨㄢˇ
009326,ㄗㄨㄟˋ ㄐㄧㄣˋ ㄍㄢˇ ㄐㄩㄜˊ ㄊㄚ ㄒㄧㄠ ㄊㄧㄥˊ ㄧˋ ㄒㄧㄝ ㄌㄜ˙ ㄨㄛˊ ㄧㄝˇ ㄐㄩㄜˊ ㄉㄜ˙ ㄨㄛˇ ㄎㄜˊ ㄧˇ ㄔㄨ ㄌㄞ˙ ㄌㄜ˙
009327,ㄊㄚ ㄧㄡˋ ㄓㄨㄚ ㄓㄨˋ ㄕㄡˋ ㄆㄧㄠˋ ㄩㄣˊ ㄉㄜ˙ ㄅㄠ ㄅㄠ ㄉㄢˋ ㄕㄨˋ ㄆㄧㄠˋ ㄩㄢˊ ㄅㄞ ㄎㄞ ㄊㄚ ㄉㄜ˙ ㄕㄡˊ ㄓˇ ㄆㄧㄣ ㄇㄧㄥˋ ㄆㄠˇ ㄒㄧㄚˋ ㄔㄜ
009328,ㄊㄧㄠ ㄑㄧˇ ㄓㄨㄢ ㄏㄡˋ ㄅㄧㄢˇ ㄉㄢˋ ㄐㄧㄡˋ ㄕㄣ ㄒㄧㄢˋ ㄗㄞˋ ㄓㄜˋ ㄉㄠˋ ㄏㄣˇ ㄐㄧˋ ㄌㄧˇ ㄏㄡˋ ㄅㄟˋ ㄕㄤˋ ㄗㄜˊ ㄉㄨㄟ ㄑㄧˇ ㄧˊ ㄉㄠˋ ㄖㄡˋ
009329,ㄒㄧㄣ ㄏㄨㄛˋ ㄧㄝˋ ㄋㄚˋ ㄊㄧㄢ ㄨㄢˇ ㄕㄤˋ ㄊㄚ ㄏㄜˊ ㄉㄜ˙ ㄇㄧㄥˊ ㄉㄧㄥˇ ㄉㄚˋ ㄗㄨㄟˋ ㄨㄛˊ ㄌㄧㄚˇ ㄐㄧˊ ㄏㄨ ㄕˋ ㄏㄜˊ ㄧˋ ㄦˊ ㄋㄧㄢˊ
009330,ㄔㄨˊ ㄈㄟ ㄧㄡˇ ㄊㄨㄥ ㄊㄧㄢ ㄉㄜ˙ ㄋㄥˊ ㄌㄧˋ ㄉㄢˋ ㄊㄧㄢ ㄏㄨㄟˋ ㄙㄨㄟˊ ㄕ ㄙㄨㄟˊ ㄉㄧˋ ㄅㄤ ㄋㄧˇ ㄐㄧㄤˋ ㄩˇ ㄇㄧㄢˋ ㄏㄨㄛˇ ㄇㄚ˙
009331,ㄧ ㄍㄜˋ ㄩㄢˇ ㄗㄞˋ ㄗㄨˇ ㄍㄨㄛˊ ㄒㄧ ㄅㄟˋ ㄐㄧㄠˇ ㄉㄜ˙ ㄧㄝˋ ㄩˊ ㄗㄨㄛˋ ㄓㄜˇ ㄉㄜ˙ ㄗㄨㄛˋ ㄆㄧㄣˇ ㄏㄜˊ ㄧˇ ㄉㄜˊ ㄉㄠˋ ㄋㄧˇ ㄇㄣ˙ ㄉㄜ˙ ㄑㄧㄥ ㄌㄞˋ
009332,ㄩˊ ㄕˋ ㄆㄚˋ ㄅㄧㄢˋ ㄉㄚˇ ㄉㄧㄢˋ ㄏㄨㄚˋ ㄒㄩˇ ㄨㄣˋ ㄐㄧㄚ ㄓㄨㄥ ㄕˋ ㄏㄨㄛˊ ㄧㄡˇ ㄕˋ
009333,ㄈㄣ ㄇㄧㄢˋ ㄔˊ ㄒㄧㄤˋ ㄍㄜ˙ ㄉㄚˋ ㄩˋ ㄍㄤ ㄧㄡˇ ㄗㄨㄛˋ ㄉㄧㄢˋ ㄐㄧㄠˇ ㄉㄧㄢˋ ㄌㄧㄤˇ ㄘㄜˋ ㄏㄞˊ ㄧㄡˇ ㄅㄚˊ ㄕㄡˇ
009334,ㄅㄟˋ ㄔㄥ ㄗㄞˋ ㄌㄜ˙ ㄓㄣ ㄎㄞ ㄒㄧㄣ ㄧㄚ˙
009335,ㄋㄢˊ ㄊㄨㄥˊ ㄗㄞˋ ㄔㄜ ㄏㄡˋ ㄨㄢˊ ㄕㄨㄚˇ
009336,ㄋㄧˊ ㄒㄧㄤˇ ㄨㄢˊ ㄉㄧㄢˇ ㄕㄣˊ ㄇㄜ˙
009337,ㄋㄧˇ ㄎㄢˋ ㄍㄨㄛˋ ㄨㄛˇ ㄐㄧㄚˋ ㄅㄠˊ ㄒㄧㄢˇ ㄍㄨㄟˋ
009338,ㄋㄧˊ ㄧㄝˊ ㄏㄠˇ ㄈㄢˊ ㄧㄚ˙
009339,ㄋㄧˇ ㄉㄜ˙ ㄉㄧˋ ㄧ ㄒㄨㄢˇ ㄗㄠˊ ㄕˋ ㄕㄨㄟˊ
009340,ㄋㄧˊ ㄒㄧˇ ㄏㄨㄢ ㄨㄢˊ ㄕㄣˊ ㄇㄜ˙ ㄧㄡˇ ㄒㄧˋ ㄐㄧˊ ㄒㄧˇ ㄏㄨㄢ ㄨㄢˊ ㄕㄣˊ ㄇㄜ˙ ㄧㄡˇ ㄒ
009341,ㄕ ㄍㄜˋ ㄓㄨㄥˇ ㄐㄧㄥ ㄕㄣˋ ㄕˊ ㄌㄧㄤˊ
009342,ㄕˋ ㄅㄚ ㄐㄧㄝˋ ㄕㄥˊ ㄨㄟˊ ㄨㄟˇ ㄩㄢˊ
009343,ㄨㄛˇ ㄓˊ ㄒㄧˇ ㄏㄨㄢ ㄎㄢˋ ㄒㄧㄠˇ ㄕㄨㄛ
009344,ㄒㄧㄤ ㄍㄤˇ ㄉㄨˋ ㄕㄚ ㄈㄨˋ ㄖㄣˊ ㄌㄚˋ ㄒㄧㄤˋ ㄍㄨㄢˇ ㄨㄛˇ ㄑㄧㄤˊ ㄌㄧˋ ㄊㄨㄟ ㄐㄧㄢˋ ㄛ˙
009345,ㄉㄧˋ ㄌㄧㄡˋ ㄑㄧ ㄅㄚ ㄐㄧㄡˇ ㄒㄧㄤˋ ㄖㄣˋ ㄨˋ ㄕㄨˇ ㄩˊ ㄐㄧㄚ ㄑㄧㄤˊ ㄨㄢˊ ㄕㄢˋ ㄑㄧˇ ㄧㄝˋ ㄐㄧㄣ ㄖㄨㄥˊ ㄓ ㄔˇ
009346,ㄓㄜˋ ㄋㄧㄢˊ ㄊㄡˋ ㄐㄧ ㄑㄧˋ ㄩㄢˊ ㄅㄨˊ ㄏㄨㄟˋ ㄕㄤˋ ㄨㄤˇ ㄏㄞˊ ㄗㄣˇ ㄇㄜ˙ ㄔㄨ ㄌㄞˊ ㄏㄨㄣˋ ㄋㄜ˙
009347,ㄨㄛˊ ㄧˇ ㄑㄧㄢˊ ㄐㄧㄡˋ ㄗㄨㄛˋ ㄍㄨㄛˋ ㄈㄢ ㄧˋ ㄓㄜˋ ㄘˊ ㄕˋ ㄔㄨㄥˊ ㄘㄡ ㄐㄧㄡˋ ㄧㄝˋ ㄩˊ ㄕˋ ㄊㄨㄥˋ ㄎㄨㄞˋ ㄉㄜ˙ ㄉㄚ ㄧㄥˋ ㄌㄜ˙
009348,ㄨㄛˇ ㄕㄣ ㄕㄤˋ ㄓㄨㄥ ㄩˋ ㄧㄡˇ ㄧㄢˊ ㄓㄨˇ ㄖㄣˊ ㄉㄜ˙ ㄑㄧˋ ㄓˋ ㄌㄜ˙
009349,ㄓㄜˋ ㄅㄧㄥˋ ㄅㄨˊ ㄕˋ ㄆㄞ ㄋㄠˇ ㄉㄞˋ ㄗㄨㄛˋ ㄔㄨˋ ㄉㄜ˙ ㄐㄩㄜˊ ㄉㄧㄥˋ
009350,ㄉㄥˋ ㄌㄧˋ ㄉㄜ˙ ㄒㄧㄣ ㄙㄨㄟˋ ㄌㄜ˙ ㄊㄧㄢ ㄊㄧㄢ ㄧˇ ㄌㄟˋ ㄒㄧˇ ㄇㄧㄢˋ
009351,ㄌㄧㄡˊ ㄐㄧㄣ ㄧㄠˋ ㄐㄧㄠˋ ㄕㄡˋ ㄗㄞˋ ㄨㄟˋ ㄔㄥˊ ㄔㄥ˙ ㄐㄧㄣˋ ㄒㄧㄥˊ ㄐㄧㄢˇ ㄔㄚˊ
009352,ㄅㄨˊ ㄍㄨㄛˋ ㄘˇ ㄈㄢ ㄒㄧㄠˇ ㄊㄡ ㄏㄠˇ ㄒㄧㄤˋ ㄗㄡˇ ㄉㄜ˙ ㄘㄨㄥˊ ㄇㄤˊ ㄏㄞˊ ㄅㄚˊ ㄧˊ ㄅㄚˊ ㄊㄧㄝˇ ㄅㄢ ㄕㄡˋ ㄇㄛˋ ㄗㄞˋ ㄌㄜ˙ ㄉㄧㄢˋ ㄌㄧˇ
009353,ㄓㄜˋ ㄒㄧㄝ ㄋㄧㄢˊ ㄖㄨˊ ㄍㄨㄛˇ ㄅㄨˊ ㄕˋ ㄨㄛˇ ㄗㄞˋ ㄓㄨㄥ ㄐㄧㄢˋ ㄉㄜ˙ ㄏㄨㄚˋ ㄔㄣˊ ㄇㄧㄥˊ ㄌㄧㄤˋ ㄗㄠˇ ㄐㄧㄡˋ ㄅㄟˋ ㄓㄨㄥ ㄞˇ ㄦˊ ㄔㄨˊ ㄉㄧㄠˋ ㄌㄜ˙
009354,ㄓˋ ㄘˇ ㄩˇ ㄓㄨㄥ ㄍㄨㄛˋ ㄐㄧ ㄐㄧㄢˋ ㄏㄜˊ ㄗㄨㄛˋ ㄉㄜ˙ ㄈㄨˊ ㄕㄢ ㄅㄚ ㄌㄟˊ ㄩˇ ㄒㄧㄤˋ ㄇㄨˋ ㄕㄡˋ ㄔㄨㄤˋ ㄓˋ ㄧㄝˋ ㄨㄢˊ ㄑㄨㄢˊ ㄊㄨㄟˋ ㄔㄨ
009355,ㄙㄨㄟˊ ㄕㄡˇ ㄆㄞ ㄓㄤ ㄌㄨㄛˊ ㄋㄩˇ ㄕˋ ㄏㄞˇ ㄊㄠˊ ㄉㄜ˙ ㄨˋ ㄆㄧㄣˇ ㄉㄡ ㄕˋ ㄉㄤ ㄒㄧㄚˋ ㄗㄨㄟˋ ㄖㄨㄣˋ ㄇㄣˊ ㄉㄜ˙ ㄧㄡˋ ㄦˊ ㄅㄠˇ ㄐㄧㄢˋ ㄆㄧㄣˇ
009356,ㄓˊ ㄉㄠˋ ㄉㄨㄥ ㄔㄨㄤ ㄕˋ ㄈㄚ ㄘㄞˊ ㄓ ㄉㄠˋ ㄙㄨㄥˊ ㄩㄥˇ ㄊㄚ ㄇㄞˋ ㄧㄣˊ ㄉㄜ˙ ㄨㄤˊ ㄩㄢˋ ㄓㄤˇ ㄐㄧㄥˋ ㄕˋ ㄗˋ ㄐㄧˇ ㄉㄜ˙ ㄓㄤˋ ㄈㄨ˙
009357,ㄐㄧㄚ ㄌㄧˊ ㄇㄞˇ ㄌㄜ˙ ㄅㄨˋ ㄕㄠˇ ㄓㄨㄥˋ ㄧㄡˊ ㄔㄚˊ ㄉㄜ˙ ㄕㄨ ㄎㄜˇ ㄍㄨㄤ ㄎㄢˋ ㄕㄨ ㄎㄨ ㄗㄠˋ ㄅㄨˊ ㄕㄨㄛ ㄏㄞˊ ㄅㄨˋ ㄏㄠˊ ㄉㄨㄥˇ
009358,ㄗㄨㄛˊ ㄖˋ ㄐㄧㄣ ㄈㄥ ㄅㄧㄠˇ ㄕˋ ㄗㄞˋ ㄐㄧㄝˊ ㄇㄨˋ ㄓㄨㄥ ㄉㄜ˙ ㄧㄢˊ ㄌㄨㄣˋ ㄨㄟˋ ㄐㄧㄥ ㄍㄨㄛˋ ㄧㄢˋ ㄓㄥˋ ㄧㄡˇ ㄕ ㄧㄣˊ ㄐㄧㄣˇ ㄏㄜˊ ㄊㄨㄛˇ ㄉㄤˋ
009359,ㄍㄞ ㄉㄧㄢˋ ㄕˋ ㄇㄧㄣˊ ㄇㄚˇ ㄕˊ ㄐㄧㄚˋ ㄧㄝˇ ㄊㄧˊ ㄍㄨㄥ ㄅㄨˋ ㄊㄨㄥˊ ㄧㄡ ㄏㄨㄟˋ ㄐㄧㄣ ㄇㄧㄥˋ ㄉㄜ˙ ㄒㄧㄠ ㄈㄟˋ ㄓㄜˊ ㄉㄨㄥˇ ㄉㄜ˙ ㄒㄨㄢˇ ㄗㄜˊ
009360,ㄙㄨㄟ ㄏㄡˋ ㄧㄡˊ ㄌㄧㄤˇ ㄇㄧㄥˊ ㄕㄣ ㄘㄞˊ ㄌㄩㄝˋ ㄨㄟ ㄞˊ ㄒㄧㄠˇ ㄉㄜ˙ ㄒㄧㄠ ㄈㄤˊ ㄍㄨㄢ ㄅㄧㄥ ㄐㄧㄣˋ ㄖㄨˋ ㄐㄧㄚˋ ㄕˋ ㄕˋ ㄐㄧㄣˋ ㄒㄧㄥˊ ㄧㄥˊ ㄐㄧㄡˋ
009361,ㄅㄨˋ ㄕㄠˇ ㄖㄣˊ ㄧㄣ ㄘˇ ㄖㄣˋ ㄕˋ ㄌㄜ˙ ㄍㄨㄤˇ ㄓㄡ ㄐㄧˋ ㄓㄨˋ ㄌㄜ˙ ㄏㄞˇ ㄒㄧㄥ ㄕㄚ ㄒㄧㄤˋ ㄨㄤˇ ㄓㄨ ㄐㄧㄤ ㄅㄧㄢ ㄉㄜ˙ ㄘㄨㄟˇ ㄘㄢˋ
009362,ㄓㄜˋ ㄐㄧˇ ㄐㄩㄜˊ ㄏㄨㄚˋ ㄖㄨˊ ㄎㄨㄥˇ ㄅㄨˋ ㄆㄧㄢˋ ㄌㄧˇ ㄉㄜ˙ ㄎㄨㄥˇ ㄅㄨˋ ㄧㄣ ㄩㄝˋ ㄐㄧㄚ ㄕㄣ ㄌㄜ˙ ㄩˇ ㄒㄧㄤˊ ㄉㄜ˙ ㄑㄩˊ ㄘㄨˋ ㄅㄨˋ ㄢ
009363,ㄎㄜˊ ㄧˇ ㄗㄨㄛˋ ㄉㄠˋ ㄅㄨˋ ㄕㄨㄚ ㄧㄚˊ ㄨˋ ㄓㄥˊ ㄌㄧˇ ㄊㄡˊ ㄈㄚˋ ㄧㄝˇ ㄅㄨˋ ㄔㄨㄢ ㄒㄧㄝˊ ㄗ˙ ㄕㄣˋ ㄓˋ ㄅㄨˊ ㄏㄨㄤˋ ㄨㄚˋ ㄗ˙
009364,ㄅㄨˋ ㄋㄥˊ ㄐㄧㄤ ㄓㄥˋ ㄈㄨˇ ㄧㄥ ㄉㄤ ㄔㄥˊ ㄉㄢˋ ㄉㄜ˙ ㄅㄨˇ ㄊㄧㄝ ㄗㄨㄛˋ ㄨㄟˊ ㄘㄞˊ ㄓㄥˋ ㄅㄠ ㄈㄨˋ ㄕㄨㄞˊ ㄍㄟˇ ㄌㄠˊ ㄉㄞˋ ㄒㄧㄥˋ
009365,ㄓㄢˇ ㄒㄧㄣ ㄉㄜ˙ ㄌㄡˊ ㄈㄤˊ ㄍㄠ ㄍㄠ ㄙㄨㄥˇ ㄌㄧˋ ㄖㄢˊ ㄦˊ ㄧˊ ㄨㄤˋ ㄎㄜˇ ㄓ ㄒㄩˇ ㄉㄨㄛ ㄈㄤˊ ㄗ˙ ㄖㄥˊ ㄗㄞˋ ㄎㄨㄥ ㄓˋ
009366,ㄑㄩˊ ㄏㄨㄤˊ ㄉㄜ˙ ㄉㄥ ㄍㄨㄤ ㄧㄥˋ ㄓㄜ˙ ㄐㄧㄝ ㄐㄧㄥˇ ㄩˇ ㄒㄧㄤˊ ㄒㄧㄣ ㄌㄧˇ ㄈㄨˊ ㄑㄧˇ ㄧˋ ㄓㄨㄥˇ ㄕㄣ ㄗㄞˋ ㄧˋ ㄒㄧㄤ ㄉㄜ˙ ㄌㄥˇ ㄑㄧㄥ
009367,ㄖㄨˊ ㄍㄨㄛˇ ㄓㄣ ㄕˋ ㄔㄣˊ ㄌㄜ˙ ㄐㄧㄡˋ ㄔㄞ ㄒㄧㄡ ㄌㄜ˙ ㄧㄡˋ ㄔㄣˊ ㄓㄜˋ ㄊㄧㄝˇ ㄌㄨˋ ㄋㄥˊ ㄅㄨˋ ㄋㄥˊ ㄅㄠˇ ㄓㄨㄥˋ ㄢ ㄑㄨㄢˇ ㄧㄚ˙
009368,ㄐㄧ ㄓㄤˇ ㄏㄞˊ ㄕㄨㄛ ㄓㄨㄥ ㄍㄨㄛˋ ㄖㄣˊ ㄊㄞˋ ㄖㄨㄥˊ ㄧˊ ㄍㄠˇ ㄉㄧㄢ ㄌㄜ˙ ㄍㄠˋ ㄙㄨ˙ ㄊㄚ ㄕˋ ㄇㄧㄢˋ ㄈㄟˋ ㄉㄜ˙ ㄐㄧˊ ㄎㄜˇ
009369,ㄐㄧㄣ ㄋㄧㄢˊ ㄓˋ ㄏㄡˋ ㄋㄚˋ ㄍㄜ˙ ㄇㄣˊ ㄎㄢˇ ㄐㄧㄣˋ ㄖㄢˊ ㄅㄟˋ ㄨㄛˇ ㄇㄣ˙ ㄉㄧˋ ㄒㄩㄥ ㄌㄧㄤˇ ㄍㄜˋ ㄊㄚˋ ㄠ ㄒㄧㄚˋ ㄑㄩˇ ㄧˊ ㄎㄨㄞˋ
009370,ㄈㄤˊ ㄐㄧㄚˋ ㄉㄜ˙ ㄍㄠ ㄅㄚˋ ㄓㄥˋ ㄗㄞˋ ㄘㄨㄥˊ ㄉㄚˋ ㄏㄨˋ ㄒㄧㄥˊ ㄎㄞ ㄕㄨˇ ㄨㄚˊ ㄐㄧㄝˇ ㄅㄧㄥˋ ㄒㄧㄤˋ ㄓㄨㄥ ㄒㄧㄠˇ ㄏㄨˋ ㄒㄧㄥˊ ㄇㄢˋ ㄧㄢˊ
009371,ㄐㄧㄡˋ ㄒㄧㄤˋ ㄌㄢˊ ㄑㄧㄡˊ ㄔㄨㄥ ㄇㄢˇ ㄑㄧˋ ㄐㄧㄡˋ ㄆㄥ ㄆㄥ ㄧㄡˇ ㄌㄧˋ ㄖㄨˊ ㄍㄨㄛˋ ㄅㄧㄝˇ ㄌㄜ˙ ㄧㄝˇ ㄐㄧㄡ˙ ㄉㄚˇ ㄅㄨˋ ㄑㄧˇ ㄌㄞˊ
009372,ㄐㄧˊ ㄐㄧㄤ ㄉㄠˋ ㄌㄞˊ ㄉㄜ˙ ㄒㄧㄣ ㄕㄥ ㄇㄧㄥˋ ㄩㄝˇ ㄖㄤˋ ㄎㄜˇ ㄦˊ ㄎㄢˋ ㄑㄧˇ ㄦˊ ㄍㄥˋ ㄐㄧㄚ ㄨˇ ㄇㄟˋ ㄍㄥˋ ㄐㄧㄚ ㄒㄧㄥˋ ㄍㄢˇ
009373,ㄓㄜˋ ㄕˋ ㄈㄛˊ ㄉㄧㄥˇ ㄏㄨˊ ㄕㄜˇ ㄌㄧˋ ㄔㄨㄥˊ ㄍㄨㄤ ㄏㄡˋ ㄕㄡˇ ㄘˋ ㄗㄞˋ ㄓㄨㄥ ㄍㄨㄛˋ ㄋㄟˋ ㄉㄧˋ ㄩˇ ㄨㄞˋ ㄉㄧˋ ㄑㄩˋ ㄍㄨㄥˋ ㄈㄥˋ
009374,ㄒㄧㄠˇ ㄆㄟˊ ㄋㄧˇ ㄉㄨˋ ㄍㄨㄛˋ ㄓㄜ˙ ㄇㄢˋ ㄔㄤˊ ㄉㄜ˙ ㄏㄟ ㄧㄝˋ
009375,ㄩˋ ㄇㄧˇ ㄒㄧㄤ ㄐㄧㄥ ㄅㄧˇ ㄊㄧㄢˊ ㄇㄧˋ ㄙㄨˋ ㄍㄥˋ ㄌㄧˇ ㄏㄞˋ
009376,ㄒㄧㄢˋ ㄗㄞˋ ㄓㄜˋ ㄓㄨㄥˋ ㄊㄨㄟˊ ㄕˋ ㄧㄝˇ ㄓㄥˋ ㄗㄞˋ ㄔㄢˇ ㄧㄝˋ ㄌㄧㄢˋ ㄉㄜ˙ ㄍㄜˋ ㄍㄜ˙ ㄏㄨㄢˊ ㄐㄧㄝˊ ㄓㄨㄥ ㄧㄡˊ ㄙㄨㄛˊ ㄊㄧˇ ㄒㄧㄢˋ
009377,ㄐㄧㄣˋ ㄏㄨㄛˋ ㄕˊ ㄍㄨㄥ ㄔㄤˇ ㄍㄜ˙ ㄨㄛˇ ㄕㄨㄛ ㄕˋ ㄔㄨㄣˊ ㄇㄧㄢˊ ㄉㄜ˙ ㄨㄛˇ ㄇㄛˊ ㄑㄧˇ ㄌㄞˊ ㄧㄝˇ ㄅㄨˋ ㄒㄧㄤˋ
009378,ㄋㄧˇ ㄐㄧㄚˋ ㄕˋ ㄩㄢˊ ㄅㄨˊ ㄌㄜˋ ㄧˋ ㄌㄜ˙ ㄗㄨㄟˊ ㄌㄧˇ ㄎㄞ ㄕˇ ㄇㄚˋ ㄇㄚˇ ㄌㄧㄝˋ ㄌㄧㄝˋ ㄉㄜ˙
009379,ㄋㄢˊ ㄊㄡˊ ㄒㄧㄢˋ ㄖˋ ㄩㄝˋ ㄊㄢˊ ㄌㄢˇ ㄔㄜ ㄑㄨㄢˊ ㄅㄨˋ ㄗㄢˋ ㄊㄧㄥˊ ㄇㄨˋ ㄑㄧㄢˊ ㄓㄥˋ ㄗㄞˋ ㄕㄨ ㄙㄢˋ ㄧㄡˊ ㄎㄜˋ
009380,ㄧㄣ ㄨㄟˋ ㄍㄨㄥ ㄗㄨㄛˋ ㄩㄢˊ ㄧㄣ ㄐㄧㄥ ㄔㄤˊ ㄉㄜˊ ㄗㄨㄟˋ ㄖㄣˊ ㄊㄚ ㄧㄝˇ ㄐㄧㄥ ㄔㄤˊ ㄕㄡˋ ㄉㄠˋ ㄖㄨˇ ㄇㄚˋ ㄏㄜˊ ㄨㄟˊ ㄍㄨㄥ
009381,ㄜˋ ㄋㄨㄛˋ ㄉㄜ˙ ㄊㄧˇ ㄊㄞˋ ㄖㄤˋ ㄖㄣˊ ㄙ ㄏㄠˊ ㄎㄢˋ ㄅㄨˋ ㄔㄨˋ ㄊㄚ ㄐㄧˇ ㄍㄜˋ ㄩㄝˋ ㄑㄧㄢˊ ㄍㄤ ㄍㄤ ㄕㄥˋ ㄨㄢˊ ㄅㄠˇ ㄅㄠ˙
009382,ㄓㄜˋ ㄉㄨˊ ㄙˇ ㄨㄤˊ ㄑㄧㄤˊ ㄕㄤˋ ㄉㄢˋ ㄎㄨㄥˇ ㄌㄟˊ ㄌㄟˇ ㄓㄜˋ ㄌㄧˇ ㄕˋ ㄋㄚˋ ㄘㄨㄟˋ ㄔㄨˇ ㄐㄩㄜˊ ㄈㄢˋ ㄖㄣˊ ㄉㄜ˙ ㄉㄧˋ ㄈㄤ˙
009383,ㄌㄧㄣˊ ㄉㄠˇ ㄐㄧㄡ ㄐㄧㄝˊ ㄌㄜ˙ ㄌㄧㄥˊ ㄉㄠˋ ㄒㄧˊ ㄈㄨˋ ㄐㄧˊ ㄧㄢˇ ㄌㄜ˙ ㄈㄚ ㄉㄨㄢˇ ㄑㄧˋ ㄉㄜ˙ ㄋㄩˇ ㄒㄧㄚˋ ㄕㄨˋ ㄨˊ ㄩˇ ㄌㄜ˙
009384,ㄐㄧㄡˋ ㄏㄨㄥˇ ㄓㄜ˙ ㄌㄜˋ ㄌㄜ˙ ㄌㄨㄣˋ ㄌㄜ˙ ㄧㄝˇ ㄢ ㄐㄧㄥˋ ㄒㄧㄚˋ ㄌㄞˊ ㄌㄜ˙ ㄇㄧㄥˋ ㄇㄟˊ ㄧㄡˇ ㄔㄨ ㄒㄧㄢˋ ㄖㄣˋ ㄏㄜˊ ㄓㄥˋ ㄓㄨㄤˋ
009385,ㄓˇ ㄧㄠˋ ㄒㄧㄤˋ ㄧˇ ㄑㄧㄢˊ ㄧˊ ㄧㄤˋ ㄊㄚ ㄊㄚˋ ㄕˊ ㄕˋ ㄉㄜ˙ ㄍㄢˋ ㄧˊ ㄉㄧㄥˋ ㄋㄥˊ ㄏㄨㄟˋ ㄈㄨˋ ㄍㄨㄛˋ ㄌㄞˊ
009386,ㄐㄧㄝˋ ㄕㄤˋ ㄎㄨㄥ ㄌㄧㄡˊ ㄒㄧㄚˋ ㄌㄜ˙ ㄕㄣˊ ㄙㄜˋ ㄘㄨㄥ ㄘㄨㄥ ㄉㄜ˙ ㄒㄧㄥˊ ㄖㄣˊ
009387,ㄅㄚˋ ㄅㄚ˙ ㄉㄨㄢ ㄒㄧㄤˊ ㄧˊ ㄏㄨㄟˋ ㄕㄨㄛ ㄨㄛˇ ㄈㄚ ㄕˋ ㄓㄜˋ ㄕㄨㄛˇ ㄐㄧㄢˋ ㄍㄨㄛˋ ㄉㄜ˙ ㄗㄨㄟˋ ㄕㄨㄞˋ ㄉㄜ˙ ㄍㄨㄤ ㄊㄡˊ
009388,ㄗㄨㄛˋ ㄕㄤˋ ㄉㄧㄢˋ ㄊㄧ ㄏㄡˋ ㄊㄚ ㄉㄡˊ ㄉㄡˇ ㄊㄨ ㄖㄢˊ ㄉㄧㄠˋ ㄒㄧㄚˋ ㄌㄞˊ ㄌㄜ˙ ㄇㄟˊ ㄧㄡˇ ㄖㄣˋ ㄏㄜˊ ㄒㄧㄢ ㄓㄠˋ
009389,ㄅㄨˊ ㄌㄧㄠˋ ㄌㄧㄡˋ ㄘˋ ㄘㄞˇ ㄍㄨㄤ ㄑㄧㄥˇ ㄗㄨㄛˋ ㄌㄜ˙ ㄙㄢ ㄘˋ ㄊㄚ ㄉㄜ˙ ㄌㄧㄢˇ ㄕㄤˋ ㄐㄧㄡˋ ㄑㄧˊ ㄇㄢˇ ㄍㄜˊ ㄉㄚ˙
009390,ㄒㄧˇ ㄏㄨㄢ ㄇㄟˇ ㄧˊ ㄍㄜˋ ㄞˋ ㄕㄥ ㄏㄨㄛˊ ㄉㄜ˙ ㄖㄣˊ ㄋㄜ˙
009391,ㄎㄞˊ ㄇㄨˇ ㄅㄛˊ ㄧ ㄗˋ ㄐㄧˇ ㄗㄞˋ ㄎㄣˇ ㄋㄧˇ ㄧㄚˋ ㄧㄝˇ ㄕˋ ㄧˋ ㄇㄧㄥˊ ㄐㄧㄥˇ ㄔㄚˊ
009392,ㄐㄧㄣ ㄏㄨㄚ ㄒㄧㄤ ㄧㄣˊ ㄏㄨㄚ ㄒㄧㄤ ㄨㄢˊ ㄐㄧㄢˇ ㄓㄢ ㄌㄜ˙ ㄎㄜ ㄐㄧˋ ㄉㄜ˙ ㄍㄨㄤˊ
009393,ㄍㄜˊ ㄨㄟˇ ㄕㄥˋ ㄅㄚˇ ㄔㄜ ㄗ˙ ㄊㄧㄥˊ ㄗㄞˋ ㄌㄧˊ ㄘㄜˋ ㄙㄨㄛˇ ㄐㄧㄣˋ ㄉㄜ˙ ㄉㄧˋ ㄈㄤ˙
009394,ㄓㄨ ㄧㄢˋ ㄌㄞˊ ㄓㄨㄥ ㄍㄨㄛˊ ㄑㄧㄢˊ ㄖㄣˋ ㄗㄨㄥˊ ㄌㄧˇ ㄓㄨ ㄖㄨㄥˊ ㄐㄧ ㄉㄢˋ ㄋㄩˇ ㄦˊ
009395,ㄒㄧㄠˊ ㄒㄩㄜˇ ㄨㄣˋ ㄌㄠˇ ㄅㄚˋ ㄅㄚˋ ㄧㄡˇ ㄇㄟˊ ㄧㄡˊ ㄅㄧˇ ㄐㄧㄠ ㄎㄨㄥˇ ㄅㄨˋ ㄉㄜ˙ ㄕㄨ
009396,ㄔㄣˊ ㄕㄨㄟˊ ㄅㄧㄢˇ ㄧˇ ㄙㄢ ㄍㄨㄟˋ ㄐㄧㄡˇ ㄎㄡˋ ㄉㄜ˙ ㄈㄤ ㄕˋ ㄐㄧㄣˋ ㄖㄨˋ ㄌㄧㄥˊ ㄊㄤˊ
009397,ㄦˊ ㄊㄨㄥˊ ㄑㄩㄜ ㄉㄧㄢˇ ㄏㄨㄟˋ ㄉㄠˇ ㄓˋ ㄓˋ ㄌㄧˋ ㄉㄧ ㄒㄧㄚˋ ㄕㄣ ㄘㄞˊ ㄞˊ ㄒㄧㄠˇ
009398,ㄋㄚˇ ㄍㄜˋ ㄋㄩˇ ㄏㄞˊ ㄗ˙ ㄖㄨˊ ㄕㄤˋ ㄏㄞˇ ㄅㄟˋ ㄒㄩㄜˇ ㄧㄝˇ ㄙㄨㄢˋ ㄊㄚ ㄨㄢˊ ㄌㄜ˙
009399,ㄏㄠˇ ㄨㄢˊ ㄑㄩˋ ㄎㄢˋ ㄙㄨ ㄓㄡ ㄩㄢˊ ㄌㄧㄣˊ ㄧㄚ˙ ㄍㄢˇ ㄕㄡˋ ㄒㄧㄠˇ ㄑㄧㄠˊ ㄌㄧㄡˊ ㄕㄨㄟˇ
009400,ㄋㄩˇ ㄏㄞˊ ㄗ˙ ㄉㄜ˙ ㄋㄧㄢˊ ㄌㄧㄥˊ ㄗㄣˇ ㄇㄜ˙ ㄋㄥˊ ㄑㄧㄥ ㄧˋ ㄍㄠˋ ㄙㄨˋ ㄋㄧˇ ㄋㄜ˙
009401,ㄧ ㄕㄥ ㄉㄨㄟˋ ㄒㄧㄠˇ ㄑㄧㄣˊ ㄑㄧㄤˇ ㄐㄧㄡˋ ㄕˊ ㄈㄚ ㄒㄧㄢˋ ㄒㄧㄠˇ ㄑㄧㄥˊ ㄧˇ ㄐㄧㄠ ㄙˇ ㄨㄤˊ
009402,ㄗㄨㄛˊ ㄖˋ ㄐㄧㄤ ㄒㄧㄚˋ ㄉㄜ˙ ㄙㄨㄣ ㄒㄧㄢ ㄕㄥ˙ ㄐㄧㄡˋ ㄕㄨㄢˋ ㄌㄜ˙ ㄏㄨㄟˋ ㄆㄧㄢˋ ㄗ˙
009403,ㄨㄛˇ ㄒㄩㄋˋ ㄙㄨˋ ㄒㄧㄚˋ ㄌㄞˊ ㄌㄜ˙ ㄐㄧㄝˊ ㄍㄨㄛˇ ㄅㄟˋ ㄇㄚ ㄇㄚ˙ ㄉㄚˇ ㄌㄜ˙ ㄧˋ ㄉㄨㄣˋ
009404,ㄦˋ ㄏㄠˋ ㄑㄧˇ ㄕˋ ㄌㄧˇ ㄙㄢ ㄍㄜ˙ ㄖㄣˊ ㄉㄡ ㄊㄤˇ ㄗㄞˋ ㄔㄨㄤˊ ㄕㄤˋ ㄨㄣ ㄕㄨ
009405,ㄐㄧˇ ㄊㄧㄢ ㄏㄡˋ ㄊㄚ ㄐㄧㄡˋ ㄧㄥˊ ㄌㄞˊ ㄌㄜ˙ ㄍㄥˋ ㄐㄧㄚ ㄏㄨㄟ ㄏㄨㄤˊ ㄉㄜ˙ ㄕㄥˋ ㄌㄧˋ
009406,ㄘㄨㄥˊ ㄘˇ ㄍㄜ ㄉㄨㄥˇ ㄉㄜ˙ ㄌㄜ˙ ㄧˊ ㄍㄜ˙ ㄉㄠˋ ㄌㄧˇ ㄗㄨㄛˋ ㄖㄣˊ ㄧㄠˋ ㄔㄥˊ ㄕˊ
009407,ㄒㄧㄤ ㄍㄤˇ ㄏㄨㄟˋ ㄍㄨㄟˋ ㄧˋ ㄓㄡ ㄋㄧㄢˊ ㄉㄜ˙ ㄐㄧˋ ㄋㄧㄢˋ ㄩˋ ㄐㄧˊ ㄐㄧㄤ ㄌㄞˊ ㄌㄧㄣˊ
009408,ㄊㄥˊ ㄊㄨㄥˋ ㄋㄢˊ ㄖㄣˇ ㄉㄜ˙ ㄨㄤˊ ㄉㄢˋ ㄉㄢ ㄙㄨㄟˊ ㄑㄧˊ ㄩㄝˋ ㄊㄤˊ ㄉㄠˇ ㄗㄞˋ ㄉㄧˋ
009409,ㄇㄧㄥˊ ㄗㄨㄟˇ ㄩˇ ㄧㄤ ㄕˋ ㄉㄜ˙ ㄑㄧˊ ㄌㄨˋ ㄔ ㄗㄠˇ ㄏㄨㄟˋ ㄅㄠˋ ㄇㄨˋ ㄔㄨ ㄌㄞ˙
009410,ㄋㄧˊ ㄕㄡˇ ㄒㄧㄝ ㄧㄠˋ ㄓㄠˊ ㄐㄧˇ ㄍㄜ˙ ㄐㄧㄥ ㄅㄨˋ ㄑㄧˇ ㄋㄧㄝˋ ㄉㄜ˙ ㄖㄨㄢˇ ㄕˋ ㄗ˙
009411,ㄙㄨㄢ ㄖㄣˊ ㄒㄧㄚˋ ㄅㄢ ㄏㄡˋ ㄉㄡ ㄩˇ ㄇㄞˋ ㄎㄜˋ ㄅㄨˋ ㄌㄞˋ ㄉㄜˊ ㄊㄨㄥ ㄉㄨㄢˇ ㄒㄧㄣˋ
009412,ㄉㄧㄢˋ ㄩㄢˊ ㄘㄨㄥˊ ㄌㄞˊ ㄇㄟˊ ㄓㄨㄥˋ ㄍㄨㄛˋ ㄉㄨˊ ㄆㄧㄣˇ ㄒㄧㄠˋ ㄉㄜ˙ ㄕㄣˊ ㄇㄜ˙ ㄉㄨˊ
009413,ㄕㄤ ㄖㄣˊ ㄏㄣˇ ㄕˊ ㄗㄞˋ ㄉㄤ ㄖㄣˊ ㄓ ㄉㄠˋ ㄨㄣˊ ㄏㄨㄚˋ ㄎㄜˊ ㄧˋ ㄕㄥ ㄘㄞˊ
009414,ㄌㄧˋ ㄕˇ ㄎㄠˋ ㄗㄨㄣ ㄏㄨㄚˋ ㄖㄣˊ ㄉㄜ˙ ㄖㄜˋ ㄒㄩㄜˋ ㄏㄜˊ ㄏㄢˋ ㄕㄨㄟˊ ㄒㄧㄝˇ ㄐㄧㄡˋ
009415,ㄓㄜˋ ㄕˋ ㄧˋ ㄊㄧㄢ ㄋㄟˋ ㄉㄧˋ ㄦˋ ㄑㄧˇ ㄦˊ ㄊㄨㄥˊ ㄅㄞˇ ㄋㄨㄥˋ ㄑㄧㄤ ㄓ ㄓˋ ㄩㄢˊ ㄙㄤˋ ㄕㄥ ㄕˋ ㄐㄧㄝˋ
009416,ㄦˊ ㄧㄡˊ ㄇㄡˇ ㄓㄥˋ ㄘㄨㄥˊ ㄉㄨㄥ ㄒㄧㄤˋ ㄒㄧ ㄉㄠˋ ㄔㄜ ㄓˊ ㄐㄧㄝ ㄐㄧㄤ ㄌㄠˇ ㄊㄞˋ ㄍㄨㄚˊ ㄉㄠˇ ㄗㄞˋ ㄉㄧˋ
009417,ㄩˊ ㄇㄠˇ ㄕㄤˋ ㄑㄧㄢˊ ㄏㄨˋ ㄈㄨ ㄅㄟˋ ㄋㄢˊ ㄇㄡˇ ㄌㄢˊ ㄓㄨˋ ㄑㄩˋ ㄌㄨˋ ㄧㄤˇ ㄖㄣˊ ㄋㄧㄡˊ ㄉㄚˊ ㄑㄧˇ ㄌㄞˊ
009418,ㄍㄨㄛˋ ㄏㄥˊ ㄉㄧㄥˋ ㄐㄧㄝˋ ㄕㄠˋ ㄑㄧˊ ㄓㄨㄥ ㄉㄜ˙ ㄧ ㄙㄢ ㄨˇ ㄓㄨˇ ㄧㄠˋ ㄐㄧㄡˋ ㄕˋ ㄓˇ ㄍㄨㄥ ㄗㄨ ㄈㄤˊ
009419,ㄍㄨㄞˋ ㄅㄨˋ ㄉㄜˊ ㄍㄨˇ ㄖㄣˊ ㄔㄤˊ ㄕㄨㄛ ㄐㄧㄣˋ ㄓㄨ ㄓㄜˇ ㄔˋ ㄨㄛˇ ㄒㄧㄢˋ ㄗㄞˋ ㄑㄩㄜˋ ㄕˋ ㄩㄝˋ ㄌㄞˊ ㄩㄝˋ ㄒㄧㄤˋ ㄓㄨˇ ㄖㄣˊ ㄌㄜ˙
009420,ㄐㄧㄥ ㄓㄣˇ ㄉㄨㄢˋ ㄏㄠˋ ㄏㄠˋ ㄅㄟˋ ㄑㄩㄜˋ ㄓㄣˇ ㄨㄟˊ ㄒㄧㄠˋ ㄔㄨㄢˇ ㄅㄧㄥˋ ㄗㄞˋ ㄓ ㄏㄡˋ ㄕㄨˋ ㄓㄡ ㄋㄟˋ ㄉㄨㄛ ㄘˋ ㄐㄧㄣˋ ㄒㄧㄥˊ ㄓㄣˇ ㄓˋ
009421,ㄏㄞˊ ㄧㄡˇ ㄊㄚ ㄗㄞˋ ㄙ ㄒㄧㄚˋ ㄑㄧ ㄕˋ ㄅㄧˇ ㄐㄧㄠˊ ㄌㄚ ㄊㄚ˙ ㄒㄧㄤˋ ㄒㄧ ㄌㄧˋ ㄍㄜ ㄧˊ ㄧㄤˋ
009422,ㄉㄤ ㄕˊ ㄧˇ ㄕˋ ㄕˋ ㄖㄣˊ ㄉㄚˋ ㄉㄞˋ ㄅㄧㄠˇ ㄉㄜ˙ ㄒㄧㄠˋ ㄧㄡˋ ㄇㄟˇ ㄊㄧㄝ ㄔㄨ ㄐㄧㄥˋ ㄒㄩㄜˊ ㄏㄞˇ ㄅㄠˋ ㄧˋ ㄕˋ ㄑㄩ ㄐㄩ ㄇㄧㄣˊ ㄕㄣ ㄈㄣˋ ㄘㄢ ㄒㄨㄢˇ
009423,ㄢˋ ㄐㄧㄢˋ ㄆㄢˋ ㄐㄩㄜˊ ㄏㄡˋ ㄕㄜˋ ㄏㄨㄟˋ ㄒㄧㄠˋ ㄍㄨㄛˊ ㄏㄠˇ
009424,ㄊㄚ ㄓㄜˋ ㄘㄞˊ ㄌㄨㄣ ㄑㄧˇ ㄉㄠ ㄙㄜˋ ㄓㄜˋ ㄕㄨˇ ㄩˊ ㄐㄧ ㄑㄧㄥˊ ㄈㄢˋ ㄗㄨㄟˋ ㄅㄧㄥˋ ㄇㄟˊ ㄧㄡˊ ㄓㄨˇ ㄍㄨㄢˋ ㄜˋ ㄧˋ
009425,ㄘˊ ㄊㄧㄝˇ ㄌㄧˋ ㄐㄧ ㄗㄞˋ ㄨㄤˇ ㄕㄤˋ ㄧㄣˊ ㄑㄧˇ ㄖㄜˋ ㄔㄠˇ
009426,ㄋㄧˇ ㄉㄜ˙ ㄊㄡˊ ㄉㄧㄥˇ ㄉㄡ ㄊㄨ ㄔㄥˊ ㄕㄣˊ ㄇㄜ˙ ㄧㄤˋ ㄗ˙ ㄌㄜ˙ ㄖㄨˋ ㄨㄛˇ ㄕㄤˋ ㄌㄧㄤˋ ㄍㄨㄛˋ ㄇㄚ˙
009427,ㄙㄨㄟˊ ㄏㄡˋ ㄍㄡˊ ㄓㄨˇ ㄖㄣˊ ㄌㄧㄢˊ ㄒㄩˋ ㄔㄨˋ ㄓㄠ ㄕㄨㄞˊ ㄦˇ ㄍㄨㄤ ㄩㄥˋ ㄐㄧㄠˇ ㄔㄨㄞˋ ㄓㄨㄞˋ ㄊㄡˊ ㄈㄚˋ ㄡ ㄉㄚˇ ㄋㄩˇ ㄉㄧㄢˋ ㄓㄤˇ ㄒㄧㄝˋ ㄈㄣˋ
009428,ㄧˋ ㄕㄣ ㄈㄚˇ ㄩㄢˋ ㄒㄧㄢˇ ㄖㄢˊ ㄏㄨㄣˋ ㄒㄧㄠˊ ㄌㄜ˙ ㄓㄜˋ ㄙㄢˋ ㄍㄜ˙ ㄍㄨㄢ ㄒㄧ˙
009429,ㄍㄞ ㄢˋ ㄇㄨˋ ㄑㄧㄢˊ ㄧˇ ㄐㄧㄣˋ ㄖㄨˋ ㄧˊ ㄐㄧㄠ ㄈㄚˇ ㄩㄢˋ ㄑㄧˇ ㄙㄨˋ ㄐㄧㄝˋ ㄉㄨㄢˋ
009430,ㄊㄚ ㄔㄨㄢˋ ㄌㄜ˙ ㄧˊ ㄐㄧㄢˋ ㄙㄨㄥ ㄎㄨㄚˊ ㄎㄨㄚˇ ㄉㄜ˙ ㄏㄨㄥˊ ㄙㄜˋ ㄔㄣˋ ㄕㄢ
009431,ㄖㄢˊ ㄏㄡˋ ㄐㄧㄡˋ ㄔㄨ ㄇㄣˊ ㄌㄜ˙ ㄧㄡˊ ㄒㄧㄚˋ ㄘㄨㄛˋ ㄜˋ ㄉㄜ˙ ㄌㄠˇ ㄆㄛ˙
009432,ㄙㄨ ㄐㄧㄥˋ ㄇㄟˊ ㄧㄡˊ ㄉㄧㄢˇ ㄉㄧ ㄉㄜ˙ ㄒㄧㄥ ㄈㄣˋ ㄉㄠˋ ㄕˋ ㄙㄨ ㄇㄨˇ ㄨㄟˊ ㄎㄨㄥˇ ㄊㄧㄢ ㄒㄧㄚˋ ㄅㄨˋ ㄓ ㄙˋ ㄔㄨˋ ㄉㄚˇ ㄉㄧㄢˋ ㄏㄨㄚˋ ㄊㄨㄥ ㄓ
009433,ㄍㄨㄥ ㄔㄥˊ ㄒㄧㄢˋ ㄔㄤˇ ㄧㄡˇ ㄍㄨㄥ ㄖㄣˊ ㄗㄞˋ ㄌㄧㄝˋ ㄖˋ ㄒㄧㄚˋ ㄉㄚˇ ㄏㄤ
009434,ㄋㄩˇ ㄩˊ ㄨㄛˇ ㄎㄢˋ ㄉㄠˋ ㄧˊ ㄧㄤˋ ㄅㄠˊ ㄇㄚˇ ㄘㄞˊ ㄅㄨˊ ㄉㄠˋ ㄌㄧㄤˊ ㄅㄞˇ ㄨㄢˋ
009435,ㄅㄚ ㄌㄧㄥˊ ㄏㄡˋ ㄉㄜ˙ ㄩㄝˋ ㄍㄨㄤ ㄗㄨˊ ㄧㄥ ㄍㄞ ㄖㄨˊ ㄏㄜˊ ㄌㄧˇ ㄘㄞˊ ㄋㄜ˙
009436,ㄊㄚ ㄕㄨㄛ ㄐㄧㄥ ㄐㄩˋ ㄐㄧㄤˇ ㄐㄧㄡˊ ㄉㄜ˙ ㄕˋ ㄑㄧㄥˊ ㄕ ㄙ ㄍㄨˇ
009437,ㄔ ㄎㄨˇ ㄋㄞˋ ㄌㄠˊ ㄌㄧㄢˊ ㄒㄩˋ ㄗㄨㄛˋ ㄓㄢˋ ㄉㄜ˙ ㄗㄨㄛˋ ㄈㄥ ㄗㄞˇ ㄧㄤˋ
009438,ㄎㄢˋ ㄉㄠˋ ㄓㄜˋ ㄍㄜ˙ ㄏㄥˊ ㄈㄨˊ ㄒㄩˇ ㄉㄨㄛ ㄖㄣˊ ㄖㄜˋ ㄌㄟˋ ㄧㄣˊ ㄎㄨㄤˋ
009439,ㄌㄧㄥˋ ㄨㄞˋ ㄖㄣˊ ㄍㄨㄥ ㄉㄨˊ ㄉㄧㄢˇ ㄐㄧㄤ ㄐㄧㄚ ㄆㄞˋ ㄑㄧㄥˇ ㄌㄩˋ ㄕㄨ ㄊㄨㄥ
009440,ㄨㄛˇ ㄧˊ ㄅㄠˋ ㄍㄠˋ ㄋㄧˇ ㄊㄠˊ ㄧㄝˋ ㄐㄧㄡˋ ㄉㄜˊ ㄔㄨˇ ㄈㄢˋ ㄇㄟˊ ㄍㄠˋ ㄋㄧˇ ㄊㄧㄥˊ ㄏㄠˇ ㄌㄜ˙ ㄎㄢˋ ㄧˋ ㄈㄥ ㄒㄧㄣˋ ㄧㄡˇ ㄕㄣˊ ㄇㄜ˙ ㄧㄠˋ ㄅㄨˋ ㄑㄧˇ ㄌㄜ˙
009441,ㄌㄧㄤˇ ㄍㄨㄛˊ ㄩㄢˊ ㄕㄡˇ ㄍㄠ ㄓㄢ ㄩㄢˊ ㄓㄨˇ ㄎㄞ ㄔㄨㄤˋ ㄌㄜ˙ ㄓㄨㄥ ㄇㄟˇ ㄍㄨㄢ ㄒㄧˇ ㄉㄜ˙ ㄒㄧㄣ ㄐㄩˇ ㄇㄧㄢˋ
009442,ㄑㄨㄢˊ ㄑㄧㄡˊ ㄉㄧˋ ㄧ ㄗㄨㄛˋ ㄆㄧㄥ ㄆㄤ ㄑㄧㄡˊ ㄆㄞ ㄗㄠˋ ㄒㄧㄥˊ ㄉㄜ˙ ㄊㄧˇ ㄩˋ ㄅㄧㄣ ㄍㄨㄢˇ ㄒㄧㄠˋ ㄍㄨㄛˇ ㄊㄨˊ
009443,ㄌㄠˇ ㄕ ㄗㄞˋ ㄒㄧㄤˇ ㄧˊ ㄒㄧㄤˇ ㄐㄧㄥ ㄔㄤˊ ㄋㄚˊ ㄅㄚˊ ㄐㄧㄢˇ ㄉㄠ ㄗㄞˋ ㄏㄨㄚ ㄘㄨㄥˊ ㄅㄧㄢ ㄌㄧㄡ ㄉㄚˋ ㄉㄜ˙ ㄕˋ ㄕㄣˊ ㄇㄜ˙ ㄖㄣˊ
009444,ㄊㄚ ㄅㄨˋ ㄉㄢˋ ㄉㄚˋ ㄕㄨㄣ ㄔㄠˊ ㄖㄤˇ ㄏㄞˊ ㄉㄚˇ ㄏㄨㄞˋ ㄌㄜ˙ ㄉㄧㄢˋ ㄋㄟˋ ㄏㄣˇ ㄉㄨㄛ ㄨˋ ㄆㄧㄣˇ
009445,ㄧㄡˇ ㄇㄟˊ ㄊㄧˇ ㄓˊ ㄧㄢˊ ㄓㄜˋ ㄧㄤˋ ㄌㄨˋ ㄍㄨˇ ㄉㄜ˙ ㄐㄧㄠˋ ㄩˋ ㄅㄨˋ ㄐㄧㄣˇ ㄨˊ ㄩㄥˋ ㄦˊ ㄑㄧㄝˊ ㄧㄡˇ ㄏㄞˋ
009446,ㄨㄛˇ ㄧˊ ㄑㄧㄝˋ ㄉㄠˋ ㄏㄠˇ ㄋㄧㄣˊ ㄉㄚˋ ㄎㄜˇ ㄅㄨˊ ㄅㄧˋ ㄘㄠ ㄒㄧㄣ
009447,ㄙㄢ ㄌㄧㄣˊ ㄍㄨㄛ ㄢˋ ㄍㄢˇ ㄉㄠˋ ㄏㄡˋ ㄐㄧㄤ ㄋㄧㄤˊ ㄨㄤˇ ㄔㄞ ㄔㄨˊ
009448,ㄉㄡ ㄎㄨㄞˋ ㄔㄥˊ ㄋㄧㄢˊ ㄌㄜ˙ ㄏㄞˊ ㄅㄨˋ ㄓ ㄉㄠˋ ㄏㄨㄢˊ ㄕㄡˇ ㄚ˙
009449,ㄅㄧˋ ㄖㄨˊ ㄑㄧㄢˊ ㄕㄤˋ ㄋㄞˇ ㄋㄞ˙ ㄓㄡ ㄒㄩㄋˋ ㄏㄜˊ ㄓㄤ ㄩˊ ㄑㄧˇ
009450,ㄋㄚˋ ㄧㄤˋ ㄉㄜ˙ ㄖˋ ㄗ˙ ㄐㄧㄢˇ ㄓˊ ㄅㄨˋ ㄍㄢˊ ㄒㄧㄤˇ ㄒㄧㄤˋ ㄋㄚˋ
009451,ㄐㄧㄣ ㄨㄢˊ ㄉㄥˇ ㄓㄜˋ ㄋㄧˇ ㄒㄧˊ ㄈㄨˋ ㄏㄜˊ ㄋㄧˇ ㄆㄧㄣ ㄇㄧㄥˋ ㄅㄚ˙
009452,ㄨㄛˇ ㄉㄤ ㄕˊ ㄌㄥˋ ㄗㄞˋ ㄋㄚˋ ㄅㄢˋ ㄊㄧㄢ ㄅㄨˋ ㄓ ㄙㄚˇ ㄅㄢˋ
009453,ㄧˋ ㄒㄧㄝ ㄍㄨㄢ ㄩㄢˊ ㄊㄧㄥ ㄨㄢˊ ㄏㄡˋ ㄐㄩㄜˊ ㄉㄜ˙ ㄏㄨㄛˋ ㄧˋ ㄈㄟˊ ㄑㄧㄢˇ
009454,ㄗㄞˋ ㄕㄨㄛ ㄗㄢˊ ㄓㄜˋ ㄌㄧˇ ㄧㄤˋ ㄇㄣˊ ㄧㄡˊ ㄕㄨㄟˇ ㄉㄚˊ ㄙㄠˊ ㄑㄧˇ ㄌㄞˊ ㄍㄥˋ ㄏㄨㄚ ㄍㄨㄥ ㄈㄨˋ
009455,ㄉㄨㄥ ㄏㄨˊ ㄔㄥˊ ㄍㄨㄢˇ ㄉㄨㄟˋ ㄩㄢˊ ㄗㄞˋ ㄙㄠˊ ㄒㄩㄜˇ
009456,ㄆㄤˊ ㄅㄧㄢ ㄧˊ ㄨㄟˋ ㄓㄨㄥ ㄋㄧㄢˊ ㄋㄢˊ ㄗˇ ㄐㄧㄢˋ ㄓㄨㄤˋ ㄌㄨㄣ ㄑㄧˇ ㄉㄤˋ ㄎㄡˇ ㄈㄨˋ ㄐㄧㄣˋ ㄉㄜ˙ ㄉㄥˋ ㄗˋ ㄐㄧㄤ ㄈㄢˋ ㄇㄡˇ ㄉㄚˊ ㄆㄠˇ
009457,ㄎㄤˋ ㄧˋ ㄕˋ ㄨㄟˋ ㄓㄜˇ ㄕㄥ ㄔㄥ ㄐㄧㄤ ㄐㄧㄝˇ ㄈㄤˋ ㄕㄡˇ ㄉㄨ ㄉㄧ ㄌㄧˋ ㄅㄛ ㄌㄧˇ
009458,ㄧㄡˇ ㄇㄟˋ ㄧㄡˋ ㄈㄚ ㄒㄧㄢˋ ㄨㄛˊ ㄒㄧˇ ㄏㄨㄢ ㄅㄟˋ ㄧㄥˇ ㄓㄠˋ ㄅㄨˊ ㄍㄨㄛˋ ㄨㄛˇ ㄒㄧㄤ ㄒㄧㄣˋ ㄋㄧˇ ㄒㄧㄣ ㄌㄧˊ ㄧˇ ㄐㄧㄥ ㄧㄡˊ ㄨㄛˇ ㄉㄜ˙ ㄌㄨㄣˊ ㄎㄨㄛˋ ㄌㄜ˙
009459,ㄧㄤˊ ㄍㄨㄛˊ ㄕㄥˋ ㄅㄟˋ ㄕㄠ ㄉㄜ˙ ㄒㄧㄤˋ ㄍㄜ˙ ㄏㄟ ㄖㄣˊ ㄧ ㄈㄨ˙ ㄍㄣ ㄆㄧˊ ㄈㄨ ㄓㄢˋ ㄗㄞˋ ㄧˋ ㄑㄧˇ
009460,ㄋㄚˋ ㄕˊ ㄏㄡˋ ㄨㄛˇ ㄇㄣ˙ ㄌㄧㄚˇ ㄓㄣ ㄕˋ ㄆㄧㄣˊ ㄐㄧㄢˋ ㄅㄨˋ ㄋㄥˊ ㄧˊ ㄧㄚˋ
009461,ㄕˋ ㄇㄠˋ ㄌㄧˇ ㄐㄩˋ ㄑㄧㄥ ㄕㄨㄛ ㄓㄜ˙ ㄆㄧˋ ㄍㄨㄛˇ ㄧㄡˋ ㄋㄚˇ ㄧˊ ㄘㄨㄣˋ
009462,ㄒㄨㄢ ㄕˋ ㄐㄧㄝˊ ㄕㄨˋ ㄍㄨㄛˊ ㄑㄧˊ ㄏㄨㄢˊ ㄏㄨㄢˇ ㄊㄨㄟˋ ㄔㄨ ㄏㄨㄟˋ ㄔㄤˇ
009463,ㄐㄧㄡˋ ㄙㄨㄢˋ ㄨˊ ㄩˇ ㄨㄛˊ ㄧㄝˇ ㄏㄨㄟˋ ㄧˋ ㄓˊ ㄆㄟˊ ㄓㄜ˙ ㄓㄨˋ ㄖㄣˊ ㄉㄜ˙ ㄛ˙
009464,ㄖㄣˊ ㄌㄟˋ ㄖㄨˊ ㄏㄜˊ ㄘㄞˊ ㄋㄥˊ ㄅㄞˇ ㄊㄨㄛ ㄏㄨㄟˇ ㄇㄧㄢˋ ㄉㄜ˙ ㄇㄧㄥˋ ㄩㄣˋ
009465,ㄕㄨㄟˊ ㄋㄥˊ ㄔㄨ ㄖㄣˋ ㄜˋ ㄌㄨㄛˋ ㄙˋ ㄉㄨㄟˋ ㄒㄧㄣ ㄉㄜ˙ ㄓㄨˇ ㄐㄧㄠˋ ㄌㄧㄢˋ
009466,ㄑㄧˊ ㄊㄚ ㄉㄜ˙ ㄌㄞˊ ㄗˋ ㄩˇ ㄐㄧㄥ ㄕㄣˊ ㄅㄧㄥˋ ㄓㄣˊ ㄙㄨㄛˇ ㄏㄨㄛˋ ㄧ ㄩㄢˋ
009467,ㄊㄨㄥˊ ㄕˊ ㄐㄧㄝ ㄉㄠˋ ㄐㄧㄥ ㄉㄨㄛ ㄈㄤ ㄗㄡˊ ㄈㄤˇ ㄑㄧㄡˊ ㄓㄥˋ ㄗㄨㄟˋ ㄓㄨㄥ ㄑㄩㄜˋ ㄖㄣˋ ㄌㄜ˙ ㄐㄧㄡˋ ㄖㄣˊ ㄓㄜˇ ㄐㄧㄡˋ ㄕˋ ㄈㄥˊ ㄕˋ ㄍㄢˋ
009468,ㄓˇ ㄧㄠˋ ㄇㄟˊ ㄧㄡˇ ㄊㄞˋ ㄉㄨㄛ ㄉㄜ˙ ㄗㄚˊ ㄋㄧㄢˋ ㄐㄧㄡˋ ㄋㄥˊ ㄊㄧˇ ㄏㄨㄟˋ ㄉㄠˋ ㄓㄣ ㄓㄥˋ ㄉㄜ˙ ㄎㄨㄞˋ ㄌㄜ˙ ㄌㄚ˙
009469,ㄐㄧㄣ ㄋㄧㄢˊ ㄐㄧㄡˋ ㄧㄡˇ ㄌㄩˊ ㄧㄡˇ ㄐㄧㄢˋ ㄧˋ ㄐㄧㄣˇ ㄎㄨㄞˋ ㄌㄧˋ ㄈㄚˇ ㄐㄧㄤ ㄌㄩˇ ㄧㄡˊ ㄖˋ ㄐㄧㄚˋ ㄑㄧ ㄔㄤˊ ㄊㄞˋ ㄏㄨㄚˋ
009470,ㄓㄥ ㄓ ㄓㄨㄥ ㄓㄠˋ ㄇㄡˇ ㄙㄨㄟˋ ㄩㄥˋ ㄕㄨㄤ ㄕㄡˇ ㄑㄧㄚ ㄓㄨˋ ㄍㄨㄢ ㄇㄡˇ ㄉㄜ˙ ㄅㄛˊ ㄗ˙ ㄓˋ ㄑㄧˊ ㄙˇ ㄨㄤˊ
009471,ㄉㄠˋ ㄕㄤˋ ㄧㄡˇ ㄏㄢˊ ㄈㄤ ㄐㄧㄢˋ ㄗㄠˋ ㄉㄜ˙ ㄉㄥ ㄊㄚˇ ㄏㄞˇ ㄢˋ ㄕㄠˋ ㄙㄨㄛˇ ㄏㄜˊ ㄇㄚˇ ㄊㄡˊ ㄉㄥˇ ㄕㄜˋ ㄕ
009472,ㄊㄨ ㄓㄨㄥ ㄧㄡˇ ㄧˊ ㄔㄨˋ ㄇㄧㄥˊ ㄒㄧㄢˇ ㄘㄨㄛˋ ㄨˋ ㄐㄧˊ ㄇㄟˊ ㄧㄡˊ ㄅㄚˇ ㄊㄞˊ ㄨㄢ ㄏㄨㄚˋ ㄨㄟˊ ㄓㄨㄥ ㄍㄨㄛˋ ㄉㄜ˙ ㄌㄧㄥˊ ㄊㄨˇ
009473,ㄒㄧㄝˋ ㄒㄧㄢ ㄕㄥ˙ ㄊㄨㄥ ㄓ ㄌㄜˋ ㄏㄨㄚˊ ㄒㄩㄜˊ ㄔㄤˇ ㄍㄨㄥ ㄗㄨㄛˋ ㄖㄣˊ ㄩㄢˊ ㄅㄧㄥˋ ㄙㄨㄥˋ ㄦˊ ㄗˋ ㄑㄩˋ ㄌㄜ˙ ㄧ ㄩㄢˋ
009474,ㄍㄞˇ ㄎㄨㄛˋ ㄐㄧㄢˋ ㄍㄨㄛˊ ㄅㄛˊ ㄅㄨˊ ㄏㄨㄟˋ ㄕˋ ㄨㄟˋ ㄌㄜ˙ ㄓㄢˇ ㄕˋ ㄓㄜˋ ㄒㄧㄝ ㄕㄜ ㄔˋ ㄆㄧㄥˇ ㄌㄜ˙ ㄏㄨㄚˋ ㄅㄚ˙
009475,ㄅㄣˇ ㄌㄞˊ ㄑㄩˋ ㄊㄧㄠˊ ㄐㄧㄝˇ ㄐㄧㄡ ㄈㄣ ㄉㄜ˙ ㄆㄥˋ ㄑㄧㄠˊ ㄅㄚˇ ㄓㄜˋ ㄇㄧㄥˊ ㄊㄠˊ ㄈㄢˋ ㄐㄧㄡ ㄔㄨˋ ㄌㄞˊ ㄌㄜ˙
009476,ㄉㄢˋ ㄗㄞˋ ㄙˋ ㄋㄩㄝˋ ㄉㄜ˙ ㄕㄚ ㄔㄣˊ ㄕㄚ ㄅㄠˋ ㄇㄧㄢˋ ㄑㄧㄢˊ ㄐㄧˋ ㄏㄨㄚˋ ㄅㄧㄢˋ ㄔㄥˊ ㄊㄢˊ ㄏㄨㄚ ㄧˊ ㄇㄥˋ
009477,ㄓㄜˋ ㄍㄨˇ ㄒㄨㄢˋ ㄈㄥ ㄒㄧㄤˋ ㄊㄚ ㄉㄜ˙ ㄉㄨㄟˋ ㄇㄧㄢˋ ㄎㄨㄞˋ ㄙㄨˋ ㄧˊ ㄉㄨㄥˋ ㄘㄞˇ ㄍㄤ ㄅㄢˇ ㄧㄝˇ ㄍㄣ ㄓㄜ˙ ㄆㄠˇ
009478,ㄇㄧㄢˋ ㄉㄨㄟˋ ㄊㄨㄥˊ ㄧㄤˋ ㄐㄩㄜˊ ㄐㄧㄤˋ ㄌㄜ˙ ㄈㄨˋ ㄑㄧㄣˇ ㄨㄟ ㄗˇ ㄨˊ ㄎㄜˇ ㄋㄞˋ ㄏㄜˊ ㄓˇ ㄉㄜ˙ ㄅㄞˇ ㄧ ㄅㄞˇ ㄕㄨㄟˋ
009479,ㄨㄛˇ ㄍㄢˊ ㄐㄧㄣˇ ㄈㄢ ㄑㄧㄢˊ ㄅㄠ ㄨㄢˊ ㄌㄜ˙ ㄐㄧㄡˋ ㄕㄥˋ ㄨˇ ㄇㄠˊ ㄌㄜ˙ ㄅㄠˋ ㄐㄧㄥˇ ㄅㄚ ㄕㄡˇ ㄐㄧ ㄋㄜ˙
009480,ㄉㄤˋ ㄊㄧㄢ ㄇㄟˇ ㄩㄢˊ ㄉㄨㄟˋ ㄖˋ ㄩㄢˊ ㄧㄝˇ ㄕㄤˋ ㄓㄤˇ ㄧ ㄉㄧㄢˇ ㄌㄧㄥˊ ㄙㄢ ㄅㄠˋ ㄑㄧ ㄕˊ ㄅㄚ ㄉㄧㄢˇ ㄌㄧㄡˋ ㄑㄧ
009481,ㄙㄨㄣ ㄒㄧㄥ ㄎㄣˊ ㄑㄧㄥˇ ㄍㄨㄥ ㄓㄨㄥˋ ㄉㄚˇ ㄒㄧㄣˋ ㄖㄣˋ ㄔㄨㄥˊ ㄒㄧㄣ ㄐㄧㄠ ㄏㄨㄟˋ ㄉㄠˋ ㄗˋ ㄐㄧˇ ㄉㄜ˙ ㄕㄡˇ ㄕㄤˋ
009482,ㄅㄧㄝˊ ㄖㄣˊ ㄧㄡˇ ㄅㄟˋ ㄐㄧㄥˇ ㄨㄛˇ ㄇㄣ˙ ㄓˊ ㄧㄡˇ ㄅㄟˋ ㄧㄥˇ ㄅㄧㄝˊ ㄖㄣˊ ㄗㄞˋ ㄌㄩˋ ㄧㄡˊ ㄨㄛˇ ㄇㄣ˙ ㄗㄞˋ ㄇㄥˋ ㄧㄡˊ
009483,ㄐㄧㄝˋ ㄓㄨˋ ㄓㄜˋ ㄓㄨㄥˇ ㄗㄥ ㄓㄤˇ ㄉㄨㄥˋ ㄋㄥˊ ㄨㄛˇ ㄇㄣ˙ ㄐㄧㄤ ㄋㄥˊ ㄅㄠˇ ㄔˊ ㄕˋ ㄔㄤˊ ㄌㄧㄢˇ ㄒㄧㄢ ㄉㄧˋ ㄨㄟˋ
009484,ㄎㄜˋ ㄔㄡˊ ㄌㄞˊ ㄉㄜ˙ ㄋㄚˋ ㄉㄧㄢˇ ㄑㄧㄢˊ ㄇㄟˋ ㄇㄟˊ ㄗㄨㄛˋ ㄐㄧˇ ㄘˋ ㄊㄡˋ ㄒㄧ ㄐㄧㄡˋ ㄉㄡ ㄏㄨㄚˋ ㄍㄨㄤ ㄌㄜ˙
009485,ㄏㄢˋ ㄗ˙ ㄕㄣ ㄏㄡˋ ㄉㄜ˙ ㄊㄨˇ ㄑㄧㄤˊ ㄕㄤˋ ㄅㄧㄥ ㄓㄜ˙ ㄧˋ ㄓㄤ ㄧㄥˋ ㄅㄞˊ ㄓˇ ㄆㄧㄢˋ ㄕㄚˋ ㄒㄧˋ ㄖㄜˊ ㄧㄢˇ
009486,ㄕㄤˋ ㄔㄜ ㄉㄜ˙ ㄕˊ ㄏㄡˋ ㄍㄨㄚˋ ㄧ ㄉㄤ ㄑㄧˇ ㄅㄨˋ ㄎㄠˇ ㄍㄨㄢ ㄊㄨ ㄖㄢˊ ㄌㄞˊ ㄌㄜ˙ ㄧˊ ㄐㄩˋ ㄐㄧㄚ ㄧㄠˊ
009487,ㄘˇ ㄨㄞˋ ㄏㄨㄢˋ ㄓㄜˇ ㄎㄜˊ ㄧㄡˇ ㄈㄢˊ ㄎㄜˇ ㄔㄨ ㄏㄢˋ ㄌㄧㄡˊ ㄒㄧㄢˊ ㄙˋ ㄓ ㄐㄧ ㄖㄡˋ ㄐㄧㄥˋ ㄨㄢˊ ㄏㄨ ㄒㄧ ㄎㄨㄣˋ ㄋㄢˊ ㄉㄥˇ ㄓㄨㄥˋ ㄓㄨㄤˋ
009488,ㄨㄛˇ ㄋㄧㄥˋ ㄩㄢˋ ㄍㄟ ㄍㄡˇ ㄔ ㄧㄝˇ ㄅㄨˋ ㄍㄟˇ ㄊㄚ ㄌㄧㄡˊ
009489,ㄧㄡˇ ㄕㄣˊ ㄇㄜ˙ ㄅㄨˊ ㄏㄨㄟˋ ㄉㄜ˙ ㄐㄧㄣˊ ㄍㄨㄢˇ ㄨㄣˋ ㄨㄛˇ ㄅㄚ˙
009490,ㄧㄣˋ ㄌㄤˇ ㄉㄜ˙ ㄔㄜ ㄕㄣ ㄧㄠ ㄒㄧㄢˋ ㄘㄨㄥˊ ㄔㄜ ㄑㄧㄢˊ ㄉㄚˋ ㄉㄨㄥ ㄔㄨˋ ㄑㄧˇ ㄧˋ ㄓ ㄍㄤ ㄐㄧㄥˋ ㄧㄡˇ ㄌㄧˋ ㄉㄜ˙ ㄧㄢˊ ㄕㄣ ㄒㄧㄤˋ ㄏㄡˋ
009491,ㄦˋ ㄦˋ ㄕˊ ㄧ ㄧ ㄕˊ ㄨˇ ㄏㄠˋ ㄇㄨˋ ㄑㄧㄢˊ ㄕˋ ㄇㄡˇ ㄐㄧㄠ ㄌㄜ˙ ㄒㄧㄝˊ ㄏㄨㄟˋ ㄅㄢˋ ㄍㄨㄥ ㄉㄧˋ ㄉㄧㄢˇ
009492,ㄗㄨㄛˊ ㄖˋ ㄐㄧˋ ㄓㄜˇ ㄩˊ ㄉㄚˇ ㄔㄨ ㄍㄨㄤˇ ㄍㄠˋ ㄕㄡ ㄍㄡˋ ㄌㄨㄢˊ ㄗˇ ㄉㄜ˙ ㄓㄨㄥ ㄐㄧㄝˋ ㄐㄧㄢˋ ㄇㄧㄢˋ
009493,ㄗㄞˋ ㄉㄤ ㄉㄧˋ ㄘㄨㄣ ㄇㄧㄣˊ ㄧㄢˊ ㄌㄧˇ ㄇㄠˊ ㄒㄧㄢˋ ㄇㄧˊ ㄕˋ ㄧˊ ㄍㄜ˙ ㄧㄡˇ ㄒㄧㄝ ㄓˊ ㄋㄧㄡˋ ㄉㄜ˙ ㄖㄣˊ
009494,ㄉㄚˋ ㄕㄨ ㄒㄧㄚˋ ㄔㄤˇ ㄕˊ ㄆㄞˊ ㄌㄜ˙ ㄆㄞ ㄧㄤˊ ㄇㄧㄥˊ ㄉㄜ˙ ㄐㄧㄢ ㄧˊ ㄑㄧㄝˋ ㄐㄧㄣˋ ㄗㄞˋ ㄅㄨˋ ㄧㄢˊ ㄓㄨㄥ
009495,ㄐㄧㄠˋ ㄕˋ ㄌㄧˇ ㄧ ㄧㄡˊ ㄐㄧˇ ㄍㄜˋ ㄖㄣˊ ㄕㄨˋ ㄐㄧㄚˋ ㄉㄜ˙ ㄌㄧㄢˋ ㄅㄧˇ ㄗㄨㄛˋ ㄨㄣˊ ㄍㄤ ㄈㄚˋ ㄒㄧㄚˋ ㄌㄞˊ
009496,ㄘˇ ㄕˊ ㄧˋ ㄇㄧㄥˊ ㄐㄧㄥˇ ㄔㄚˊ ㄉㄢ ㄕㄡˇ ㄅㄧㄝˇ ㄗㄞˋ ㄕㄣ ㄏㄡˋ ㄕㄡˇ ㄓㄨㄥ ㄨㄛˋ ㄧㄡˇ ㄧˋ ㄔㄨㄟˊ ㄗ˙
009497,ㄕㄨˋ ㄖㄣˊ ㄒㄩㄥ ㄎㄜˇ ㄒㄧ ㄨㄢˇ ㄕㄥ ㄌㄜ˙ ㄧˋ ㄅㄞˇ ㄋㄧㄢˊ ㄏㄨㄛˋ ㄓㄜˊ ㄗㄠˇ ㄕㄥ ㄌㄜ˙ ㄧˋ ㄉㄞˋ ㄋㄧㄢˊ
009498,ㄉㄤ ㄕˋ ㄓㄥ ㄌㄨㄣˋ ㄉㄜ˙ ㄨㄣˋ ㄊㄧˊ ㄐㄧㄣˊ ㄐㄧㄣˇ ㄕˋ ㄉㄞˋ ㄅㄨˋ ㄍㄞ ㄗㄞˋ ㄏㄨˊ ㄉㄧˇ ㄆㄨˋ ㄇㄛˊ
009499,ㄧㄣ ㄨㄟˋ ㄓ ㄉㄠˋ ㄗˋ ㄐㄧˇ ㄉㄜ˙ ㄕ ㄅㄞˋ ㄩˇ ㄨ ㄋㄥˊ ㄩˊ ㄕˋ ㄒㄧㄤˇ ㄅㄢˋ ㄈㄚˇ ㄑㄩˋ ㄎㄜˋ ㄈㄨˊ
009500,ㄨㄤˊ ㄇㄥˊ ㄐㄧㄚˇ ㄆㄧㄥˊ ㄠ ㄈㄤˊ ㄐㄧˋ ㄘㄞˊ ㄉㄥˇ ㄓㄨˋ ㄇㄧㄣˊ ㄗㄨㄛˋ ㄐㄧㄚ ㄘㄥˊ ㄌㄧˋ ㄖㄣˋ ㄏㄨㄟˋ ㄓㄤˇ
009501,ㄇㄨˋ ㄑㄧㄢˊ ㄒㄧㄠ ㄈㄤˋ ㄉㄨㄟˋ ㄩㄢˊ ㄓˇ ㄋㄤˊ ㄊㄞˋ ㄕㄣ ㄕㄨㄟˇ ㄋㄧˊ ㄍㄨㄢˇ ㄧˋ ㄉㄧㄢˊ ㄉㄧㄢˇ ㄆㄠˊ ㄐㄩㄜˊ
009502,ㄋㄢˊ ㄏㄞˇ ㄉㄞ ㄗㄨㄛˋ ㄗㄞˋ ㄉㄧˋ ㄅㄨˋ ㄕ ㄅㄠˋ ㄑㄧˇ ㄐㄧㄠˊ ㄓˇ ㄊㄡˊ ㄑㄧㄥ ㄑㄧㄥ ㄧㄠˋ ㄧˊ ㄎㄡˇ
009503,ㄉㄥˇ ㄔㄜ ㄍㄨㄛˋ ㄔㄥˊ ㄓㄨㄥ ㄐㄧˋ ㄓㄜˇ ㄈㄚ ㄒㄧㄢˋ ㄅㄨˋ ㄕㄠˇ ㄏㄟ ㄔㄜ ㄅㄧㄢˋ ㄔㄨㄣˊ ㄔㄨㄣˇ ㄩˋ ㄉㄨㄥˋ
009504,ㄧ ㄈㄚˇ ㄅㄟˋ ㄒㄧㄢˋ ㄓˋ ㄖㄣˊ ㄕㄣ ㄗˋ ㄧㄡˇ ㄏㄨㄛˋ ㄅㄛ ㄉㄨㄛˊ ㄓㄥˋ ㄓㄜˋ ㄑㄨㄢˊ ㄌㄧˋ ㄉㄜ˙ ㄔㄨˊ ㄨㄞˋ
009505,ㄏㄨㄛˋ ㄉㄜˊ ㄧˊ ㄉㄧㄥˋ ㄈㄣ ㄕㄨˋ ㄉㄜ˙ ㄨㄞˋ ㄐㄧˇ ㄖㄢˊ ㄕˋ ㄐㄧㄤ ㄅㄟˋ ㄕˋ ㄨㄟˋ ㄉㄠ ㄐㄧ ㄖㄣˊ ㄘㄞˊ
009506,ㄓㄜˋ ㄓㄨㄥˇ ㄔㄤˊ ㄔㄥˊ ㄒㄩㄋˊ ㄧˋ ㄈㄟ ㄉㄢˋ ㄉㄜ˙ ㄇㄨˋ ㄅㄧㄠˋ ㄕˋ ㄉㄨㄟˋ ㄓㄨㄢˊ ㄋㄚˇ ㄍㄜˋ ㄍㄨㄛˇ ㄐㄧㄚ
009507,ㄗㄨㄟˋ ㄏㄡˋ ㄒㄩㄋˊ ㄏㄨㄢˊ ㄌㄧˋ ㄒㄧ ㄒㄧㄤ ㄐㄧㄚ ㄉㄜˊ ㄔㄨ ㄧˋ ㄅㄚˇ ㄦˋ ㄕˋ ㄉㄧㄢˇ ㄌㄧㄥˊ ㄌㄧㄡˊ ㄨˊ ㄨˇ ㄩㄢˊ
009508,ㄅㄧˇ ㄖㄨˊ ㄕㄨㄛ ㄊㄧˊ ㄔㄤˋ ㄐㄧㄢ ㄎㄨˇ ㄈㄣˋ ㄉㄡˋ ㄓㄜˋ ㄅㄧㄥˋ ㄅㄨˊ ㄧˋ ㄨㄟˋ ㄓㄜ˙ ㄨㄛˇ ㄇㄧㄠˋ ㄔㄨㄢ ㄉㄚˊ ㄅㄨˇ ㄉㄧㄥ ㄉㄜ˙ ㄧˊ ㄈㄨ˙
009509,ㄧㄡˊ ㄋㄧˇ ㄗㄞˋ ㄕㄣ ㄅㄧㄢ ㄆㄟˊ ㄅㄢˋ ㄉㄜ˙ ㄖˋ ㄗ˙ ㄍㄢˇ ㄐㄩㄜˊ ㄇㄟˇ ㄊㄧㄢ ㄉㄡ ㄒㄧㄤˋ ㄉㄨˋ ㄐㄧㄚˋ ㄧㄤˋ ㄎㄞ ㄒㄧㄣ ㄋㄜ˙
009510,ㄑㄧㄢˊ ㄏㄨㄚˋ ㄉㄜ˙ ㄓˊ ㄌㄠˊ ㄅㄞˇ ㄒㄧㄥˋ ㄧㄝˇ ㄩㄢˋ ㄧˋ ㄐㄧㄢˇ ㄋㄤˊ
009511,ㄉㄜˊ ㄍㄨㄛˊ ㄌㄧˋ ㄕˇ ㄧㄡ ㄐㄧㄡˇ ㄨㄢˊ ㄏㄨㄚˋ ㄘㄨㄟˇ ㄘㄢˋ ㄙㄨ ㄧㄡˇ ㄕ ㄖㄣˊ ㄏㄜˊ ㄓㄜˊ ㄒㄩㄜˊ ㄐㄧㄚ ㄍㄨㄛˊ ㄉㄨˋ ㄉㄜ˙ ㄇㄟˇ ㄩˋ
009512,ㄍㄠ ㄒㄧㄣˋ ㄓㄢˇ ㄕˋ ㄍㄨㄥˇ ㄌㄧˋ ㄉㄜ˙ ㄍㄨˇ ㄌㄧˋ ㄉㄨㄢˇ ㄒㄧㄣˋ
009513,ㄅㄨˋ ㄐㄧㄣˊ ㄐㄧˇ ㄙㄨˋ ㄉㄨˋ ㄎㄨㄞˋ ㄦˊ ㄑㄧㄝˇ ㄓˋ ㄌㄧㄤˋ ㄍㄠ
009514,ㄐㄧㄡˋ ㄕˋ ㄅㄧˇ ㄐㄧㄚˋ ㄒㄧˇ ㄏㄨㄢ ㄒㄧㄝˊ ㄉㄧㄢˇ ㄉㄨㄥ ㄒㄧ˙ ㄇㄚ˙
009515,ㄨˇ ㄋㄧㄢˊ ㄌㄞˊ ㄗㄞˋ ㄐㄧˊ ㄩㄝˋ ㄕㄤ ㄩㄥˋ ㄑㄧㄥ ㄔㄥ ㄏㄜˊ ㄖㄜˋ ㄒㄩㄜˋ ㄕㄨ ㄒㄧㄢˇ ㄌㄜ˙ ㄅㄧㄠ ㄅㄧㄥˊ ㄕˇ ㄘㄜˋ ㄉㄜ˙ ㄓㄨㄤˋ ㄌㄧˋ ㄆㄧㄢ ㄓㄤ
009516,ㄊㄚ ㄊㄧㄝ ㄓㄜ˙ ㄧˊ ㄍㄜ˙ ㄊㄨ ㄊㄡˊ ㄋㄢˊ ㄖㄣˋ ㄋㄚˋ ㄘㄞˊ ㄕˋ ㄊㄧㄝ ㄓㄜ˙ ㄎㄢˋ ㄌㄞˊ ㄕㄤˋ ㄉㄧˋ ㄧㄝˊ ㄧㄡˇ ㄌㄜˋ ㄓㄢˇ ㄉㄜ˙ ㄒㄧˇ ㄏㄡˋ
009517,ㄑㄧㄥ ㄙㄨㄥ ㄐㄧ ㄎㄨㄚˊ ㄊㄚˇ ㄌㄧˋ ㄅㄢ ㄓ ㄏㄡˋ ㄇㄟˇ ㄐㄩㄋ ㄇㄧㄢˋ ㄉㄨㄟˋ ㄉㄜ˙ ㄕˋ ㄧˋ ㄆㄢˊ ㄙㄢˇ ㄕㄚ ㄕˋ ㄉㄜ˙ ㄨˇ ㄓㄨㄤ ㄈㄣˋ ㄗ˙
009518,ㄉㄠˋ ㄗㄨㄟˋ ㄏㄡˋ ㄑㄧㄢ ㄉㄧㄢˋ ㄒㄧㄝˊ ㄧˋ ㄕˊ ㄊㄚ ㄕㄨㄛ ㄊㄚ ㄅㄚˊ ㄉㄨㄥˇ ㄕˋ ㄓㄤˇ ㄉㄤ ㄕㄤˋ ㄑㄧˊ ㄊㄚ ㄋㄧˇ ㄗㄚˊ ㄍㄠˇ ㄉㄡ ㄒㄧㄥˊ
009519,ㄨㄣˊ ㄒㄩㄋˋ ㄏㄡˋ ㄌㄩˇ ㄙㄨㄥ ㄧㄣ ㄌㄧˋ ㄐㄧˇ ㄊㄧㄠˋ ㄒㄧㄚˋ ㄔㄜ ㄓㄣ ㄔㄥˊ ㄅㄟ ㄑㄧㄝˋ ㄉㄜ˙ ㄙㄨˋ ㄕㄨㄛ ㄉㄚˇ ㄉㄨㄥˋ ㄌㄜ˙ ㄓˋ ㄩㄢˋ ㄓㄨㄢˇ ㄇㄣˊ
009520,ㄉㄧˋ ㄈㄤ ㄓㄥˋ ㄈㄨˇ ㄅㄟˋ ㄅㄣˇ ㄉㄧˋ ㄑㄩˋ ㄖㄨˊ ㄆㄧㄣˇ ㄓ ㄌㄧㄤˋ ㄢ ㄑㄨㄢˊ ㄈㄨˋ ㄗㄨㄥˇ ㄗㄜˊ
009521,ㄍㄜˇ ㄒㄧㄠˊ ㄐㄧㄝˇ ㄉㄜ˙ ㄇㄚ ㄇㄚ˙ ㄨㄤˊ ㄋㄩˇ ㄕˋ ㄓˇ ㄐㄧㄣ ㄖㄥˊ ㄖㄢˊ ㄧˇ ㄌㄟˋ ㄒㄧˇ ㄇㄧㄢˋ
009522,ㄦˊ ㄑㄧㄝˇ ㄉㄤ ㄖㄢˊ ㄧㄝˇ ㄕˋ ㄍㄨㄚˇ ㄊㄡˊ ㄏㄜˊ ㄑㄧㄢˊ ㄉㄨˊ ㄘㄞˊ ㄓㄜˇ ㄉㄜ˙ ㄅㄧˋ ㄋㄢˋ ㄙㄨㄛˇ
009523,ㄉㄚˋ ㄒㄩㄜˊ ㄌㄧˇ ㄧㄡˋ ㄧˊ ㄉㄚˋ ㄆㄧ ㄓㄨㄟ ㄑㄧㄡˊ ㄇㄧㄠˊ ㄊㄧㄠˊ ㄏㄜˊ ㄍㄨˊ ㄍㄢˇ ㄉㄜ˙ ㄋㄩˇ ㄏㄞˊ
009524,ㄉㄢˋ ㄕˋ ㄨㄟˋ ㄌㄞˊ ㄐㄧˇ ㄋㄧㄢˊ ㄋㄟˋ ㄉㄚˋ ㄒㄩㄜˊ ㄕㄥ ㄐㄧㄡˋ ㄧㄝˋ ㄒㄧㄥˊ ㄕˋ ㄧ ㄖㄢˊ ㄧㄢˇ ㄐㄩㄋˋ
009525,ㄨㄟˊ ㄒㄧㄡˋ ㄅㄨˋ ㄇㄣˊ ㄅㄠˇ ㄌㄧㄡˊ ㄒㄧㄠ ㄕㄡˋ ㄉㄥˇ ㄑㄧˊ ㄊㄚ ㄧㄝˋ ㄨˋ ㄏㄜˊ ㄅㄧㄥˋ ㄗㄞˋ ㄧˋ ㄑㄧˇ
009526,ㄗㄞˋ ㄦˋ ㄅㄞˊ ㄨˇ ㄕˋ ㄉㄨㄥˋ ㄨㄢˋ ㄇㄧㄥˊ ㄎㄠˇ ㄕㄥ ㄓㄨㄥ ㄇㄧㄢˊ ㄌㄜ˙ ㄦˋ ㄕˋ ㄉㄨㄛ ㄊㄧㄢ ㄉㄜ˙ ㄑㄧˋ ㄧˊ ㄒㄧㄚˋ ㄗ˙ ㄅㄠˋ ㄈㄚ ㄔㄨ ㄌㄞˊ ㄌㄜ˙
009527,ㄗㄞˋ ㄓㄨˊ ㄍㄨㄤ ㄉㄜ˙ ㄧㄥˋ ㄓㄠˋ ㄒㄧㄚˋ ㄌㄠˇ ㄖㄣˊ ㄧㄢˊ ㄐㄧㄠˇ ㄉㄜ˙ ㄌㄟˋ ㄏㄨㄚ ㄕㄢˊ ㄕㄢˇ ㄈㄚ ㄌㄧㄤˋ
009528,ㄌㄧㄣˊ ㄐㄩ ㄈㄢˇ ㄧㄥˋ ㄉㄤ ㄕˊ ㄨ ㄋㄟˋ ㄇㄧㄥˊ ㄏㄨㄛˇ ㄅㄨˊ ㄉㄚˋ ㄉㄢˋ ㄕˋ ㄋㄨㄥˊ ㄧㄢ ㄑㄧㄤˋ ㄖㄣˊ
009529,ㄧˋ ㄕㄤˋ ㄎㄨㄢˇ ㄨˋ ㄓㄜˊ ㄏㄜˊ ㄖㄣˊ ㄇㄧㄣˊ ㄅㄧˋ ㄙˋ ㄕˊ ㄙˋ ㄉㄧㄢˇ ㄙˋ ㄌㄧㄡˋ ㄙˋ ㄙㄢ ㄨㄢˋ ㄩㄢˊ
009530,ㄖㄨˊ ㄘˇ ㄅㄧㄢˋ ㄋㄥˊ ㄖㄠˋ ㄎㄞ ㄓㄥˋ ㄈㄨˇ ㄓㄨˊ ㄍㄨㄢˇ ㄅㄨˋ ㄇㄣˊ ㄖㄨㄥˇ ㄔㄤˊ ㄉㄜ˙ ㄕㄣˇ ㄆㄧ
009531,ㄧˇ ㄏㄡˋ ㄋㄧˇ ㄗㄞˋ ㄓㄜˋ ㄇㄜ˙ ㄉㄚˋ ㄕㄥ ㄕㄨㄛ ㄨㄛˇ ㄨㄛˇ ㄐㄧㄡˋ ㄍㄟ ㄋㄧ ㄉㄧㄢˇ ㄧㄢˊ ㄙㄜˋ ㄎㄢˋ ㄎㄢˋ
009532,ㄊㄚ ㄇㄣ˙ ㄐㄧㄥ ㄍㄨㄛˋ ㄑㄧㄢ ㄊㄧㄠˋ ㄨㄢˋ ㄒㄨㄢˇ ㄓㄥˊ ㄊㄧˇ ㄙㄨˋ ㄓˋ ㄏㄣˊ ㄏㄠˇ ㄧㄥ ㄍㄞ ㄉㄜˊ ㄉㄠˋ ㄍㄠ ㄧˋ ㄒㄧㄝ ㄉㄜ˙ ㄉㄞˋ ㄩˇ
009533,ㄐㄧㄡˋ ㄗㄨㄛˊ ㄊㄧㄢ ㄓㄜˋ ㄔㄨㄥˊ ㄋㄩˇ ㄧㄡˋ ㄕㄣ ㄐㄧㄥ ㄉㄜ˙ ㄎㄞ ㄕˇ ㄉㄚˋ ㄇㄚˋ ㄋㄩˇ ㄕㄣˊ ㄗㄨㄟˋ ㄏㄡˋ ㄋㄩˇ ㄕㄣˊ ㄑㄧ ㄏㄨㄞˋ ㄌㄜ˙
009534,ㄅㄨˊ ㄍㄨㄛˋ ㄊㄚ ㄒㄧㄢˋ ㄔㄤˇ ㄉㄜ˙ ㄧㄡ ㄇㄛˋ ㄩˇ ㄧㄢˊ ㄑㄩㄜˋ ㄉㄡˋ ㄉㄜ˙ ㄍㄨㄢ ㄓㄨㄥˋ ㄏㄜˊ ㄓㄨㄥˋ ㄨㄟˋ ㄐㄧㄚ ㄅㄧㄣ ㄏㄜˊ ㄅㄨˋ ㄌㄨㄥˊ ㄗㄨㄟˇ
009535,ㄍㄞ ㄍㄨㄢˊ ㄌㄧˇ ㄩㄢˊ ㄌㄧˋ ㄐㄧˊ ㄅㄚˇ ㄗˋ ㄐㄧˊ ㄙㄨㄛˇ ㄗㄞˋ ㄋㄨㄥˊ ㄗˋ ㄌㄧˇ ㄧ ㄇㄧㄢˋ ㄑㄧˊ ㄊㄚ ㄉㄜ˙ ㄒㄧㄥ ㄒㄧㄥˋ ㄧㄝˇ ㄊㄠˊ ㄆㄠˇ
009536,ㄊㄨㄟ ㄦˊ ㄧㄢˊ ㄓ ㄍㄨˇ ㄒㄧ ㄌㄚˋ ㄓㄜˊ ㄒㄩㄜˊ ㄕˋ ㄐㄧㄥˋ ㄍㄨㄢ ㄉㄜ˙ ㄊㄚ ㄈㄢˇ ㄧㄥˋ ㄌㄜ˙ ㄔㄠ ㄩㄝˋ ㄒㄧㄢˋ ㄕˊ ㄉㄜ˙ ㄌㄧˊ ㄒㄧㄤˇ
009537,ㄓˋ ㄕㄠˇ ㄗㄞˋ ㄏㄨㄚˋ ㄓㄨㄤ ㄈㄤ ㄇㄧㄢˋ ㄨㄛˇ ㄎㄜˊ ㄧˊ ㄅㄧˇ ㄅㄧㄝˊ ㄖㄣˊ ㄕㄠˇ ㄩㄥˋ ㄅㄢˋ ㄒㄧㄠˇ ㄕˊ ㄧㄣ ㄨㄟˋ ㄅㄨˊ ㄩㄥˋ ㄏㄨㄚˋ ㄇㄟˊ ㄇㄠˋ
009538,ㄑㄧㄠˇ ㄐㄧㄚ ㄍㄨㄢ ㄈㄤ ㄉㄜ˙ ㄓㄜˋ ㄈㄣˋ ㄏㄨㄟˊ ㄧㄥˋ ㄏㄣˇ ㄎㄨㄞˋ ㄅㄟˋ ㄨㄞˋ ㄐㄧㄝˋ ㄕˋ ㄗㄨㄛˋ ㄐㄧ ㄩˊ ㄆㄧㄝˇ ㄑㄧㄥ ㄔㄞ ㄑㄧㄝ ㄇㄠˊ ㄉㄨㄣˋ
009539,ㄈㄨˋ ㄈㄨˋ ㄌㄧㄚˊ ㄇㄟˇ ㄋㄧㄢˊ ㄉㄜ˙ ㄒㄧㄡˋ ㄐㄧㄚˋ ㄑㄨㄢˊ ㄩㄥˋ ㄗㄞˋ ㄌㄜ˙ ㄔㄤˊ ㄊㄨ ㄅㄚˊ ㄕㄜˋ ㄑㄩˋ ㄌㄠˇ ㄐㄧㄚ ㄎㄢˋ ㄏㄞˊ ㄗ˙ ㄕㄤˋ
009540,ㄒㄩˊ ㄌㄧˋ ㄔㄤˋ ㄉㄜ˙ ㄏㄣˇ ㄊㄡˊ ㄖㄨˋ ㄍㄨㄢ ㄓㄨㄥˋ ㄍㄣ ㄓㄜ˙ ㄔㄤˋ ㄉㄜ˙ ㄧㄢˊ ㄏㄣˇ ㄊㄡˊ ㄖㄨˋ ㄒㄧㄢˋ ㄔㄤˇ ㄏㄞ ㄔㄥ ㄧˊ ㄆㄧㄢˋ
009541,ㄘˇ ㄨㄞˋ ㄐㄧ ㄋㄧㄢˊ ㄑㄧˇ ㄩㄥˋ ㄌㄜ˙ ㄧˋ ㄆㄧ ㄒㄧ ㄕˋ ㄙㄠˊ ㄒㄩㄜˇ ㄕㄜˋ ㄅㄟˋ ㄊㄧ ㄉㄞˋ ㄖㄨㄥˊ ㄒㄩㄜˇ ㄐㄧˋ ㄉㄜ˙ ㄕˋ ㄩㄥˊ ㄌㄧㄤˋ
009542,ㄇㄨˋ ㄑㄧㄢˊ ㄔㄢˊ ㄇㄡˇ ㄧㄣ ㄕㄜˋ ㄒㄧㄢˊ ㄍㄨˋ ㄧˋ ㄙㄨㄣˊ ㄏㄨㄟˇ ㄍㄨㄥ ㄙ ㄘㄞˊ ㄨˋ ㄅㄟˋ ㄐㄧㄥˇ ㄈㄤ ㄒㄧㄥˊ ㄐㄩ
009543,ㄋㄧˇ ㄕˋ ㄈㄠ ㄒㄧㄤˇ ㄍㄨㄛˋ ㄋㄧˇ ㄉㄜ˙ ㄍㄜˋ ㄖㄣˊ ㄒㄧㄣˋ ㄒㄧ ㄧㄝˊ ㄒㄩˇ ㄧˇ ㄅㄟˋ ㄓㄨㄢˊ ㄕㄡˇ ㄕㄨˋ ㄘˋ
009544,ㄧˋ ㄓㄥˋ ㄈㄚ ㄗㄨㄛˋ ㄕˊ ㄧㄡˇ ㄉㄜ˙ ㄏㄞˊ ㄗ˙ ㄗˋ ㄕㄨˋ ㄊㄡˊ ㄩㄣ ㄏㄨㄛˋ ㄔㄨ ㄒㄧㄢˋ ㄔㄡ ㄔㄨˋ
009545,ㄅㄨˊ ㄕˋ ㄧㄠˋ ㄆㄞ ㄓㄠˋ ㄇㄚ˙ ㄉㄚˋ ㄐㄧㄚ ㄆㄞˊ ㄏㄠˇ ㄉㄨㄟˋ ㄇㄚˊ ㄌㄧˋ ㄉㄧㄢˇ
009546,ㄏㄠˊ ㄏㄠˇ ㄕㄨㄟˋ ㄧˇ ㄐㄧㄠˋ ㄇㄧㄥˊ ㄊㄧㄢ ㄧㄡˋ ㄕˋ ㄓㄢˇ ㄒㄧㄣ ㄉㄜ˙ ㄧˋ ㄊㄧㄢ
009547,ㄉㄢˋ ㄌㄧˇ ㄐㄧㄚ ㄉㄧㄥˊ ㄩˇ ㄕ ㄇㄧㄥˊ ㄐㄩㄋ ㄈㄡˇ ㄖㄣˋ
009548,ㄗㄨㄛˇ ㄊㄧㄢ ㄍㄜˊ ㄧㄝˇ ㄗ ㄐㄧㄣ ㄉㄧㄝ ㄆㄛˋ ㄅㄞˇ ㄈㄣ ㄓ ㄙㄢ ㄓˋ ㄅㄞˇ ㄈㄣ ㄓ ㄦˋ ㄉㄧㄢˊ ㄐㄧㄡˇ ㄌㄧㄡˋ ㄑㄧ ㄧ
009549,ㄑㄧ ㄗˋ ㄉㄜ˙ ㄐㄧㄠˇ ㄑㄩㄜˊ ㄗㄜˊ ㄕˋ ㄧˋ ㄔㄤˇ ㄧ ㄌㄧㄠˋ ㄕˋ ㄍㄨˋ ㄉㄜ˙ ㄏㄡˋ ㄧˊ ㄓㄥˋ
009550,ㄕㄨㄛ ㄅㄨˋ ㄉㄧㄥˋ ㄊㄚ ㄏㄨㄟˋ ㄅㄧˇ ㄩㄝ ㄏㄢˋ ㄏㄞˊ ㄧㄠˋ ㄗㄠˇ ㄉㄜ˙ ㄉㄨㄥ ㄕㄢ ㄗㄞˋ ㄑㄧˇ ㄋㄜ˙
009551,ㄊㄚ ㄊㄧˊ ㄑㄧㄥˇ ㄊㄡˊ ㄗㄜˋ ㄓㄜˇ ㄐㄧㄥˋ ㄊㄧˋ ㄏㄨㄟˋ ㄈㄡˇ ㄔㄨ ㄒㄧㄢˋ ㄓˋ ㄓㄤˋ ㄒㄧㄢˋ ㄒㄧㄤˋ
009552,ㄊㄚ ㄐㄧㄢˋ ㄕˋ ㄩˊ ㄒㄩㄥˊ ㄇㄤˊ ㄆㄠˇ ㄍㄨㄛˋ ㄑㄩˋ ㄩˊ ㄒㄩㄥˊ ㄕㄨㄛ ㄆㄞˊ ㄨㄛˇ ㄑㄧㄢˊ ㄇㄧㄢˋ
009553,ㄌㄧㄤˇ ㄍㄨㄛˊ ㄐㄧㄣ ㄇㄠˋ ㄏㄜˊ ㄗㄨㄛˋ ㄉㄜ˙ ㄅㄨˊ ㄉㄨㄢˋ ㄎㄨㄛˋ ㄉㄚˋ ㄕˊ ㄇㄟˇ ㄓㄨㄥ ㄕㄨㄤ ㄈㄤ ㄏㄨㄛˋ ㄧˋ
009554,ㄌㄧㄡˋ ㄦˋ ㄕˋ ㄑㄧ ㄖˋ ㄐㄧㄠ ㄌㄨㄥˊ ㄏㄠˋ ㄕㄚ ㄒㄧㄣ ㄐㄧㄝˋ ㄌㄨˋ ㄒㄧㄚˋ ㄑㄧㄢˊ ㄓˋ ㄑㄧ ㄑㄧㄢ ㄌㄧㄥˊ ㄌㄧㄡˋ ㄕㄚ ㄦˋ ㄇㄧˇ
009555,ㄘˇ ㄏㄡˋ ㄗㄞˋ ㄒㄧ ㄗㄤˋ ㄏㄨㄟˋ ㄈㄨˋ ㄐㄧㄡˋ ㄧㄡˇ ㄉㄜ˙ ㄈㄥ ㄐㄧㄢˋ ㄋㄨㄥˊ ㄇㄨˋ ㄓˋ ㄉㄨˋ ㄧㄝˇ ㄔㄥˊ ㄨㄟˊ ㄩㄥˊ ㄩㄢˇ ㄅㄨˋ ㄎㄜˇ ㄋㄥˊ
009556,ㄍㄨㄛˋ ㄑㄩˋ ㄐㄧˇ ㄕˊ ㄋㄧㄢˊ ㄧㄢˊ ㄏㄞˇ ㄓ ㄙㄨㄛˊ ㄧˇ ㄈㄚ ㄓㄢˇ ㄒㄩㄋˋ ㄙㄨˋ ㄐㄧㄡˋ ㄕˋ ㄧㄣ ㄨㄟˋ ㄐㄧㄣˋ ㄒㄧㄤˋ ㄨˋ ㄌㄧㄡˊ ㄅㄧㄢˋ ㄌㄧˋ
009557,ㄐㄩˋ ㄒㄧ ㄗㄞˋ ㄈㄢˇ ㄑㄧㄣ ㄧㄢˋ ㄕㄤˋ ㄓㄢˇ ㄕˋ ㄋㄩˇ ㄈㄤ ㄐㄧㄚˋ ㄓㄨㄤˋ ㄕˋ ㄐㄧㄣˋ ㄐㄧㄤˋ ㄧˊ ㄉㄞˋ ㄊㄜˋ ㄧㄡˇ ㄉㄜ˙ ㄒㄧˊ ㄙㄨˊ
009558,ㄐㄧㄣˋ ㄖㄨˋ ㄑㄧˋ ㄔㄜ ㄕˋ ㄉㄞˋ ㄧˇ ㄌㄞˊ ㄖㄣˊ ㄇㄣˊ ㄙˋ ㄏㄨ ㄧˊ ㄎㄜˋ ㄧㄝˇ ㄌㄧˇ ㄅㄨˋ ㄎㄞ ㄍㄨㄣˊ ㄍㄨㄣˇ ㄉㄜ˙ ㄔㄜ ㄌㄨㄣˊ
009559,ㄘˇ ㄨㄞˋ ㄓㄥˇ ㄍㄜˋ ㄍㄨㄢˇ ㄓㄨㄥ ㄏㄞˊ ㄕㄡˋ ㄘㄤˊ ㄓㄜˋ ㄐㄧㄚˇ ㄆㄧㄥˊ ㄠ ㄉㄜ˙ ㄧˋ ㄒㄧㄝ ㄘㄤˊ ㄆㄧㄣˇ ㄏㄜˊ ㄕㄨ ㄏㄨㄚˋ ㄗㄨㄛˋ ㄆㄧㄣˇ
009560,ㄉㄨㄟˋ ㄩˊ ㄈㄢˇ ㄉㄨㄟˋ ㄆㄞˋ ㄨㄛˇ ㄧˋ ㄓˇ ㄐㄩㄜˊ ㄉㄜ˙ ㄊㄚ ㄇㄣ˙ ㄏㄣˇ ㄤ ㄗㄤ
009561,ㄕˋ ㄈㄡˇ ㄒㄩㄜ ㄖㄨㄛˋ ㄌㄜ˙ ㄉㄨㄟˋ ㄋㄨㄥˊ ㄧㄝˋ ㄉㄜ˙ ㄊㄡˊ ㄖㄨˋ
009562,ㄐㄧㄣ ㄙㄜˋ ㄉㄜ˙ ㄎㄨㄚ ㄓㄤ ㄇㄠˇ ㄉㄧㄥ ㄕㄡˇ ㄓㄨㄛˊ ㄏㄜˊ ㄕㄢˊ ㄕㄢˇ ㄌㄧㄤˋ ㄉㄜ˙ ㄐㄧㄣ ㄙㄜˋ ㄅㄠ ㄅㄠ ㄏㄨ ㄧㄥˋ ㄉㄜ˙ ㄍㄤ ㄍㄤˋ ㄏㄠˇ
009563,ㄗㄞˋ ㄗㄨㄛˋ ㄨㄢˊ ㄐㄧㄢˇ ㄔㄚˊ ㄈㄢˇ ㄏㄨㄟˊ ㄅㄧㄥˋ ㄈㄤ ㄊㄨˊ ㄓㄨㄥ ㄌㄧㄣˊ ㄌㄧㄣˋ ㄊㄤˇ ㄗㄞˋ ㄅㄧㄥˋ ㄔㄨㄤˊ ㄕㄤˋ ㄅㄞˇ ㄋㄨㄥˋ ㄕㄡˇ ㄐㄧ
009564,ㄅㄨˊ ㄍㄨㄛˋ ㄨㄤˊ ㄧㄡˇ ㄉㄡ ㄈㄣ ㄈㄣ ㄓ ㄔˊ ㄧㄥ ㄘㄞˇ ㄦˊ ㄓㄜˋ ㄧ ㄅㄚˋ ㄑㄧˋ ㄒㄧㄥˊ ㄨㄟˊ
009565,ㄊㄚ ㄕㄨㄛ ㄉㄤ ㄕˋ ㄗㄞˋ ㄆㄧㄢˋ ㄔㄤˇ ㄏㄨㄛˋ ㄅㄛˊ ㄐㄧ ㄏㄨ ㄍㄣ ㄙㄨㄛˊ ㄧㄡˇ ㄖㄣˊ ㄍㄢˋ ㄍㄨㄛˋ ㄐㄧㄚˋ
009566,ㄒㄧㄤˇ ㄓㄜ˙ ㄒㄧㄤˇ ㄓㄜ˙ ㄗˋ ㄐㄧˇ ㄅㄟˋ ㄗˋ ㄐㄧˇ ㄉㄡˋ ㄌㄜˋ ㄉㄨㄟˋ ㄓㄜ˙ ㄐㄩㄋ ㄏㄨㄛˇ ㄎㄨˋ ㄗㄠˋ ㄒㄧㄥˊ ㄉㄜ˙ ㄩˊ ㄍㄨㄛˇ ㄊㄤˊ ㄎㄞ ㄏㄨㄞˊ ㄉㄚˋ ㄒㄧㄠˋ
009567,ㄓㄡ ㄓㄨㄤ ㄔㄨㄢˊ ㄈㄨˋ ㄉㄜ˙ ㄕㄥ ㄧˋ ㄐㄧˊ ㄐㄧㄚ ㄇㄟˇ ㄍㄜˋ ㄖㄣˊ ㄉㄡ ㄏㄣˋ ㄅㄨˋ ㄉㄜˊ ㄐㄧㄠˊ ㄧㄝˇ ㄋㄥˊ ㄏㄨㄚˊ ㄐㄧㄤˇ ㄏㄠˇ ㄉㄨㄛ ㄌㄚˋ ㄒㄧㄝ ㄕㄥ ㄧˋ
009568,ㄊㄚ ㄏㄜˊ ㄧˋ ㄅㄤ ㄕㄨㄛ ㄏㄨㄚˋ ㄉㄨ ㄉㄨˋ ㄋㄤ ㄇㄤ ㄔㄥˊ ㄊㄧㄢ ㄊㄧㄠˋ ㄨˇ ㄉㄜ˙ ㄖㄣˊ ㄕㄥ ㄏㄨㄛˋ ㄗㄞˋ ㄧˋ ㄑㄧˇ
009569,ㄑㄩˋ ㄕㄣ ㄓㄣˋ ㄉㄚˇ ㄍㄨㄥ ㄓ ㄑㄧㄢˊ ㄉㄧˋ ㄉㄧ˙ ㄇㄟˋ ㄇㄟ˙ ㄐㄧㄡˋ ㄖㄤˋ ㄖㄤˋ ㄓㄜ˙ ㄧㄤˋ ㄇㄞˇ ㄅㄨˊ ㄉㄧㄢˋ ㄋㄠˇ
009570,ㄊㄚ ㄉㄜ˙ ㄉㄠˋ ㄌㄞˊ ㄕˋ ㄧˋ ㄐㄧㄢˋ ㄏㄠˇ ㄕˋ ㄨㄛˇ ㄏㄣˇ ㄏㄨㄢ ㄧㄥˊ ㄊㄚ ㄅㄨˋ ㄍㄨㄢˇ ㄕˋ ㄉㄞˋ ㄉㄧㄠˇ ㄍㄜˋ ㄖㄣˊ ㄏㄞˊ ㄕˋ ㄉㄞˋ ㄉㄜ˙ ㄐㄩ ㄌㄜˋ ㄅㄨˋ
009571,ㄒㄧㄠˊ ㄋㄧˇ ㄏㄞˊ ㄊㄧㄥˇ ㄍㄨㄞ ㄉㄜ˙ ㄇㄟˊ ㄧㄡˇ ㄎㄨ ㄋㄠˋ
009572,ㄧㄡˇ ㄕㄣˊ ㄇㄜ˙ ㄒㄧㄣ ㄕˋ ㄇㄚ˙ ㄎㄜˊ ㄧˇ ㄏㄜˊ ㄨㄛˇ ㄈㄣ ㄒㄧㄤˇ ㄧˊ ㄒㄧㄚˋ ㄧㄚ˙
009573,ㄐㄩ ㄇㄧㄣˊ ㄕㄨㄛ ㄓㄜˋ ㄒㄧㄝ ㄌㄧㄡˊ ㄌㄤˋ ㄦˊ ㄙˋ ㄏㄨ ㄊㄨ ㄖㄢˊ ㄒㄧㄠ ㄕ ㄌㄜ˙ ㄅㄨˋ ㄓ ㄑㄧㄢˊ ㄨㄤˇ ㄏㄜˊ ㄔㄨˋ
009574,ㄉㄨㄥ ㄧˊ ㄒㄧㄚˋ ㄏㄜˊ ㄊㄠ˙ ㄨㄢˊ ㄏㄠˇ ㄉㄜ˙ ㄗㄞˋ ㄉㄧˋ ㄕㄤˋ ㄉㄚˊ ㄍㄨㄣˇ ㄙㄨˋ ㄕㄣˋ ㄇㄣˊ ㄑㄩㄜˋ ㄉㄧㄠˋ ㄌㄜ˙ ㄒㄧㄚˋ ㄌㄞˊ
009575,ㄇㄧㄢˋ ㄉㄨㄟˋ ㄧˊ ㄒㄧˋ ㄌㄧㄝˋ ㄉㄜ˙ ㄉㄚˇ ㄐㄧ ㄊㄧㄢˊ ㄓㄥˋ ㄧㄤˊ ㄇㄟˊ ㄧㄡˇ ㄑㄧˋ ㄋㄟˇ ㄈㄢˋ ㄦˊ ㄍㄥˋ ㄐㄧㄚ ㄐㄧㄢ ㄑㄧㄤˊ
009576,ㄓㄜˋ ㄍㄜˋ ㄎㄢˋ ㄙˋ ㄆㄧㄥˊ ㄉㄢˋ ㄉㄜ˙ ㄒㄧㄠ ㄒㄧ˙ ㄕˇ ㄗㄜˊ ㄧˋ ㄧˋ ㄓㄨㄥˋ ㄉㄚˋ
009577,ㄙㄨㄛˊ ㄌㄧˇ ㄉㄜ˙ ㄖㄣˊ ㄗˋ ㄅㄟ ㄨˇ ㄍㄨㄥ ㄅㄨˋ ㄐㄧˊ ㄈㄨˊ ㄕㄢ ㄈㄟ ㄏㄨㄥˊ ㄅㄤ ㄉㄚˋ ㄅㄨˋ ㄌㄧㄠˇ ㄍㄨㄢ ㄑㄧˇ ㄊㄧㄢ ㄐㄧㄡˋ ㄈㄤˋ ㄌㄜ˙ ㄔㄨ ㄑㄩˋ
009578,ㄓˊ ㄉㄠˋ ㄗㄨㄛˊ ㄊㄧㄢ ㄓㄨㄥ ㄍㄨㄛˋ ㄉㄨㄟˋ ㄧˇ ㄐㄧㄥ ㄧˊ ㄐㄧㄡˇ ㄎㄨㄞˋ ㄐㄧㄣ ㄊㄞˋ ㄖㄨˋ ㄓㄤˋ ㄗㄢˋ ㄐㄩ ㄠ ㄧㄡˋ ㄏㄨㄟˋ ㄐㄧㄣ ㄆㄞˊ ㄅㄤˇ ㄉㄜ˙ ㄅㄤˊ ㄕㄡˇ
009579,ㄑㄧㄢˊ ㄐㄧˇ ㄋㄧㄢˊ ㄏㄨㄛˇ ㄔㄜ ㄊㄧˊ ㄙㄨˋ ㄉㄢˋ ㄋㄚˋ ㄌㄧˋ ㄉㄜ˙ ㄏㄞˊ ㄗ˙ ㄑㄩㄜˋ ㄅㄨˋ ㄋㄥˊ ㄊㄧˇ ㄙㄨˋ
009580,ㄦˊ ㄘˇ ㄘˋ ㄘㄢ ㄐㄧㄚ ㄖㄣˊ ㄕㄨˋ ㄓㄨㄥˋ ㄉㄨㄛ ㄧㄝˇ ㄧㄤˋ ㄇㄞˋ ㄒㄧㄤˋ ㄉㄧㄥˊ ㄉㄧㄢˇ ㄋㄢˊ ㄋㄢˊ ㄉㄨˋ ㄗㄥ ㄐㄧㄚ
009581,ㄊㄢ ㄇㄡˊ ㄓㄨㄢˇ ㄕㄣ ㄏㄜˊ ㄏㄜˊ ㄇㄡˇ ㄉㄨㄟˋ ㄉㄚˇ ㄅㄧㄥˋ ㄕˋ ㄊㄨˊ ㄑㄧㄤˇ ㄍㄨㄛˋ ㄏㄜˊ ㄇㄡˇ ㄉㄜ˙ ㄔㄥˋ ㄊㄨㄛˇ
009582,ㄨㄟˋ ㄕㄣˊ ㄇㄜ˙ ㄧˊ ㄒㄧㄤˋ ㄍㄟˇ ㄖㄣˊ ㄑㄧㄥˊ ㄐㄧㄢˇ ㄧㄣˋ ㄒㄧㄤˋ ㄉㄜ˙ ㄉㄜˊ ㄍㄨㄛˋ ㄖㄣˊ ㄅㄧㄢˋ ㄉㄜ˙ ㄅㄨˊ ㄏㄨㄟˋ ㄍㄨㄛˋ ㄖˋ ㄗ˙ ㄌㄜ˙
009583,ㄊㄚ ㄓㄜˋ ㄍㄜ˙ ㄐㄧㄡˋ ㄕˋ ㄌㄠˊ ㄅㄞˇ ㄒㄧㄥˋ ㄕㄨㄛ ㄉㄜ˙ ㄅㄧㄝˇ ㄧˋ ㄇㄧˇ ㄐㄧㄡˋ ㄕˋ ㄑㄩˋ ㄌㄜ˙ ㄆㄧˊ ㄌㄧˇ ㄊㄡ ㄇㄟˊ ㄧㄡˇ ㄌㄧㄤˊ ㄕˋ ㄌㄜ˙
009584,ㄇㄧㄢˋ ㄉㄨㄟˋ ㄐㄧㄠˇ ㄏㄨㄚˊ ㄉㄜ˙ ㄒㄧㄢˊ ㄧˋ ㄖㄣˊ ㄇㄧㄣˊ ㄐㄧㄥˊ ㄅㄞˇ ㄔㄨ ㄓㄨㄥˊ ㄓㄨㄥˇ ㄓㄥˋ ㄐㄩˋ ㄧ ㄧ ㄈㄢˇ ㄅㄛˊ
009585,ㄊㄨˊ ㄨㄟˊ ㄕㄡˇ ㄍㄤ ㄓˊ ㄍㄨㄥ ㄗㄨㄛˊ ㄖˋ ㄗㄞˋ ㄌㄧㄠˋ ㄔㄤˊ ㄐㄧㄣˇ ㄓㄤ ㄉㄜ˙ ㄑㄧㄤˇ ㄒㄧㄝˋ ㄉㄨㄥˋ ㄇㄟˊ
009586,ㄦˋ ㄕˋ ㄌㄧㄡˋ ㄋㄧㄢˊ ㄑㄧㄢˊ ㄨㄤˇ ㄒㄧㄣˋ ㄔㄣˊ ㄉㄤ ㄅㄧㄥ ㄌㄞˊ ㄉㄠˋ ㄌㄜ˙ ㄋㄢˊ ㄏㄞˇ ㄐㄧㄢˋ ㄉㄨㄟˋ ㄇㄡˇ ㄕㄨㄟˊ ㄐㄧㄥˇ ㄑㄩ
009587,ㄧˋ ㄒㄧㄝ ㄉㄠˋ ㄙㄞˋ ㄏㄢˇ ㄉㄚˋ ㄉㄜ˙ ㄧㄡˊ ㄏㄜˋ ㄑㄨㄢˊ ㄈㄨˋ ㄨˇ ㄓㄨㄤ ㄒㄧㄤˇ ㄕㄡˋ ㄊㄧㄢ ㄏㄢˊ ㄉㄧˋ ㄉㄨㄥˋ ㄉㄜ˙ ㄌㄧㄣˋ ㄌㄟˋ ㄎㄨㄞˋ ㄌㄜˋ
009588,ㄒㄧㄣ ㄍㄨㄢ ㄕˊ ㄕˋ ㄉㄧˋ ㄦˋ ㄊㄧㄢ ㄨㄛˊ ㄕㄥˇ ㄧˋ ㄒㄧㄝˋ ㄉㄧˋ ㄈㄤ ㄉㄜ˙ ㄇㄟˇ ㄎㄨㄤˋ ㄓˊ ㄒㄧㄥˊ ㄑㄧㄥˊ ㄎㄨㄤˋ ㄉㄠˋ ㄉㄧˇ ㄖㄨˊ ㄏㄜˊ
009589,ㄗㄨㄛˋ ㄨㄟˊ ㄘㄨㄥˊ ㄧㄝˋ ㄖㄣˊ ㄩㄢˊ ㄨㄛˊ ㄧˇ ㄐㄧㄥ ㄙㄤˋ ㄕˋ ㄌㄜ˙ ㄎㄢˋ ㄉㄧㄢˋ ㄕˋ ㄐㄩˋ ㄉㄜ˙ ㄌㄜˋ ㄑㄩˋ
009590,ㄓㄜˋ ㄘˋ ㄅㄨˋ ㄎㄜˋ ㄧㄝˇ ㄧˊ ㄧㄤˋ ㄇㄟˊ ㄖㄣˊ ㄧㄠˋ ㄊㄧㄥ ㄊㄚ ㄉㄜ˙ ㄎㄜˋ
009591,ㄉㄢˋ ㄍㄠ ㄋㄥˊ ㄑㄨㄢˊ ㄉㄜ˙ ㄎㄡ ㄕˋ ㄩㄢˇ ㄐㄧㄣˋ ㄔㄨ ㄌㄜ˙ ㄇㄧㄥˊ ㄉㄜ˙
009592,ㄌㄧㄤˇ ㄍㄜˋ ㄉㄡˋ ㄕˋ ㄉㄚˋ ㄇㄟˊ ㄋㄩˇ ㄏㄠˇ ㄋㄢˊ ㄒㄨㄢˇ ㄗㄜˊ ㄧㄚ˙
009593,ㄗㄞˋ ㄒㄩㄜˊ ㄒㄧˊ ㄗㄣˇ ㄧㄤˋ ㄖㄤˋ ㄗˋ ㄐㄧˇ ㄅㄧㄢˋ ㄉㄜ˙ ㄍㄥˋ ㄘㄨㄥ ㄇㄧㄥ˙
009594,ㄎㄜˇ ㄕˋ ㄒㄧㄢˋ ㄐㄧˋ ㄓㄥˋ ㄈㄨˇ ㄐㄧㄥ ㄓㄥ ㄘㄞˊ ㄆㄢˋ ㄕˋ ㄕㄨㄟˊ
009595,ㄨㄛˊ ㄧㄡˇ ㄧˋ ㄎㄜ ㄖㄜˋ ㄞˋ ㄕㄥ ㄏㄨㄛˇ ㄉㄜ˙ ㄒㄧㄣ ㄓㄜˋ ㄅㄧˇ ㄕㄣˊ ㄇㄜ˙ ㄉㄡˋ ㄓㄨㄥˋ ㄧㄠˋ
009596,ㄅㄧㄥ ㄉㄠˇ ㄍㄥˋ ㄕˋ ㄓㄡˋ ㄧㄝˋ ㄋㄢˊ ㄅㄧㄢˋ ㄈㄤˇ ㄈㄨˊ ㄐㄧㄣˋ ㄖㄨˋ ㄏㄜˊ ㄉㄨㄥ ㄊㄧㄢ
009597,ㄉㄚˋ ㄉㄠˋ ㄌㄧˇ ㄇㄧㄢˋ ㄅㄨˋ ㄩㄢˊ ㄒㄩ ㄒㄧㄠˇ ㄉㄜ˙ ㄆㄨˋ ㄨㄟˋ
009598,ㄒㄩㄜˊ ㄒㄧㄠˋ ㄉㄜ˙ ㄗㄡˇ ㄉㄨˊ ㄕㄥ ㄗㄞˋ ㄈㄤˋ ㄒㄩㄜˊ ㄏㄡˋ ㄕˋ ㄅㄨˋ ㄩㄣˊ ㄒㄩˇ ㄗㄞˋ ㄒㄩㄜˊ ㄒㄧㄠˋ ㄉㄡˋ ㄌㄧㄡˊ ㄉㄜ˙
009599,ㄓㄤ ㄍㄨㄛˊ ㄌㄧˋ ㄩˇ ㄌㄨㄛˊ ㄓˋ ㄒㄧㄤˊ ㄓㄤ ㄕㄠˊ ㄏㄢˊ
009600,ㄌㄠˇ ㄍㄨㄥ ㄖㄣˊ ㄨㄣˊ ㄏㄨㄚˋ ㄍㄨㄥ ㄐㄧˊ ㄧˇ ㄋㄢˊ ㄆㄧㄢˋ ㄑㄩˋ ㄉㄜ˙ ㄉㄧˋ ㄞˋ ㄐㄧㄢˋ ㄓㄨˋ ㄐㄧㄤ ㄑㄨㄢˊ ㄅㄨˋ ㄔㄞ ㄔㄨˇ
009601,ㄗㄞˋ ㄗㄨㄟˋ ㄌㄥˇ ㄉㄜ˙ ㄐㄧˇ ㄊㄧㄢ ㄓㄢˋ ㄕˋ ㄌㄨˋ ㄙㄨˋ ㄏㄨˋ ㄨㄞˋ ㄊㄥˊ ㄔㄨ ㄓㄤˋ ㄆㄥ˙ ㄢ ㄓˋ ㄑㄩㄋˊ ㄓㄨㄥˋ
009602,ㄧㄣ ㄌㄧˋ ㄐㄩㄋ ㄕㄨㄛ ㄑㄧˊ ㄐㄧㄥˊ ㄏㄞˇ ㄉㄜ˙ ㄈㄨˋ ㄇㄨˇ ㄉㄨㄛ ㄕˋ ㄋㄨㄥˊ ㄇㄧㄣˊ ㄉㄧˋ ㄒㄩㄥ ㄨˇ ㄍㄜˋ ㄆㄞˊ ㄏㄤˊ ㄌㄠˇ ㄉㄚˋ
009603,ㄏㄨㄛˊ ㄏㄣˇ ㄉㄚˋ ㄎㄢˋ ㄅㄨˋ ㄑㄧㄥ ㄧㄢ ㄧㄝˊ ㄏㄣˇ ㄉㄚˋ
009604,ㄙㄢ ㄙㄨㄟˋ ㄋㄚˋ ㄋㄧㄢˊ ㄏㄜˊ ㄏㄣˇ ㄉㄨㄛ ㄒㄧㄠˇ ㄆㄥˊ ㄧㄡ˙ ㄧˊ ㄧㄤˋ ㄒㄧㄠˇ ㄑㄧˊ ㄒㄧˇ ㄏㄨㄢ ㄕㄤˋ ㄌㄜ˙ ㄧㄠˇ ㄕㄡˊ ㄓˇ
009605,ㄍㄠˊ ㄏㄠˇ ㄉㄚˋ ㄒㄩㄜˊ ㄕㄥ ㄑㄧㄣˇ ㄕˋ ㄍㄨㄢ ㄒㄧ˙ ㄗˋ ㄖㄢˊ ㄧㄝˇ ㄧˋ ㄩˋ ㄓㄨㄥˋ ㄉㄚˋ
009606,ㄅㄢˋ ㄋㄧㄢˊ ㄗㄡˇ ㄧˋ ㄓㄨㄢˇ ㄕˊ ㄔㄨㄢˊ ㄐㄧㄡˊ ㄉㄚˇ ㄌㄢˋ
009607,ㄈㄡˇ ㄗ˙ ㄕ ㄑㄩˋ ㄩㄥ ㄉㄨㄣˇ ㄉㄜ˙ ㄆㄧㄥˊ ㄍㄨㄛˇ ㄐㄧㄤ ㄏㄨㄟˋ ㄙˇ ㄉㄜ˙ ㄏㄣˊ ㄘㄢˇ
009608,ㄇㄧㄣˊ ㄐㄧㄥˇ ㄧㄡˋ ㄕㄥ ㄧˊ ㄐㄧˋ ㄑㄧㄝˋ ㄉㄨㄢˋ ㄓㄜˋ ㄇㄧㄥˊ ㄌㄠˇ ㄕ ㄐㄧㄚ ㄉㄜ˙ ㄉㄧㄢˋ ㄩㄢˊ
009609,ㄘˇ ㄘˋ ㄙㄨㄟ ㄖㄢˊ ㄗ ㄐㄧㄣ ㄅㄨˋ ㄉㄨㄛ ㄉㄢˋ ㄉㄨㄟˋ ㄩˊ ㄗㄞˋ ㄐㄧㄢˋ ㄒㄧㄤˋ ㄇㄨˋ ㄖㄥˊ ㄖㄢˊ ㄏㄣˇ ㄐㄧㄝˊ ㄎㄜˇ
009610,ㄊㄚ ㄧㄝˇ ㄩㄥˋ ㄗˋ ㄐㄧˇ ㄉㄜ˙ ㄞˋ ㄒㄧㄣ ㄉㄧㄢˇ ㄓㄨㄟˋ ㄌㄜ˙ ㄗˋ ㄐㄧˇ ㄉㄜ˙ ㄕㄥ ㄇㄧㄥˋ
009611,ㄏㄨㄛˋ ㄔㄜ ㄉㄜ˙ ㄨㄟˇ ㄅㄨˋ ㄧˇ ㄐㄧㄥ ㄠ ㄒㄧㄢˋ ㄅㄧㄢˋ ㄒㄧㄥˊ
009612,ㄔㄨˇ ㄈㄚˊ ㄎㄢˋ ㄑㄧㄥˊ ㄇㄧㄢˋ ㄉㄚˊ ㄉㄧㄢˊ ㄧㄡˇ ㄕㄣˊ ㄍㄨㄥ
009613,ㄅㄨˊ ㄍㄨㄛˋ ㄊㄨˇ ㄐㄧㄠ ㄗㄨㄛ ㄈㄤ˙ ㄅㄧㄥˋ ㄨㄟˋ ㄘㄨㄥˊ ㄘˇ ㄗㄞˋ ㄕㄣ ㄉㄨㄥ ㄐㄩㄜˊ ㄐㄧˋ
009614,ㄉㄧˋ ㄙㄢ ㄉㄧㄢˇ ㄕˋ ㄩㄣˋ ㄧㄥˊ ㄔㄨ ㄑㄧ ㄓㄜˋ ㄌㄧˇ ㄊㄡˊ ㄒㄩㄜˊ ㄨㄣˋ ㄐㄧㄡˋ ㄅㄧˇ ㄐㄧㄠˋ ㄉㄚˋ ㄏㄣˊ ㄧㄡˇ ㄒㄨㄢˊ ㄐㄧ
009615,ㄨㄛˇ ㄉㄜ˙ ㄕㄨˋ ㄒㄩㄜˊ ㄌㄠˇ ㄕ ㄏㄞˊ ㄇㄟˊ ㄐㄧㄠˋ ㄍㄨㄛˋ ㄨㄛˇ
009616,ㄐㄧㄚˋ ㄍㄟˇ ㄓㄜˋ ㄇㄜ˙ ㄍㄜ˙ ㄖㄣˊ ㄨㄛˇ ㄓㄜˋ ㄅㄟˋ ㄗ˙ ㄧㄝˇ ㄙㄨㄢˋ ㄇㄟˊ ㄓˇ ㄨㄤˋ ㄌㄜ˙
009617,ㄑㄧˊ ㄓㄨㄥ ㄅㄠ ㄎㄨㄛˋ ㄌㄠˇ ㄆㄞˊ ㄖㄨˋ ㄆㄧㄣ ㄑㄧˇ ㄧㄝˋ ㄏㄤˊ ㄓㄡ ㄇㄟˇ ㄌㄧˋ ㄐㄧㄢˋ ㄖㄨˇ ㄧㄝˋ ㄧㄡˇ ㄒㄧㄢˋ ㄍㄨㄥ ㄙ
009618,ㄐㄧㄠ ㄒㄧㄢˋ ㄕㄥˋ ㄕㄨㄛ ㄑㄧㄢˊ ㄊㄧㄢ ㄊㄚ ㄏㄜˊ ㄑㄧ ㄗˇ ㄔㄣˊ ㄋㄩˇ ㄕˋ ㄒㄧㄤ ㄩㄝˋ ㄆㄚˊ ㄕㄢ ㄕㄤˊ ㄐㄧㄥˇ
009619,ㄒㄧㄠˇ ㄋㄧㄥˋ ㄇㄟˊ ㄧㄡˇ ㄉㄨㄛ ㄒㄧㄤˇ ㄐㄧㄡˋ ㄕㄤˋ ㄌㄜ˙ ㄔㄜ
009620,ㄗˋ ㄧㄡˋ ㄕˊ ㄐㄧˋ ㄕˋ ㄑㄧˇ ㄉㄚˋ ㄖㄣˊ ㄇㄣ˙ ㄧˋ ㄕㄨㄛ ㄑㄧˇ ㄊㄚ ㄉㄡ ㄉㄨㄛˊ ㄉㄨㄛˇ ㄕㄢˊ ㄕㄢˇ ㄏㄨㄟˋ ㄇㄛˋ ㄖㄨˊ ㄕㄣ
009621,ㄧˇ ㄒㄧㄚˋ ㄕˋ ㄐㄧˋ ㄓㄜˊ ㄩˇ ㄏㄜˊ ㄔㄠ ㄩㄣˊ ㄉㄜ˙ ㄈㄤˇ ㄨㄣˋ
009622,ㄨㄛˇ ㄏㄞˊ ㄇㄟˊ ㄎㄞ ㄈㄚ ㄔㄨ ㄓㄜˋ ㄍㄜ˙ ㄍㄨㄥ ㄋㄥˊ ㄧㄝˇ
009623,ㄐㄧˊ ㄕˇ ㄊㄚ ㄈㄢˋ ㄌㄜ˙ ㄘㄨㄛˋ ㄈㄨˋ ㄇㄨˇ ㄑㄧㄣ ㄧㄝˇ ㄅㄨˊ ㄏㄨㄟˋ ㄐㄧㄠˋ ㄒㄩㄋˋ ㄊㄚ
009624,ㄐㄧㄢ ㄎㄨㄥˋ ㄆㄞˋ ㄕㄜˋ ㄉㄠˋ ㄍㄞ ㄋㄢˊ ㄗˊ ㄗㄡˇ ㄌㄨˋ ㄕˊ ㄧㄡˇ ㄒㄧㄝ ㄅㄛˊ ㄐㄧㄠˇ ㄔㄤˊ ㄈㄚˋ ㄆㄧㄢ ㄕㄡˋ
009625,ㄏㄨˋ ㄐㄧˊ ㄧ ㄐㄧㄡˋ ㄎㄨㄣˊ ㄅㄤˇ ㄌㄜ˙ ㄏㄨˋ ㄐㄧㄣ ㄖㄣˊ ㄎㄡˇ ㄉㄜ˙ ㄊㄜˋ ㄒㄩˇ ㄑㄨㄢˊ
009626,ㄇㄟˊ ㄧㄡˇ ㄖㄣˊ ㄈㄚ ㄌㄠˊ ㄙㄠˋ ㄦˊ ㄕˋ ㄇㄠˇ ㄗㄨˊ ㄐㄧㄣˋ ㄓㄨㄛˊ ㄕㄡˇ ㄓㄥˊ ㄍㄞˇ
009627,ㄓㄜˋ ㄕˋ ㄧˊ ㄍㄜˋ ㄕㄥ ㄧˋ ㄤˋ ㄖㄢˊ ㄉㄜ˙ ㄔㄨㄣ ㄩˋ ㄕㄥ ㄇㄧㄥˋ ㄉㄜ˙ ㄑㄧˊ ㄐㄧˋ ㄅㄨˊ ㄉㄨㄢˋ ㄅㄟˋ ㄔㄨㄤˋ ㄗㄠˋ
009628,ㄔㄨㄥˊ ㄕㄥˋ ㄙˋ ㄙㄢ ㄊㄚˇ ㄨㄛˇ ㄑㄧㄤˊ ㄌㄧˋ ㄊㄨㄟ ㄐㄧㄢˋ
009629,ㄨㄛˇ ㄉㄜ˙ ㄐㄧㄝˋ ㄧˋ ㄓˊ ㄧㄡˇ ㄑㄧ ㄇㄧㄠˇ ㄆㄧㄢˋ ㄋㄧˇ ㄉㄚ˙
009630,ㄇㄧㄣˊ ㄐㄧㄥˊ ㄐㄧㄝˇ ㄎㄞ ㄕㄥˊ ㄗ˙ ㄐㄧㄡˋ ㄌㄜ˙ ㄋㄢˊ ㄏㄞˊ
009631,ㄅㄨˊ ㄌㄧㄠˋ ㄓㄜˋ ㄧˋ ㄐㄩˋ ㄏㄨㄚˋ ㄖㄜˊ ㄋㄠˇ ㄌㄜ˙ ㄌㄧˇ ㄧㄠˊ
009632,ㄏㄨㄤˊ ㄔㄤˊ ㄩㄥˊ ㄍㄟˇ ㄔㄨ ㄌㄜ˙ ㄗˋ ㄐㄧˇ ㄉㄜ˙ ㄉㄚˊ ㄢˋ
009633,ㄊㄚ ㄗㄞˋ ㄆㄚ ㄒㄧㄚˋ ㄓˊ ㄏㄡˋ ㄐㄧㄡˋ ㄇㄟˊ ㄒㄧㄥˇ ㄌㄜ˙
009634,ㄑㄧˊ ㄕˊ ㄧㄡˋ ㄧㄡˇ ㄕㄨㄟˊ ㄏㄨㄟˋ ㄨˊ ㄩㄢˊ ㄨˊ ㄅㄨˋ ㄉㄜ˙ ㄓㄠˇ ㄊㄚ ㄉㄜ˙ ㄇㄚˇ ㄈㄢˋ ㄋㄜ˙
009635,ㄓㄨㄥ ㄨˇ ㄕˊ ㄈㄣ ㄐㄩㄋ ㄉㄡ ㄕㄢ ㄏㄨㄚˊ ㄒㄩㄜˊ ㄔㄤˇ
009636,ㄙㄨㄟˊ ㄏㄡˋ ㄧㄡˋ ㄩˇ ㄧˋ ㄑㄧㄢˊ ㄌㄞˊ ㄗㄨˇ ㄌㄢˊ ㄉㄜ˙ ㄘㄨㄣ ㄇㄧㄣˊ ㄋㄧㄡˊ ㄉㄚˊ ㄑㄧˇ ㄌㄞˊ
009637,ㄧㄤˊ ㄍㄨㄤ ㄓˋ ㄒㄧㄚˋ ㄎㄨㄞˋ ㄆㄠˊ ㄓㄜˇ ㄨㄟˋ ㄅㄧˇ ㄒㄧㄢ ㄉㄚˊ ㄌㄧˋ ㄓㄢˋ ㄓㄜˇ ㄨㄟˋ ㄅㄧˋ ㄋㄥˊ ㄕㄥˋ
009638,ㄖㄨˊ ㄍㄨㄛˇ ㄕˋ ㄓㄨㄢ ㄐㄧㄚ ㄉㄡ ㄌㄟˊ ㄨㄤˇ ㄆㄧㄥˊ ㄍㄨ ㄅㄠˋ ㄍㄠˋ ㄕㄤˋ ㄑㄧㄢ ㄘˋ
009639,ㄊㄚ ㄏㄨㄚˊ ㄑㄧˇ ㄑㄧㄢˊ ㄌㄞˊ ㄉㄚˋ ㄕㄡˇ ㄉㄚˋ ㄐㄧㄠˇ ㄇㄟˋ ㄒㄧㄣ ㄧˋ ㄔㄤˊ ㄌㄥˇ ㄎㄨˋ
009640,ㄊㄚ ㄊㄡˋ ㄌㄨˋ ㄐㄩˇ ㄅㄤˋ ㄖㄣˊ ㄨㄟˋ ㄒㄧㄤˋ ㄊㄚ ㄙㄨㄛˊ ㄑㄩˇ ㄖㄣˋ ㄏㄜˊ ㄅㄠˋ ㄔㄡˇ
009641,ㄉㄢˋ ㄧㄡˇ ㄩˊ ㄇㄧㄣˊ ㄖㄣˋ ㄨㄟˊ ㄐㄧㄣˋ ㄑㄧ ㄕㄨㄟˇ ㄏㄨˊ ㄌㄨ˙ ㄉㄜ˙ ㄧㄥˊ ㄒㄧㄤˇ ㄧˋ ㄅㄨˊ ㄉㄚˋ
009642,ㄐㄧㄣ ㄗㄠˇ ㄈㄚ ㄒㄧㄢˋ ㄗˋ ㄐㄧˇ ㄅㄟˋ ㄌㄚ ㄏㄟ ㄌㄜ˙
009643,ㄑㄧˊ ㄏㄨㄛˋ ㄉㄧㄢˇ ㄨㄟˋ ㄩˊ ㄏㄜˊ ㄅㄧㄢ
009644,ㄋㄨˊ ㄦˊ ㄅㄧˇ ㄧㄝˊ ㄉㄜ˙ ㄇㄨˇ ㄑㄧㄣ ㄕˋ ㄧˊ ㄨㄟˋ ㄐㄧㄠˋ ㄕ
009645,ㄎㄨㄞˋ ㄖㄣˊ ㄎㄨㄞˋ ㄩˇ ㄕˋ ㄌㄧˊ ㄩㄥˇ ㄅㄛ ㄉㄜ˙ ㄍㄜˋ ㄒㄧㄥˋ
009646,ㄐㄧㄝˊ ㄍㄨㄛˇ ㄩㄝˋ ㄕˋ ㄓㄜˋ ㄧㄤˋ ㄉㄜˊ ㄗㄨㄟˋ ㄖㄣˊ ㄩㄝˋ ㄉㄨㄛ
009647,ㄓㄜˋ ㄕˋ ㄨㄛˇ ㄧㄥ ㄍㄞ ㄗㄨㄛˋ ㄉㄜ˙ ㄅㄨˊ ㄩㄥˋ ㄎㄜˋ ㄑㄧˋ
009648,ㄎㄜˋ ㄊㄤˊ ㄕㄤˋ ㄊㄧㄥ ㄅㄨˋ ㄉㄨㄥˇ ㄒㄧㄚˋ ㄎㄜˋ ㄐㄧㄡˋ ㄒㄧㄤˇ ㄍㄜˋ ㄍㄜ˙ ㄐㄧㄝˇ ㄐㄧㄝˊ ㄨㄣˋ
009649,ㄨㄛˇ ㄉㄚˋ ㄏㄞˊ ㄑㄩˋ ㄌㄠˇ ㄌㄠˊ ㄐㄧㄚˋ ㄋㄠˋ
009650,ㄨㄛˇ ㄇㄣ˙ ㄐㄧㄡˋ ㄎㄜˊ ㄧˇ ㄖㄨㄥˊ ㄖㄣˇ ㄖㄨˊ ㄘˊ ㄘㄢˇ ㄅㄨˋ ㄖㄣˊ ㄉㄨˇ ㄉㄜ˙ ㄐㄩˊ ㄇㄧㄢˋ
009651,ㄈㄨˋ ㄍㄨㄟˋ ㄓㄡ ㄐㄩㄋ ㄎㄨㄢˇ ㄕㄞˋ ㄉㄧㄠˋ ㄌㄧㄤˇ ㄘㄥˊ ㄆㄧˊ
009652,ㄌㄧㄥˋ ㄨㄞˋ ㄧㄠ ㄌㄧㄥˊ ㄅㄚ ㄍㄨㄛˊ ㄉㄠˋ ㄧㄤˊ ㄒㄧㄢˋ ㄉㄨㄢˋ ㄧㄝˇ ㄔㄨ ㄒㄧㄢˋ ㄌㄜ˙ ㄌㄟˋ ㄙˇ ㄉㄜ˙ ㄑㄧㄥˊ ㄎㄨㄤˋ
009653,ㄌㄧㄡˊ ㄒㄧㄢ ㄕㄥ˙ ㄍㄢ ㄍㄚˋ ㄉㄜ˙ ㄒㄧㄤˋ ㄌㄜ˙ ㄒㄧㄠˋ ㄐㄧㄤ ㄧㄢ ㄕㄥ ㄌㄜ˙ ㄏㄨㄟˊ ㄑㄩˋ
009654,ㄧˇ ㄐㄩㄋ ㄧㄡˋ ㄎㄞ ㄆㄧˋ ㄌㄜ˙ ㄌㄧˊ ㄅㄚ ㄋㄣˋ ㄓㄢˋ ㄔㄤˇ
009655,ㄐㄩˋ ㄜˊ ㄎㄨㄟ ㄎㄨㄥ ㄏㄡˋ ㄐㄧㄤˇ ㄍㄨㄥ ㄎㄞ ㄑㄧㄢˊ ㄊㄠˊ
009656,ㄌㄧㄡˋ ㄏㄨㄟˋ ㄋㄢˊ ㄏㄞˊ ㄨㄢˊ ㄉㄠˋ ㄒㄧㄥˋ ㄑㄧˇ ㄕㄨㄛ ㄑㄧˇ ㄌㄜ˙ ㄏㄨㄤˊ ㄙㄜˋ ㄒㄧㄠˋ ㄏㄨㄚˋ
009657,ㄒㄧㄢˋ ㄗㄞˋ ㄏㄞˊ ㄍㄢˇ ㄐㄩㄜˊ ㄊㄡˊ ㄩㄣ ㄕㄡˇ ㄅㄧˋ ㄊㄥˊ
009658,ㄊㄚ ㄇㄣ˙ ㄅㄣˊ ㄒㄧㄠˇ ㄌㄧˋ ㄨㄟ ㄗㄨㄟˋ ㄋㄢˊ ㄐㄧㄥ ㄕㄡˋ ㄕˋ ㄔㄤˇ ㄉㄜ˙ ㄓㄣˋ ㄉㄤˋ
009659,ㄗㄞˋ ㄌㄧˋ ㄕㄢ ㄌㄨˋ ㄧˋ ㄐㄧㄚ ㄔㄠ ㄕˋ ㄧˊ ㄨㄟˋ ㄒㄧㄠ ㄈㄟˋ ㄓㄜˇ ㄓㄥˋ ㄗˇ ㄒㄧˋ ㄉㄨㄢ ㄒㄧㄤˊ ㄔㄥˊ ㄩㄣˋ ㄅㄧㄠˇ
009660,ㄨㄛˇ ㄋㄥˊ ㄏㄣˇ ㄒㄧㄣ ㄉㄚˇ ㄉㄨㄢˋ ㄋㄩˇ ㄅㄛ˙
009661,ㄋㄧˊ ㄉㄧㄢˇ ㄋㄧˊ ㄉㄧㄢˇ ㄋㄧˊ ㄉㄧㄢˇ ㄦˋ ㄏㄨㄣˋ ㄗ˙
009662,ㄅㄟˋ ㄕㄠ ㄔㄥˊ ㄎㄨㄥ ㄐㄧㄚˋ ㄉㄜ˙ ㄉㄧㄢˋ ㄆㄨˋ ㄓㄠ ㄆㄞˊ ㄧˇ ㄎㄢˋ ㄅㄨˊ ㄐㄧㄢˋ ㄌㄜ˙
009663,ㄌㄠˇ ㄈㄨˋ ㄑㄧㄣ ㄇㄟˇ ㄋㄧㄢˊ ㄉㄡ ㄧㄠˋ ㄉㄧˋ ㄕㄜˋ ㄒㄧㄚˋ ㄑㄧˋ ㄉㄜ˙ ㄑㄩˋ ㄘㄨㄟ ㄎㄨㄢˇ ㄎㄜˊ ㄗㄨㄥˇ ㄕˋ ㄆㄥˋ ㄅㄧˋ
009664,ㄅㄞˊ ㄆㄤˋ ㄍㄠ ㄅㄞˊ ㄦˋ ㄌㄧㄤˋ ㄉㄜ˙ ㄌㄧㄢˇ ㄉㄞˋ ㄊㄧˇ ㄌㄜ˙ ㄉㄥ ㄉㄜ˙ ㄍㄨㄥ ㄋㄥˊ
009665,ㄋㄧˇ ㄇㄣ˙ ㄉㄠˋ ㄓㄜˋ ㄅㄨˊ ㄕˋ ㄕㄨㄟˋ ㄐㄧㄠˋ ㄌㄞˊ ㄉㄜ˙
009666,ㄅㄥˋ ㄈㄤˊ ㄒㄧㄚˋ ㄅㄨˋ ㄓㄨˊ ㄊㄧˇ ㄐㄧㄝˊ ㄍㄡˋ ㄧˇ ㄨㄢˊ ㄔㄥˊ
009667,ㄓㄜˋ ㄗㄨㄛˋ ㄊㄨˇ ㄑㄧㄡ ㄧˇ ㄐㄧㄥ ㄅㄟˋ ㄓㄚˇ ㄔㄨ ㄧˊ ㄍㄜˋ ㄕㄣ ㄕㄣ ㄉㄜ˙ ㄏㄨㄛ ㄎㄡˇ
009668,ㄨˊ ㄧˊ ㄊㄤˊ ㄐㄩㄋˋ ㄉㄜ˙ ㄕㄨㄞˋ ㄕㄡ ㄗㄡˇ ㄖㄣˊ ㄉㄨㄟˋ ㄌㄧㄢˊ ㄧㄡˊ ㄨㄤˇ ㄌㄨㄛˋ ㄌㄞˊ ㄕㄨㄛ ㄕˋ ㄒㄩㄜˇ ㄕㄤˋ ㄐㄧㄚ ㄕㄨㄤ
009669,ㄨㄤˇ ㄇㄧㄣˊ ㄇㄣ˙ ㄕˋ ㄈㄡˊ ㄆㄨˇ ㄅㄧㄢˋ ㄕㄡˋ ㄉㄠˋ ㄍㄨㄛˋ ㄌㄧㄡˊ ㄇㄤˊ ㄖㄨㄢˇ ㄐㄧㄢˋ ㄉㄜ˙ ㄙㄠ ㄖㄠˇ ㄋㄜ˙
009670,ㄕㄠ ㄨㄟ ㄏㄨㄟˋ ㄧˋ ㄉㄧㄢˇ ㄉㄢˋ ㄨㄛˇ ㄏㄨㄟˋ ㄉㄜ˙ ㄅㄨˋ ㄉㄨㄛ
009671,ㄕㄣˇ ㄇㄜ˙ ㄩㄝˋ ㄑㄧˋ ㄧㄚ˙
009672,ㄅㄧㄥˋ ㄑㄧㄝˇ ㄆㄠ ㄕㄡˋ ㄆㄨˇ ㄅㄧㄢˋ ㄗㄞˋ ㄦˋ ㄙㄢ ㄊㄠˋ
009673,ㄨㄛˇ ㄋㄚˊ ㄉㄠ ㄐㄧㄡˋ ㄎㄢˇ ㄌㄜ˙ ㄓㄠˋ ㄗㄨㄛˋ ㄏㄞˇ ㄧˋ ㄉㄠ
009674,ㄅㄨˋ ㄍㄨㄢˇ ㄒㄧㄚˋ ㄈㄤˋ ㄩˋ ㄅㄟˋ ㄉㄨㄟˋ ㄉㄜ˙ ㄕˋ ㄕㄣˊ ㄇㄣ˙ ㄖㄣˊ ㄉㄡ ㄎㄜˋ ㄧˋ ㄏㄨㄟˊ ㄉㄠˋ ㄉㄨㄟˋ ㄨˇ ㄓㄨㄥ ㄌㄞˊ
009675,ㄓㄜˋ ㄑㄧˋ ㄓㄨㄥ ㄧˇ ㄡ ㄇㄥˊ ㄉㄜ˙ ㄍㄨㄢ ㄑㄧㄚˇ ㄗㄨㄟˋ ㄨㄟˊ ㄍㄨㄢ ㄐㄧㄢˋ ㄏㄜˊ ㄐㄧㄢ ㄋㄢˊ
009676,ㄆㄧㄝˋ ㄖㄨˊ ㄕㄨㄛ ㄇㄟˇ ㄍㄨㄟ ㄗㄨㄥˇ ㄕˋ ㄓㄤˇ ㄅㄨˋ ㄏㄠˇ
009677,ㄍㄟˇ ㄋㄩˊ ㄧㄡˇ ㄍㄜˋ ㄐㄧㄥ ㄒㄧˇ ㄉㄞˋ ㄋㄩˊ ㄧㄡˇ ㄑㄩˋ ㄈㄨˋ ㄐㄧㄣ ㄉㄜ˙ ㄉㄧˋ ㄈㄤ ㄨㄢˊ
009678,ㄓㄜˋ ㄕˋ ㄩㄢˇ ㄌㄧㄤˋ ㄇㄧㄢˋ ㄅㄠ ㄔㄜ ㄉㄡ ㄊㄧㄝ ㄓㄜ˙ ㄏㄨㄢˊ ㄨㄟˋ ㄐㄧㄢ ㄔㄚˇ ㄗˋ ㄧㄤˋ ㄔㄜ ㄉㄧㄥˇ ㄢ ㄓㄨㄤ ㄓㄜ˙ ㄌㄚˇ ㄅㄚ˙
009679,ㄢ ㄇㄚˇ ㄒㄧㄢˋ ㄗㄞˋ ㄨㄛˇ ㄉㄡ ㄅㄨˊ ㄌㄧㄤˋ ㄌㄜ˙ ㄌㄧㄢˋ ㄅㄨˋ ㄔㄨ ㄌㄞˊ ㄏㄜ ㄏㄜ
009680,ㄗㄞˋ ㄧˋ ㄊㄡˊ ㄗ ㄓ ㄑㄧㄢˊ ㄒㄧ ㄨㄤˋ ㄋㄧˇ ㄋㄥˊ ㄨㄢˊ ㄨㄢ˙ ㄨㄛˇ ㄇㄣ˙ ㄉㄜ˙ ㄧㄡˊ ㄒㄧˋ
009681,ㄓㄜˋ ㄇㄜ˙ ㄉㄨㄛ ㄒㄧㄠˋ ㄏㄨㄚˋ ㄧˋ ㄊㄧㄢ ㄐㄧㄤˇ ㄅㄨˋ ㄨㄢˊ ㄧㄚ˙
009682,ㄨㄛˇ ㄕ ㄌㄧㄢˋ ㄌㄜ˙ ㄨㄛˇ ㄌㄢˊ ㄕㄡˋ ㄚ˙ ㄨㄛˇ ㄒㄧㄤ ㄍㄨ
009683,ㄕㄣˊ ㄇㄜ˙ ㄉㄡˋ ㄅㄨˋ ㄩㄥˋ ㄋㄧˇ ㄍㄢˋ ㄐㄧㄡˋ ㄓㄜˋ ㄧㄤˋ ㄉㄧㄝˊ ㄨㄛˇ ㄍㄨㄟˋ ㄉㄠˋ ㄊㄧㄢ ㄌㄧㄤˋ
009684,ㄊㄚ ㄒㄧㄤˇ ㄎㄤˊ ㄓㄜ˙ ㄑㄩㄜˋ ㄧˇ ㄌㄧˋ ㄅㄨˋ ㄘㄨㄥˊ ㄒㄧㄣ
009685,ㄉㄤ ㄕˊ ㄒㄧㄣ ㄌㄧˇ ㄐㄧˊ ㄒㄧㄤˇ ㄕㄠˊ ㄧㄡˇ ㄇㄚˊ ㄈㄢ˙
009686,ㄉㄧˋ ㄦˋ ㄋㄧㄢˊ ㄕㄥ ㄌㄜ˙ ㄍㄜ˙ ㄉㄚˋ ㄆㄤˋ ㄒㄧㄠˇ ㄗ˙
009687,ㄊㄚ ㄇㄣ˙ ㄋㄥˊ ㄗㄞˋ ㄐㄧㄤ ㄕㄨㄟˇ ㄏㄜˊ ㄏㄞˊ ㄕㄨㄟˋ ㄓㄨㄥ ㄕㄥ ㄘㄨㄣˊ ㄅㄧㄥˋ ㄑㄧㄝˇ ㄔㄥˊ ㄕㄨˊ ㄏㄡˋ ㄏㄨㄟˊ ㄧㄡˇ ㄉㄠˋ ㄔㄢˊ ㄌㄨㄢˇ ㄉㄧˋ ㄔㄢˊ ㄌㄨㄢˇ
009688,ㄏㄞˇ ㄉㄥ ㄉㄨㄟˋ ㄗㄡ ㄐㄧㄚ ㄏㄨㄚˊ ㄉㄜ˙ ㄌㄞˊ ㄈㄤˇ ㄅㄧㄠˇ ㄕˋ ㄏㄨㄢ ㄧㄥˊ
009689,ㄓㄜˋ ㄧㄝˇ ㄕˋ ㄗㄨㄛˋ ㄨㄟˊ ㄨㄤˇ ㄌㄜˋ ㄒㄧㄝˊ ㄕㄡˇ ㄗㄨㄟˋ ㄊㄨㄥˋ ㄎㄨˇ ㄉㄜ˙ ㄕˋ
009690,ㄇㄨˋ ㄑㄧㄢˊ ㄑㄨㄢˊ ㄍㄨㄛˊ ㄋㄞˇ ㄧㄝˋ ㄓㄥˊ ㄊㄧˇ ㄉㄧˋ ㄇㄧˇ ㄓㄨˇ ㄧㄠˋ ㄕˋ ㄒㄧㄠ ㄈㄟˋ ㄓㄜˇ ㄉㄨㄟˋ ㄖㄨˊ ㄆㄧㄣˇ ㄓˋ ㄌㄧㄤˋ ㄒㄧㄣ ㄒㄧㄣ ㄅㄨˋ ㄗㄨˊ
009691,ㄉㄢ ㄒㄧㄣ ㄓㄤ ㄇㄡˇ ㄅㄠˋ ㄐㄧㄥˇ ㄌㄧㄤˋ ㄖㄣˊ ㄩㄥˋ ㄓㄣˇ ㄐㄧㄣ ㄨˇ ㄓㄨ ㄌㄜ˙ ㄓㄤ ㄇㄡˇ ㄉㄜ˙ ㄗㄨㄟˇ ㄓˊ ㄓˋ ㄊㄚ ㄅㄨˊ ㄗㄞˋ ㄉㄨㄥˋ ㄊㄢ˙
009692,ㄖˋ ㄅㄣˇ ㄉㄜ˙ ㄧˋ ㄕˊ ㄙ ㄒㄧㄤˇ ㄧㄝˇ ㄕˋ ㄨㄣˊ ㄏㄨㄚˋ ㄕˊ ㄨˋ ㄆㄥ ㄖㄣˋ ㄙㄨㄛˇ ㄕㄡˋ ㄉㄠˋ ㄉㄜ˙ ㄗㄨㄟˋ ㄉㄚˋ ㄧㄥˊ ㄒㄧㄤˇ ㄕˋ ㄓㄨㄥ ㄍㄨㄛˊ
009693,ㄓㄜˇ ㄒㄧㄝˋ ㄨㄞˋ ㄅㄧㄠˇ ㄍㄨㄤ ㄒㄧㄢ ㄉㄜ˙ ㄖㄣˊ ㄗㄨㄛˋ ㄔㄨ ㄌㄜ˙ ㄨㄛˋ ㄔㄨㄛˋ ㄤ ㄗㄤ ㄉㄜ˙ ㄔㄡˇ ㄕˋ ㄐㄧˋ ㄓㄨˋ ㄊㄚ ㄇㄣ˙ ㄉㄜ˙ ㄇㄧㄥˊ ㄗˋ
009694,ㄊㄚ ㄘㄥˊ ㄒㄧㄤˇ ㄍㄨㄛˋ ㄈㄤˋ ㄑㄧˋ ㄐㄧˊ ㄍㄨㄢˇ ㄖㄨˊ ㄐㄧㄣ ㄊㄚ ㄧˇ ㄕˋ ㄧㄢ ㄏㄞˊ ㄇㄡˇ ㄕˋ ㄉㄜ˙ ㄑㄧㄥ ㄕㄤˋ ㄧㄢˊ ㄙㄢˊ ㄉㄚˇ ㄍㄨㄢˋ ㄐㄩㄋ
009695,ㄑㄧˊ ㄘˋ ㄉㄜ˙ ㄅㄤˋ ㄅㄤˋ ㄕˋ ㄨㄟˊ ㄖㄣˊ ㄏㄨㄛˊ ㄌㄨㄛˋ ㄍㄨㄢ ㄒㄧ˙ ㄉㄨㄛ ㄧㄝˋ ㄨˋ ㄉㄡ ㄕˋ ㄕㄨˊ ㄖㄣˊ ㄐㄧㄝˋ ㄕㄠˋ ㄉㄜ˙
009696,ㄐㄧˋ ㄓㄜˇ ㄈㄚ ㄒㄧㄢˋ ㄇㄧㄥˊ ㄋㄧㄢˊ ㄈㄤˋ ㄐㄧㄚˊ ㄆㄞˊ ㄗㄞˋ ㄗㄨㄥˊ ㄊㄧˇ ㄕㄤˋ ㄅㄨˊ ㄏㄨㄟˋ ㄔㄨ ㄒㄧㄢˋ ㄗㄨㄟˋ ㄓㄜ ㄊㄥ˙ ㄔㄤˊ ㄐㄧㄚˋ
009697,ㄔㄨㄤ ㄨㄞˋ ㄨㄢˇ ㄈㄥ ㄔㄨㄟ ㄈㄨˊ ㄕㄨˋ ㄧㄝˋ ㄧㄡˇ ㄌㄜ˙ ㄏㄨㄛˊ ㄌㄧˋ ㄏㄨㄚ ㄌㄚ ㄌㄚ ㄉㄜ˙ ㄒㄧㄤˇ ㄒㄧㄤˋ ㄗㄞˋ ㄙㄨˋ ㄕㄨㄛ ㄓㄜ˙ ㄕㄣˊ ㄇㄜ˙
009698,ㄇㄧㄣˊ ㄐㄧㄥˇ ㄧˊ ㄌㄨˋ ㄘㄨㄥˊ ㄩㄥˇ ㄒㄧㄥ ㄒㄧㄢˋ ㄉㄠˋ ㄔㄣ ㄓㄡ ㄕˋ ㄑㄩ ㄉㄧˋ ㄉㄨㄢˋ ㄐㄧˇ ㄕˊ ㄍㄨㄥ ㄌㄧˋ ㄆㄞˊ ㄔㄚˊ ㄙㄨㄛˊ ㄧㄡˇ ㄧˊ ㄩㄢˋ
009699,ㄊㄤˊ ㄏㄨㄥˊ ㄐㄧㄢˋ ㄒㄧˇ ㄏㄨㄢˋ ㄩㄥˋ ㄉㄠˋ ㄇㄨˋ ㄑㄩ ㄓㄜˊ ㄌㄞˊ ㄇㄧㄠˊ ㄕㄨˋ ㄓㄨㄥ ㄍㄨㄛˊ ㄏㄜˊ ㄉㄧㄢˋ ㄍㄨㄥ ㄧㄝˋ ㄉㄜ˙ ㄈㄚ ㄓㄢˇ ㄌㄧˋ ㄔㄥˊ
009700,ㄒㄩㄥˊ ㄨㄟˋ ㄉㄜ˙ ㄖㄣˊ ㄇㄧㄣˊ ㄉㄚˋ ㄏㄨㄟˋ ㄊㄤˊ ㄑㄧˋ ㄈㄣ ㄌㄨㄥˊ ㄓㄨㄥˋ ㄖㄜˋ ㄌㄧㄝˋ ㄨㄢˋ ㄖㄣˊ ㄉㄚˋ ㄌㄧˇ ㄊㄤˊ ㄌㄧˇ ㄉㄥ ㄍㄨㄤ ㄘㄨㄟˇ ㄘㄢˋ
009701,ㄗㄞˋ ㄘˋ ㄐㄧㄠ ㄧˋ ㄕˊ ㄐㄧㄝˋ ㄕㄠˋ ㄖㄣˊ ㄐㄧㄢˋ ㄇㄡˇ ㄏㄜˊ ㄊㄚ ㄉㄜ˙ ㄆㄥˊ ㄧㄡ˙ ㄧㄤˊ ㄇㄡˇ ㄉㄚˊ ㄑㄧˇ ㄌㄜ˙ ㄑㄧˊ ㄊㄚ ㄙㄨㄢˋ ㄆㄢ˙
009702,ㄐㄧ ㄈㄣ ㄧˇ ㄈㄣ ㄨㄟˋ ㄉㄢ ㄨㄟˋ ㄇㄟˇ ㄘˋ ㄐㄧˋ ㄖㄨˋ ㄓㄤˋ ㄏㄨˋ ㄕˊ ㄢˋ ㄘˋ ㄕㄜˊ ㄨˇ ㄓㄨˋ ㄍㄨㄟ ㄗㄜˊ ㄑㄩˊ ㄓㄨㄥˇ ㄐㄧˋ ㄙㄨㄢˋ
009703,ㄓㄜˋ ㄕˊ ㄌㄡˊ ㄈㄤˊ ㄏㄨㄤˋ ㄉㄜ˙ ㄍㄥˋ ㄐㄧㄚ ㄌㄧˋ ㄏㄞ˙ ㄅㄛ ㄌㄧˇ ㄔㄨㄤ ㄏㄨㄚ ㄏㄨㄚ ㄉㄜ˙ ㄗㄚˊ ㄌㄨㄛˋ ㄒㄧㄚˋ ㄌㄞˊ
009704,ㄊㄢ ㄕˊ ㄧˋ ㄔㄨ ㄌㄜ˙ ㄧˊ ㄍㄜ˙ ㄐㄧㄚˋ ㄑㄧㄢˇ ㄨㄛˇ ㄇㄣ˙ ㄗㄨㄥ ㄏㄜˊ ㄎㄠˇ ㄌㄩˋ ㄎㄜˊ ㄧˇ ㄐㄧㄡˋ ㄇㄞˋ ㄌㄡ˙
009705,ㄉㄧˋ ㄅㄚ ㄌㄧˋ ㄑㄩㄜˋ ㄓㄣˇ ㄅㄧㄥˋ ㄌㄧˋ ㄨㄟˊ ㄧ ㄑㄧ ㄙㄨㄟˋ ㄋㄩˇ ㄊㄨㄥˊ ㄐㄧㄚˋ ㄉㄜ˙ ㄉㄚˋ ㄐㄧ ㄏㄨㄚˊ ㄖㄣˊ
009706,ㄑㄧㄠˊ ㄉㄜ˙ ㄌㄧㄥˋ ㄧˋ ㄉㄨㄢˋ ㄨㄟˋ ㄈㄤˊ ㄓˇ ㄖㄣˊ ㄕㄤˋ ㄑㄧㄠˊ ㄊㄜˋ ㄧˋ ㄑㄧˋ ㄑㄧˇ ㄌㄜ˙ ㄧˋ ㄉㄨㄛ ㄞˋ ㄑㄧㄤˊ
009707,ㄖㄢˊ ㄏㄡˋ ㄧㄡˇ ㄩㄢˊ ㄍㄨㄛˋ ㄌㄞˊ ㄋㄚˊ ㄓㄜˋ ㄍㄜˋ ㄇㄨㄢˋ ㄉㄜ˙ ㄏㄨㄚˋ ㄊㄨㄥˇ ㄧㄠˋ ㄅㄚˇ ㄊㄚ ㄑㄧㄥˇ ㄔㄨ ㄑㄩˋ
009708,ㄨㄛˇ ㄌㄧㄥˊ ㄉㄠˇ ㄌㄜ˙ ㄊㄚ ㄨˇ ㄕˊ ㄑㄧ ㄋㄧㄢˊ ㄧㄝˇ ㄅㄨˋ ㄎㄜˇ ㄅㄧˋ ㄇㄧㄢˇ ㄉㄜ˙ ㄈㄢˋ ㄌㄜ˙ ㄧˋ ㄒㄧㄝ ㄘㄨㄛˋ
009709,ㄊㄧㄠˊ ㄌㄧˋ ㄉㄨㄟˋ ㄨ ㄖㄢˇ ㄩㄢˊ ㄆㄨˇ ㄔㄚˊ ㄉㄜ˙ ㄗㄨˇ ㄓ ㄕˊ ㄕ ㄗㄨㄛˋ ㄌㄜ˙ ㄋㄚˇ ㄒㄧㄝ ㄍㄨㄟ ㄉㄧㄥˋ
009710,ㄌㄠˇ ㄅㄟˋ ㄇㄟˇ ㄘˋ ㄌㄧㄤˋ ㄒㄧㄤˋ ㄑㄧㄢˊ ㄉㄡ ㄧㄠˋ ㄒㄧˋ ㄒㄧㄣ ㄉㄜ˙ ㄊㄨˊ ㄓ ㄇㄛˊ ㄈㄣˇ ㄧˋ ㄈㄢ ㄋㄤˋ
009711,ㄑㄩˋ ㄋㄧㄢˊ ㄏㄜˊ ㄌㄢˊ ㄨˇ ㄑㄧˋ ㄉㄜ˙ ㄗㄨㄟˋ ㄉㄚˋ ㄇㄞˇ ㄐㄧㄚ ㄕˋ ㄉㄢˋ ㄇㄞˋ ㄇㄟˇ ㄍㄨㄛˊ ㄏㄜˊ ㄢ ㄇㄢˋ
009712,ㄗㄚˊ ㄐㄧㄠ ㄕㄨㄟˇ ㄉㄠˋ ㄧㄥˋ ㄩㄥˋ ㄙㄜˋ ㄕˋ ㄊㄧˊ ㄍㄠ ㄕㄨㄟˇ ㄉㄠˋ ㄔㄢˇ ㄌㄧㄤˋ ㄉㄜ˙ ㄗㄨㄟˋ ㄐㄧㄚ ㄒㄨㄢˇ ㄗㄜˊ
009713,ㄌㄧㄥˊ ㄕˊ ㄕˊ ㄐㄧㄡˇ ㄈㄣ ㄒㄩˇ ㄏㄞˇ ㄒㄩㄋˊ ㄙㄢ ㄧㄠˋ ㄦˋ ㄨˇ ㄑㄧ ㄏㄠˋ ㄉㄧˇ ㄉㄚˊ ㄕˋ ㄈㄚ ㄕㄨㄟˇ ㄩˋ
009714,ㄆㄠˇ ㄔㄜ ㄔㄜ ㄕㄣ ㄧㄝˊ ㄓㄥˇ ㄍㄜ˙ ㄠ ㄒㄧㄢˋ ㄒㄧㄚˋ ㄑㄩˋ ㄔㄜ ㄊㄡˊ ㄏㄜˊ ㄔㄜ ㄕㄣ ㄅㄨˋ ㄨㄟˋ ㄨㄢˊ ㄏㄠˇ
009715,ㄐㄧㄣ ㄊㄧㄢ ㄅㄣˇ ㄅㄠˋ ㄐㄧㄤ ㄨㄟˋ ㄋㄧㄣˊ ㄈㄥˋ ㄒㄧㄢˋ ㄗㄨㄟˋ ㄒㄧㄤˊ ㄒㄧˋ ㄉㄜ˙ ㄓㄨㄥ ㄓㄨㄢˇ ㄐㄧㄝ ㄒㄩ ㄈㄤ ㄢˋ
009716,ㄩˋ ㄕㄨˋ ㄉㄤ ㄉㄧˋ ㄙㄥ ㄩˇ ㄓㄥˋ ㄗㄞˋ ㄐㄧ ㄐㄧˊ ㄐㄧㄡˋ ㄩㄢˊ ㄅㄟˋ ㄎㄨㄣˋ ㄈㄟˋ ㄒㄩ ㄉㄜ˙ ㄇㄧㄣˊ ㄓㄨㄥˋ
009717,ㄆㄥˊ ㄓㄨㄥˋ ㄒㄧㄣ ㄉㄞˋ ㄉㄜ˙ ㄐㄧˇ ㄍㄜˋ ㄖㄣˊ ㄧㄡˊ ㄩˊ ㄍㄨㄚˇ ㄅㄨˋ ㄉㄧˊ ㄓㄨㄥˋ ㄗㄜˊ ㄙˋ ㄔㄨˋ ㄊㄠˊ ㄇㄧㄥˋ
009718,ㄐㄧㄣ ㄊㄧㄢ ㄉㄜ˙ ㄐㄧㄡˇ ㄑㄩㄜˊ ㄨㄟˋ ㄒㄧㄥ ㄈㄚ ㄕˋ ㄖㄨㄥ ㄒㄧㄣ ㄑㄧㄡ ㄍㄨㄤ ㄑㄧˋ ㄕㄨㄤˇ ㄧㄤˊ ㄍㄨㄤ ㄘㄢˋ ㄌㄢˋ
009719,ㄨㄤˊ ㄑㄧˊ ㄍㄨ ㄕㄣ ㄧˋ ㄖㄣˊ ㄨˊ ㄦˊ ㄨˊ ㄋㄩˇ ㄎㄠˋ ㄓㄥˋ ㄈㄨˊ ㄅㄨˇ ㄓㄨˋ ㄏㄜˊ ㄕˊ ㄏㄨㄤ ㄉㄨˋ ㄖˋ
009720,ㄐㄧˋ ㄓㄜˇ ㄇㄣ˙ ㄧˋ ㄅㄢ ㄉㄡ ㄕˋ ㄗㄞˋ ㄉㄚˊ ㄨㄣˋ ㄏㄨㄢˊ ㄐㄧㄝˊ ㄘㄞˊ ㄊㄨ ㄖㄢˊ ㄐㄧㄥ ㄕㄣˋ ㄉㄡˊ ㄙㄡˇ
009721,ㄉㄨㄛ ㄇㄧˇ ㄋㄧˊ ㄐㄧㄚ ㄖㄣˊ ㄏㄣˊ ㄒㄧㄤˋ ㄌㄧㄠˊ ㄐㄧㄝˇ ㄓㄨㄥ ㄍㄨㄛˊ ㄘㄞˋ ㄏㄜˊ ㄉㄧㄢˇ ㄒㄧㄣ ㄗㄣˇ ㄇㄜ˙ ㄗㄨㄛˋ
009722,ㄊㄨˇ ㄉㄧˋ ㄧㄡˇ ㄇㄟˊ ㄧㄡˇ ㄈㄨˋ ㄎㄣˊ ㄏㄠˇ ㄏㄜˊ ㄅㄨˋ ㄏㄜˊ ㄍㄜˊ ㄑㄨㄢˊ ㄎㄠˋ ㄧㄢˋ ㄕㄡ ㄌㄞˊ ㄅㄚˇ ㄍㄨㄢ
009723,ㄐㄧㄝˊ ㄕㄨˋ ㄊㄞˋ ㄍㄨㄛˊ ㄧㄡˊ ㄏㄡˋ ㄓㄡ ㄐㄧㄝˊ ㄌㄨㄣˊ ㄌㄡˇ ㄓㄜ˙ ㄇㄚˋ ㄇㄚ˙ ㄅㄨˋ ㄔㄨ ㄊㄠˊ ㄩㄢˊ ㄐㄧ ㄔㄤˇ
009724,ㄧˋ ㄇㄧㄥˊ ㄋㄩˇ ㄕˋ ㄎㄨ ㄏㄠˊ ㄓㄜˋ ㄅㄟˋ ㄒㄧㄠˇ ㄩㄝˋ ㄉㄥˇ ㄖㄣˊ ㄔㄢ ㄈㄨˋ ㄓㄜˋ ㄌㄧˇ ㄎㄞ
009725,ㄏㄠˊ ㄨˊ ㄧˊ ㄨㄣˋ ㄎㄜˋ ㄇㄨˇ ㄊㄜˋ ㄕˋ ㄕˋ ㄐㄧㄝˋ ㄕㄤˋ ㄗㄨㄟˋ ㄕㄡˋ ㄏㄨㄢ ㄧㄣˊ ㄉㄜ˙ ㄉㄨㄥˋ ㄨˇ
009726,ㄕㄡˋ ㄒㄧㄤ ㄘㄨㄣ ㄇㄧㄣˊ ㄧˇ ㄙㄨㄥˋ ㄉㄠˋ ㄉㄤ ㄉㄧˋ ㄧ ㄩㄢˋ ㄐㄧㄝ ㄕㄡˋ ㄓˋ ㄌㄧㄠˊ
009727,ㄐㄧㄡ ㄐㄧㄥˋ ㄏㄠˇ ㄌㄞˊ ㄨ ㄏㄜˊ ㄉㄧˊ ㄙ ㄋㄧˊ ㄉㄜ˙ ㄇㄟˋ ㄌㄧˋ ㄏㄜˊ ㄗㄞˋ
009728,ㄏㄡˋ ㄉㄜˊ ㄓ ㄊㄚ ㄏㄨㄢˋ ㄧㄡˇ ㄧㄢˊ ㄓㄨㄥˋ ㄓˋ ㄔㄨㄤˋ ㄧㄥˊ ㄒㄧㄤˊ ㄗㄡˇ ㄌㄨˋ
009729,ㄧˋ ㄒㄧㄝ ㄓㄨˋ ㄨㄛ ㄆㄥˊ ㄉㄜ˙ ㄘㄨㄣ ㄇㄧㄣˊ ㄧㄣˋ ㄓㄥˋ ㄌㄜ˙ ㄓㄜˋ ㄧˋ ㄕㄨㄛ ㄈㄚˇ
009730,ㄨˇ ㄕˋ ㄒㄩㄥˊ ㄆㄥˋ ㄉㄜ˙ ㄘㄞˊ ㄌㄧˋ ㄓ ㄔˊ ㄑㄧˊ ㄔˊ ㄒㄩˋ ㄌㄧㄣˇ ㄒㄧㄢ
009731,ㄓㄜˋ ㄧㄤˋ ㄘㄞˊ ㄋㄥˊ ㄓㄨˋ ㄏㄠˇ ㄔㄠˊ ㄘㄞˊ ㄋㄜ˙ ㄧㄣˇ ㄌㄞˊ ㄏㄠˇ ㄈㄥˋ ㄏㄨㄤ˙
009732,ㄑㄧㄠˊ ㄅㄨˋ ㄙ ㄗㄞˋ ㄨˇ ㄕˋ ㄌㄧㄡˋ ㄙㄨㄟˋ ㄕˊ ㄧㄣ ㄧˊ ㄒㄧㄝˋ ㄦˊ ㄅㄧㄥˋ ㄕˋ
009733,ㄔㄨㄢ ㄕㄤˋ ㄒㄧˋ ㄓㄨㄤ ㄕˋ ㄧㄢˇ ㄩㄢˊ ㄊㄨㄛ ㄒㄧㄚˋ ㄒㄧˋ ㄓㄨㄤ ㄕˋ ㄋㄨㄥˊ ㄇㄧㄣˊ
009734,ㄋㄧˇ ㄋㄧㄢˊ ㄈㄤ ㄕˊ ㄅㄚ ㄧˋ ㄓ ㄏㄨㄚ ㄋㄧㄢˊ ㄈㄤ ㄦˋ ㄅㄚ ㄏㄨㄟˋ ㄔㄥˊ ㄐㄧㄚ ㄧㄣˊ ㄈㄤ ㄙㄢ ㄅㄚ ㄧㄡˇ ㄑㄧㄢˊ ㄏㄨㄚˋ ㄗㄨㄟˋ ㄇㄣˊ ㄧㄤˋ ㄓㄨㄣˇ ㄇㄚ˙
009735,ㄉㄢˋ ㄊㄚ ㄉㄜ˙ ㄌㄨㄢˇ ㄔㄠˊ ㄉㄥˇ ㄕㄥ ㄓˋ ㄑㄧˋ ㄍㄨㄢ ㄈㄚ ㄩˋ ㄓㄥˋ ㄔㄤˇ
009736,ㄆㄢ ㄅㄧㄥ ㄕˋ ㄧˊ ㄨㄟˋ ㄆㄛ ㄧㄡˇ ㄊㄜˋ ㄉㄧㄢˇ ㄏㄜˊ ㄍㄜˋ ㄒㄧㄥˋ ㄉㄜ˙ ㄒㄨㄢˊ ㄕㄡˇ
009737,ㄨㄛˇ ㄊㄧㄢ ㄊㄧㄢ ㄔㄠˇ ㄘㄞˋ ㄗㄨㄛˋ ㄈㄢˋ ㄍㄟˇ ㄊㄚ ㄨㄟˋ ㄉㄜ˙ ㄅㄠˊ ㄅㄠˇ ㄉㄜ˙
009738,ㄉㄨㄟˋ ㄧㄡˇ ㄇㄣ˙ ㄈㄥˋ ㄈㄥ ㄍㄨㄤ ㄍㄨㄤ ㄉㄜ˙ ㄌㄨㄣˊ ㄈㄢ ㄔㄨ ㄑㄩˋ ㄅㄧˇ ㄙㄞˋ
009739,ㄙㄨㄣ ㄉㄚˇ ㄉㄧㄢˋ ㄏㄨㄚˋ ㄌㄧˇ ㄨㄤˊ ㄌㄧㄣˊ ㄧㄠˋ ㄊㄚ ㄐㄧㄠˋ ㄒㄩㄋˋ ㄔㄣˊ ㄇㄡˇ ㄌㄧㄤˋ
009740,ㄅㄧˇ ㄖㄨˊ ㄉㄚˋ ㄓㄚˊ ㄒㄧㄝ ㄕㄤˋ ㄕˋ ㄌㄜ˙ ㄐㄧㄡˇ ㄈㄚ ㄆㄤˊ ㄒㄧㄝˋ ㄑㄨㄢˋ
009741,ㄅㄨˋ ㄖㄢˊ ㄐㄧㄡˋ ㄏㄨㄟˋ ㄗㄠˋ ㄔㄥˊ ㄐㄧˊ ㄉㄚˋ ㄉㄜ˙ ㄨˋ ㄔㄨㄢˊ ㄏㄜˊ ㄘㄞ ㄘㄜˋ
009742,ㄓㄜˋ ㄇㄜ˙ ㄐㄧˊ ㄑㄧㄝˋ ㄉㄜ˙ ㄏㄨ ㄏㄨㄢˋ ㄨㄛˇ ㄕˋ ㄅㄨˊ ㄕˋ ㄒㄧㄤˊ ㄨㄛˇ ㄌㄜ˙
009743,ㄋㄚˋ ㄏㄨㄛㄖˋ ㄒㄧㄣ ㄑㄧㄥˊ ㄧㄝˊ ㄏㄣˇ ㄩˋ ㄇㄣ˙ ㄒㄧㄥˋ ㄏㄠˇ ㄊㄚˋ ㄇㄣ˙ ㄌㄞˊ ㄌㄜ˙
009744,ㄨㄥ ㄇㄟˋ ㄌㄧㄥˊ ㄗˋ ㄕㄚ ㄉㄜ˙ ㄗㄨㄟˋ ㄓㄨˇ ㄧㄠˋ ㄩㄢˊ ㄧㄣ ㄕˋ ㄍㄨㄥ ㄗㄨㄛˋ ㄧㄚˊ ㄌㄧˇ
009745,ㄅㄨˊ ㄧㄠˋ ㄈㄢˋ ㄋㄨˋ ㄧㄝˇ ㄅㄨˊ ㄧㄠˋ ㄕˋ ㄊㄨˊ ㄍㄞˇ ㄅㄧㄢˋ ㄧㄡˇ ㄒㄧˋ ㄍㄨㄟ ㄗㄜˊ
009746,ㄦˊ ㄑㄧㄝˇ ㄊㄚ ㄎㄜˊ ㄧˇ ㄓㄥˋ ㄔㄤˊ ㄒㄧㄥˊ ㄗㄡˇ ㄐㄧㄡˋ ㄕˋ ㄧㄡˊ ㄉㄧㄢˊ ㄅㄛˇ ㄛ˙
009747,ㄕㄜˊ ㄉㄜ˙ ㄑㄧˊ ㄊㄚ ㄅㄨˋ ㄈㄣ˙ ㄕㄨㄛ ㄋㄧˇ ㄇㄟˊ ㄧㄡˊ ㄧㄢˇ ㄐㄧㄥ˙ ㄅㄧˊ ㄗ˙ ㄗㄣˇ ㄇㄜ˙ ㄋㄥˋ ㄓ ㄧ ㄨㄛˇ ㄇㄣ˙ ㄒㄧㄤˋ ㄑㄧㄢˊ ㄗㄡˇ
009748,ㄑㄧˊ ㄕˊ ㄨㄛˇ ㄅㄨˊ ㄕˋ ㄊㄜˋ ㄅㄧㄝˊ ㄒㄧˇ ㄏㄨㄢˊ ㄓㄠˋ ㄒㄧㄤˋ ㄌㄠˊ ㄐㄧˋ ㄨㄛˇ ㄗㄞˋ ㄋㄧˇ ㄒㄧㄣ ㄌㄧˇ ㄉㄜ˙ ㄧㄤˋ ㄗ˙ ㄐㄧㄡˋ ㄏㄠˇ ㄌㄜ˙
009749,ㄊㄚ ㄕㄨㄛ ㄙㄨㄟ ㄖㄢˊ ㄊㄚ ㄉㄜ˙ ㄍㄡˇ ㄉㄨㄟˋ ㄖㄣˊ ㄏㄣˇ ㄧㄡˊ ㄏㄠˇ ㄉㄢˋ ㄇㄟˇ ㄘˋ ㄌㄧㄡˋ ㄍㄡˇ ㄉㄡ ㄩㄥˋ ㄕㄥˊ ㄗ˙ ㄕㄨㄢ ㄓㄜ˙
009750,ㄅㄧˇ ㄙㄞˋ ㄓㄨㄥ ㄐㄧ ㄏㄨ ㄇㄟˇ ㄧˋ ㄇㄧㄥˊ ㄒㄨㄢˊ ㄕㄡˇ ㄉㄡ ㄕˋ ㄘ ㄧㄚˊ ㄌㄧㄝˊ ㄗㄨㄟˇ ㄊㄨㄥˋ ㄎㄨˇ ㄅㄨˋ ㄎㄢ ㄌㄜ˙ ㄅㄧㄠˇ ㄑㄧㄥˊ
009751,ㄉㄨㄟˋ ㄩˊ ㄅㄧˇ ㄙㄞˋ ㄓㄨㄥ ㄉㄜ˙ ㄘㄨ ㄧㄝˊ ㄔㄤˇ ㄇㄧㄢˋ ㄅㄨˋ ㄌㄨㄣˊ ㄉㄢ ㄖㄣˋ ㄨㄟˊ ㄅㄧˇ ㄙㄞˋ ㄐㄧ ㄌㄧㄝˋ ㄎㄜˊ ㄧˇ ㄌㄧˊ ㄐㄧㄝˇ
009752,ㄇㄧㄠˊ ㄇㄧㄠˊ ㄑㄧㄤˇ ㄒㄧㄢ ㄉㄧㄢˇ ㄌㄜ˙ ㄍㄢ ㄍㄨㄛˇ ㄆㄢˊ ㄕㄨㄟˊ ㄍㄨㄛˋ ㄆㄢˊ ㄍㄜˋ ㄧˋ ㄍㄜˋ ㄆㄧˊ ㄐㄧㄡˇ ㄏㄨㄥˊ ㄐㄧㄡˇ ㄖㄨㄛˋ ㄍㄢ
009753,ㄍㄨㄛ ㄐㄧㄣ ㄌㄨㄥˊ ㄆㄧㄥˊ ㄐㄧㄚˋ ㄌㄨˊ ㄩㄥˇ ㄕˋ ㄧㄝˋ ㄒㄧㄣ ㄗㄜˊ ㄖㄣˋ ㄍㄢˇ ㄐㄧㄠˋ ㄑㄧㄤˊ ㄗㄨˇ ㄓ ㄒㄧㄝˊ ㄊㄧㄠˋ ㄌㄜ˙ ㄌㄧˋ ㄑㄧㄤˊ
009754,ㄓㄨㄥ ㄍㄨㄛˊ ㄓㄥˋ ㄈㄨˊ ㄏㄣˇ ㄓㄡ ㄑㄨㄢˊ ㄨˊ ㄎㄜˇ ㄊㄧㄠ ㄊㄧˋ
009755,ㄎㄜˊ ㄧˇ ㄑㄩˋ ㄐㄧㄡˋ ㄐㄧㄢˋ ㄉㄜ˙ ㄓㄨˊ ㄍㄨㄢˇ ㄕㄨㄟˋ ㄨˋ ㄐㄩˊ ㄕㄣ ㄅㄠˋ ㄖㄨˊ ㄍㄨㄛˋ ㄧㄡˇ ㄐㄧㄠ ㄧˋ ㄆㄧㄥˊ ㄓㄥˋ ㄎㄜˊ ㄧˇ ㄒㄧㄝˇ ㄉㄞˋ
009756,ㄊㄞˊ ㄨㄣ ㄙ ㄈㄚˇ ㄐㄧ ㄍㄡˋ ㄐㄧㄣˋ ㄌㄞˊ ㄔㄡˇ ㄨㄣˊ ㄅㄨˊ ㄉㄨㄢˋ
009757,ㄐㄩˋ ㄊㄧˇ ㄎㄞˋ ㄊㄧㄥˊ ㄕㄣˊ ㄌㄧˋ ㄕˊ ㄐㄧㄢ ㄉㄢ ㄌㄧㄥˊ ㄒㄧㄢˋ ㄈㄚˇ ㄩㄢˋ ㄗㄞˋ ㄊㄨㄥ ㄅㄠˋ ㄓㄨㄥ ㄨㄟˋ ㄊㄧˊ ㄐㄧˊ
009758,ㄊㄚ ㄇㄣ˙ ㄌㄨㄣˊ ㄅㄧㄠˇ ㄕˋ ㄍㄢˇ ㄒㄧㄝˋ ㄅㄧㄥˋ ㄑㄧㄥˊ ㄓㄨㄢˇ ㄉㄚˊ ㄉㄨㄟˋ ㄨㄣ ㄐㄧㄚ ㄅㄠˇ ㄗㄨㄥˊ ㄌㄧˇ ㄉㄜ˙ ㄨㄣˋ ㄏㄡˋ
009759,ㄉㄢˋ ㄧㄥ ㄘㄞˇ ㄦˊ ㄏㄡˋ ㄌㄞˊ ㄈㄚ ㄒㄧㄢˋ ㄋㄚˋ ㄘˋ ㄈㄣ ㄇㄧㄥˊ ㄕˋ ㄊㄚ ㄧㄡˋ ㄨㄤˋ ㄌㄜ˙ ㄇㄞˊ ㄌㄧˇ ㄨˋ
009760,ㄕㄥˇ ㄨㄟˋ ㄕㄥ ㄊㄧㄥ ㄓㄨㄢ ㄐㄧㄚ ㄨㄟˋ ㄗㄞ ㄑㄩˋ ㄑㄩㄋˊ ㄓㄨㄥˋ ㄐㄧㄤˊ ㄐㄧˇˇ ㄧˋ ㄈㄤˊ ㄐㄧˇ ㄅㄧㄥˋ ㄓ ㄕˋ
009761,ㄌㄞˊ ㄓㄥˋ ㄓㄡ ㄕˊ ㄐㄧˇ ㄋㄧㄢˊ ㄌㄧㄡˊ ㄎㄨㄟ ㄩㄢˊ ㄉㄡ ㄇㄟˊ ㄋㄥˊ ㄉㄞˋ ㄌㄠˇ ㄉㄢˋ ㄔㄨ ㄑㄩˋ ㄨㄢˊ ㄨㄢ˙
009762,ㄕㄤˋ ㄒㄩㄜˊ ㄉㄜ˙ ㄕˊ ㄏㄡˋ ㄨㄛˇ ㄐㄧㄡˋ ㄏㄣˇ ㄌㄧㄢˋ ㄐㄧㄚ ㄆㄧㄥˊ ㄕˊ ㄧㄝˇ ㄏㄨㄟˋ ㄒㄧㄝˊ ㄍㄞˇ ㄉㄨㄥ ㄒㄧ˙
009763,ㄌㄧㄤˊ ㄇㄡˇ ㄐㄧㄝˋ ㄓㄜ˙ ㄐㄧㄡˇ ㄐㄧㄚˋ ㄅㄨˋ ㄊㄧㄥˊ ㄉㄜ˙ ㄗㄞˋ ㄑㄧˊ ㄈㄨˋ ㄨˇ ㄇㄧㄢˋ ㄑㄧㄢˊ ㄕㄨˇ ㄌㄨㄛˋ ㄨㄛˇ
009764,ㄩˇ ㄒㄧㄤˊ ㄌㄧㄢˊ ㄉㄡˋ ㄉㄜ˙ ㄩㄥˇ ㄑㄧˋ ㄧㄝˇ ㄇㄟˊ ㄧㄡˇ ㄓ ㄧㄡˇ ㄗㄞˋ ㄅㄟˋ ㄌㄧˋ ㄌㄧㄣˊ ㄇㄚˋ ㄉㄜ˙ ㄅㄣˇ ㄕˋ
009765,ㄐㄧㄣˊ ㄌㄧˇ ㄏㄣˊ ㄏㄠˇ ㄨㄢˊ ㄎㄜˊ ㄧˇ ㄔ ㄉㄠˋ ㄍㄜˋ ㄓㄨㄥˇ ㄔㄥˊ ㄉㄨ ㄊㄜˋ ㄙㄜˋ ㄒㄧㄠˇ ㄔ ㄧㄚ˙
009766,ㄔㄨㄤˋ ㄗㄠˋ ㄍㄥˋ ㄉㄨㄛ ㄉㄜ˙ ㄕㄤ ㄧㄝˋ ㄌㄧˋ ㄖㄨㄣˋ
009767,ㄕㄤˋ ㄌㄜ˙ ㄌㄧˇ ㄧˋ ㄅㄚ ㄋㄧˇ ㄐㄧㄡˋ ㄉㄨㄥˇ ㄌㄜ˙
009768,ㄌㄧㄥˋ ㄨㄛˇ ㄓˋ ㄐㄧㄣ ㄋㄢˊ ㄇㄤˋ ㄉㄜ˙ ㄏㄞˊ ㄧㄡˇ ㄓㄡ ㄗㄨㄥˊ ㄌㄧˇ ㄋㄚˋ ㄕㄨㄤˊ ㄌㄤˇ ㄉㄜ˙ ㄒㄧㄠˋ ㄕㄥ
009769,ㄓㄜˋ ㄘˋ ㄓㄨˋ ㄖㄣˊ ㄅㄚˊ ㄨㄛˇ ㄋㄢˊ ㄉㄠˋ ㄌㄜ˙
009770,ㄨㄞˋ ㄅㄧㄠˇ ㄏㄢ ㄏㄡˋ ㄑㄩㄜˋ ㄍㄨㄥ ㄩˊ ㄒㄧㄣ ㄐㄧˋ
009771,ㄊㄚ ㄐㄧㄤ ㄅㄟˋ ㄎㄨㄥˋ ㄈㄟ ㄈㄚ ㄔㄨㄤˇ ㄖㄨˋ ㄧˇ ㄐㄧˊ ㄇㄧㄠˇ ㄕˋ ㄈㄚˇ ㄊㄧㄥˊ ㄌㄧㄤˇ ㄗㄨㄥ ㄗㄨㄟˋ
009772,ㄗㄨㄟˋ ㄏㄡˋ ㄕˊ ㄗㄞˋ ㄠˇ ㄅㄨˊ ㄍㄨㄛˋ ㄊㄚ ㄊㄧㄥˊ ㄊㄧㄥˋ ㄏㄜˊ ㄏㄞˇ ㄗㄡˇ ㄐㄧㄣˋ ㄌㄜ˙ ㄅㄧㄣ ㄍㄨㄢˇ
009773,ㄔㄡˇ ㄨㄣˊ ㄇㄧㄥˊ ㄒㄧㄥ ㄗㄡˇ ㄅㄨˋ ㄧㄠˋ ㄔㄤˊ ㄒㄧㄢˋ
009774,ㄓㄜˋ ㄈㄨˊ ㄏㄜˊ ㄍㄨㄤˇ ㄉㄚˋ ㄈㄚ ㄓㄢˇ ㄓㄨㄥ ㄍㄨㄛˊ ㄐㄧㄚ ㄉㄜ˙ ㄌㄧˋ ㄧˋ ㄧㄝˊ ㄧㄡˇ ㄌㄧˋ ㄩˊ ㄊㄨㄟ ㄐㄧㄣˋ ㄑㄧˋ ㄏㄡˋ ㄅㄧㄢˋ ㄏㄨㄚˋ ㄍㄨㄛˊ ㄐㄧˋ ㄏㄜˊ ㄗㄨㄛˋ
009775,ㄅㄨˊ ㄧㄠˋ ㄌㄤˋ ㄈㄟ ㄕˊ ㄐㄧㄢ ㄔㄜˇ ㄉㄚˋ ㄌㄚ˙
009776,ㄔㄣˊ ㄐㄧˋ ㄇㄧㄥˊ ㄖㄣˋ ㄨㄟˊ ㄉㄨㄟˋ ㄈㄤ ㄑㄧㄠˊ ㄅㄨˋ ㄑㄧˇ ㄊㄚ ㄌㄧㄤˇ ㄖㄣˊ ㄈㄚ ㄕㄥ ㄓㄨㄚ ㄔㄜˇ
009777,ㄐㄧˋ ㄓㄜˊ ㄕㄨˇ ㄌㄜ˙ ㄧˋ ㄒㄧㄚˋ ㄅㄧㄠ ㄑㄧㄢ ㄕㄤˋ ㄉㄜ˙ ㄕㄨˋ ㄗˋ ㄗㄨㄟˋ ㄍㄠ ㄨㄟˊ ㄌㄧㄡˋ ㄕˊ ㄧ
009778,ㄌㄤ ㄍㄜˋ ㄓㄜˋ ㄓㄨㄥˊ ㄩˇ ㄑㄧ ㄕㄨㄛ ㄏㄨㄚˋ ㄇㄚ˙
009779,ㄙ ㄉㄧˋ ㄒㄧㄚˋ ㄧㄝˇ ㄅㄨˋ ㄘㄥˊ ㄐㄧㄝˋ ㄇㄧㄢˋ ㄍㄨㄛˋ
009780,ㄓㄨˋ ㄗㄞˋ ㄒㄧㄤ ㄒㄧㄚˋ ㄉㄜ˙ ㄕㄤ ㄅㄨˋ ㄑㄧˇ ㄧㄚˊ
009781,ㄧ ㄍㄜˋ ㄧㄡˇ ㄌㄥˊ ㄐㄧㄠˇ ㄉㄜ˙ ㄕㄨ ㄕㄥ ㄇㄨˊ ㄧㄤˋ
009782,ㄊㄧˊ ㄉㄠˋ ㄕㄤˇ ㄑㄧㄡ ㄅㄨˋ ㄧㄥ ㄍㄞ ㄓˇ ㄖㄤˋ ㄖㄣˊ ㄐㄧㄢˇ ㄉㄢ ㄉㄜ˙ ㄒㄧㄤˇ ㄅㄠˋ ㄏㄨㄥˊ ㄙㄜˋ
009783,ㄉㄧˋ ㄦˋ ㄓㄢˋ ㄕˋ ㄦˋ ㄩㄝˋ ㄉㄜ˙ ㄋㄨㄥˊ ㄒㄧㄣ ㄅㄟ
009784,ㄊㄨˊ ㄨㄟˊ ㄔㄣˊ ㄍㄨㄤ ㄅㄧㄠ ㄕㄡˊ ㄆㄥˇ ㄒㄧㄢˋ ㄐㄧㄣ
009785,ㄅㄧˊ ㄘˇ ㄅㄧˊ ㄘˇ ㄅㄢˋ ㄐㄧㄣ ㄉㄚ ㄌㄧㄤˇ
009786,ㄋㄧˇ ㄕˋ ㄈㄡˊ ㄧㄡˇ ㄒㄧㄥˋ ㄑㄩˋ ㄩˇ ㄊㄚ ㄉㄜ˙ ㄐㄩˋ ㄌㄨㄥˊ ㄈㄥ ㄓㄥˋ ㄧˋ ㄑㄧˇ ㄈㄟ ㄊㄧㄢ ㄋㄜ˙
009787,ㄒㄧㄠˇ ㄇㄧㄥˊ ㄓㄤˇ ㄉㄜ˙ ㄒㄧㄤˋ ㄅㄧㄥ ㄍㄨㄣˋ ㄗㄞˋ ㄕㄨㄟˊ ㄌㄧˇ ㄧㄡˊ ㄩㄥˇ ㄧㄡˊ ㄓㄜ˙ ㄧㄡˊ ㄓㄣˋ ㄇㄟˇ ㄌㄜ˙
009788,ㄋㄧˊ ㄎㄜˋ ㄙㄨㄥ ㄉㄨㄟˋ ㄘˇ ㄗㄢˋ ㄅㄨˋ ㄐㄩㄜˊ ㄎㄡˇ ㄧˋ ㄌㄧㄢˊ ㄔㄜˋ ㄌㄜ˙ ㄌㄧㄡˋ ㄓㄜˋ ㄏㄨㄣˊ ㄊㄨㄣˊ
009789,ㄐㄧㄤˇ ㄨㄢˊ ㄍㄨˋ ㄕˋ ㄅㄠˇ ㄓㄥˋ ㄋㄧˇ ㄎㄞ ㄒㄧㄣ
009790,ㄓㄤ ㄋㄩˇ ㄕˋ ㄧㄝˇ ㄕㄨㄣˋ ㄕㄡˇ ㄋㄚˊ ㄑㄧˇ ㄈㄤˋ ㄗㄞˋ ㄓㄣˇ ㄅㄧㄢ ㄉㄜ˙ ㄇㄨˋ ㄍㄨㄣˋ ㄔㄠˊ ㄋㄚˋ ㄇㄧㄥˊ ㄋㄢˊ ㄗˇ ㄊㄡˊ ㄕㄤˋ ㄌㄨㄣ ㄑㄩˋ
009791,ㄊㄚ ㄗㄨㄛˋ ㄉㄜ˙ ㄘㄞˋ ㄊㄜˋ ㄅㄧㄝˊ ㄏㄠˇ ㄔ ㄆㄥˊ ㄕˋ ㄒㄧˇ ㄏㄨㄢ ㄌㄞˊ ㄘㄥˋ ㄉㄨㄣˋ ㄈㄢˋ ㄔ
009792,ㄙㄨㄛˊ ㄧˇ ㄍㄨˇ ㄍㄜ ㄓㄜˋ ㄘˋ ㄖㄣˊ ㄕˋ ㄅㄧㄢˋ ㄉㄨㄥˋ ㄕㄡ ㄉㄠˋ ㄨㄞˋ ㄐㄧㄝˋ ㄆㄨˇ ㄅㄧㄢˋ ㄍㄨㄢ ㄓㄨˋ
009793,ㄙㄨˋ ㄧㄚ ㄏㄨˊ ㄏㄨˊ ㄅㄟˋ ㄇㄜ˙ ㄇㄞˋ ㄉㄧˋ ㄌㄧˇ ㄅㄟˋ ㄉㄨˊ ㄙˇ ㄉㄜ˙ ㄧㄝˇ ㄐㄧ ㄏㄜˊ ㄒㄧˇ ㄑㄩㄜˋ ㄙㄨㄟˊ ㄔㄨˋ ㄏㄜˇ ㄐㄧㄢˋ
009794,ㄔㄨㄣ ㄩㄣˋ ㄑㄧ ㄐㄧㄢ ㄨㄤˊ ㄊㄧㄝˇ ㄐㄧˊ ㄊㄨㄢˊ ㄖˋ ㄎㄞ ㄒㄧㄥˊ ㄉㄨㄥˋ ㄔㄜ ㄗㄨˇ ㄌㄧㄝˋ ㄔㄜ ㄦˋ ㄅㄞˊ ㄨˇ ㄕˋ ㄌㄧㄡˋ ㄉㄨㄟˋ
009795,ㄅㄠˋ ㄇㄧㄥˊ ㄕˊ ㄓㄠˋ ㄇㄧㄥˊ ㄧˋ ㄉㄧㄢˇ ㄏㄡˋ ㄨㄢˊ ㄩㄝˇ ㄇㄟˊ ㄗㄡˇ ㄍㄨㄞ ㄍㄨㄞ ㄗㄞˋ ㄖㄣˊ ㄑㄩㄋˊ ㄓㄨㄥ ㄆㄞ ㄉㄨㄟˋ ㄌㄧㄥˇ ㄏㄠˋ
009796,ㄉㄧㄢˋ ㄏㄨㄚˋ ㄋㄚˋ ㄊㄡˊ ㄖㄨㄛˋ ㄖㄨㄛˋ ㄉㄜ˙ ㄕㄨㄛ ㄨㄛˇ ㄐㄧㄡˋ ㄗㄞˋ ㄋㄧˇ ㄏㄡˋ ㄇㄧㄢˋ ㄨㄛˇ ㄐㄧㄡˋ ㄕˋ ㄋㄚˋ ㄍㄜ˙ ㄦˋ ㄅㄧ
009797,ㄋㄧˊ ㄋㄚˇ ㄋㄚˋ ㄇㄜ˙ ㄉㄨㄛ ㄈㄟˋ ㄏㄨㄚˋ ㄍㄟˊ ㄌㄠˇ ㄌㄧㄤˊ ㄍㄨㄟˋ ㄏㄠˇ
009798,ㄍㄢ ㄉㄧㄝ ㄉㄧㄝ˙ ㄔㄥ ㄑㄧˇ ㄩˊ ㄙㄢˇ ㄇㄢˋ ㄇㄢˋ ㄗㄡˇ ㄌㄜ˙ ㄍㄨㄛˋ ㄑㄩˋ
009799,ㄩˊ ㄒㄩㄥˊ ㄕˋ ㄍㄜ˙ ㄕㄠˇ ㄧㄢˊ ㄉㄜ˙ ㄖㄣˊ ㄧˋ ㄒㄧㄣ ㄧˊ ㄧˋ ㄗㄞˋ ㄔ ㄇㄧㄢˋ
009800,ㄓˊ ㄧㄡˇ ㄌㄧˊ ㄌㄜ˙ ㄏㄨㄣ ㄨㄛˇ ㄘㄞˋ ㄋㄥˊ ㄒㄩㄜˊ ㄓㄜ˙ ㄍㄥˋ ㄐㄧㄢ ㄑㄧㄤˇ ㄧㄚ˙
009801,ㄆㄥˋ ㄕㄤˋ ㄓㄜˋ ㄧㄤˋ ㄉㄜ˙ ㄒㄧㄤˇ ㄏㄜˊ ㄧㄥˇ ㄐㄧㄡˋ ㄏㄨㄟˋ ㄈㄟ ㄔㄤˊ ㄎㄨㄣˋ ㄋㄢˊ
009802,ㄨㄢˋ ㄧ ㄕㄨㄟˋ ㄓㄠˊ ㄕˊ ㄨˊ ㄗˇ ㄐㄧㄡˋ ㄅㄟˋ ㄈㄤˋ ㄏㄨㄛˇ ㄕㄠ ㄌㄜ˙ ㄋㄚ˙
009803,ㄐㄧㄥ ㄑㄩ ㄓㄥˋ ㄈㄨˊ ㄩˇ ㄉㄨㄛ ㄈㄤ ㄒㄧㄝˊ ㄊㄧㄠˊ ㄔㄨㄥˊ ㄒㄧㄣ ㄕㄤˋ ㄌㄨˋ
009804,ㄊㄚ ㄇㄣ˙ ㄉㄢ ㄒㄧㄣ ㄧㄝˇ ㄒㄧㄤˋ ㄅㄢ ㄐㄧㄚ ㄏㄡˋ ㄎㄜˇ ㄋㄥˊ ㄔㄨㄥˊ ㄈㄢˇ
009805,ㄋㄩˇ ㄈㄤ ㄉㄚˊ ㄋㄧˇ ㄙㄨㄥˋ ㄌㄠˇ ㄋㄧㄤˊ ㄉㄜ˙ ㄧㄝˇ ㄓㄜˋ ㄇㄜ˙ ㄉㄚˋ
009806,ㄍㄨㄢ ㄓㄨㄥˋ ㄗㄨㄥˇ ㄏㄨㄟˋ ㄧㄡˇ ㄒㄧㄣ ㄔㄨㄥˇ ㄅㄨˊ ㄈㄨˋ ㄋㄧㄢˋ ㄐㄧㄡˋ ㄖㄣˊ
009807,ㄙㄨㄟˊ ㄏㄡˋ ㄒㄧㄢˋ ㄔㄠˇ ㄓㄨㄥˋ ㄖㄣˊ ㄧˋ ㄊㄨㄥˊ ㄑㄧˇ ㄏㄨㄥˋ ㄅㄧ ㄏㄨㄣ
009808,ㄊㄚ ㄕㄨㄛ ㄓㄜˋ ㄓㄨㄥˇ ㄆㄢ ㄧㄢˊ ㄕˋ ㄗㄨㄟˋ ㄔㄨㄣˊ ㄐㄧㄥˋ ㄉㄜ˙ ㄩㄣˋ ㄉㄨㄥˋ
009809,ㄏㄨㄛˇ ㄘㄨㄥˊ ㄙㄢ ㄐㄧㄠˇ ㄒㄧㄥˊ ㄉㄜ˙ ㄎㄨ ㄌㄨㄥ˙ ㄎㄞ ㄕˇ ㄖㄢˊ ㄕㄠ
009810,ㄐㄧˋ ㄓㄜˊ ㄓㄠˇ ㄉㄠˋ ㄌㄜ˙ ㄑㄧˇ ㄕˋ ㄅㄨˋ ㄓ ㄓㄜˇ ㄒㄧㄠˊ ㄇㄚˇ
009811,ㄍㄤ ㄖㄣˋ ㄕˋ ㄐㄧㄡˋ ㄧㄠˋ ㄇㄟˋ ㄗ˙ ㄗㄠ ㄆㄧㄢˋ ㄗㄞˋ ㄌㄧㄠˊ ㄕˊ ㄎㄨㄞˋ ㄑㄧㄢˊ ㄉㄜ˙ ㄅㄚˊ
009812,ㄉㄨㄛˊ ㄇㄨˋ ㄘㄨㄟˇ ㄘㄢˋ ㄉㄜ˙ ㄉㄥ ㄍㄨㄤ ㄐㄧㄠ ㄓ ㄓㄜ˙ ㄐㄧ ㄑㄧㄥˊ ㄆㄥˇ ㄆㄞˋ ㄉㄜ˙ ㄧㄣ ㄩㄝˋ
009813,ㄌㄠˇ ㄅㄚˋ ㄈㄟ ㄕㄣ ㄧˋ ㄐㄧㄠˇ ㄕㄨㄛ ㄋㄧˇ ㄍㄜ ㄗㄞˋ ㄊㄢˊ ㄓㄥˋ ㄕˋ ㄋㄧˇ ㄍㄢˋ ㄇㄚˊ
009814,ㄇㄚˇ ㄉㄜˊ ㄅㄠˇ ㄉㄜ˙ ㄌㄧˇ ㄌㄨㄣˋ ㄎㄜˋ ㄕㄤˋ ㄉㄜ˙ ㄖㄣˊ ㄒㄧㄣ ㄏㄨㄢˋ ㄙㄢˋ ㄌㄧㄤˇ ㄍㄜˋ ㄌㄧˋ ㄅㄞˋ ㄌㄧˇ ㄊㄨㄟˋ ㄕㄜˋ ㄉㄜ˙ ㄖㄣˊ ㄕㄨˋ ㄉㄠˋ ㄌㄜ˙ ㄕㄨ ㄨˇ ㄍㄜˋ
009815,ㄏㄨㄚ ㄩㄢˊ ㄎㄡˇ ㄩˇ ㄐㄧㄤ ㄐㄩㄋˋ ㄅㄚˋ ㄉㄠˋ ㄓㄥˋ ㄓㄡ ㄎㄢˋ ㄏㄨㄤˊ ㄏㄜˊ ㄅㄧˋ ㄖㄢˊ ㄒㄧㄢ ㄉㄠˋ ㄏㄨㄚˋ ㄩㄢˊ ㄎㄡˇ
009816,ㄗㄞˋ ㄌㄧㄣˊ ㄋㄩˇ ㄕˋ ㄒㄧㄣ ㄓㄨㄥ ㄒㄧㄠˇ ㄖㄨㄥˊ ㄘㄨㄥˊ ㄒㄧㄠˇ ㄍㄨㄞ ㄑㄧㄠˊ ㄉㄨㄥˇ ㄕˋ ㄐㄧㄡˋ ㄒㄧㄤˋ ㄊㄚ ㄉㄜ˙ ㄊㄧㄝ ㄒㄧㄣ ㄒㄧㄠˇ ㄇㄧㄢˊ ㄠˇ
009817,ㄑㄧㄣˊ ㄕㄨˇ ㄇㄣ˙ ㄙ ㄏㄠˊ ㄇㄟˊ ㄧㄡˇ ㄏㄨㄞˊ ㄧˊ ㄐㄧㄤ ㄆㄧㄣˊ ㄖˋ ㄐㄧ ㄗㄞˇ ㄉㄜ˙ ㄘㄨㄣˊ ㄎㄨㄢˇ ㄐㄧㄠ ㄉㄠˋ ㄌㄜ˙ ㄊㄚ ㄉㄜ˙ ㄕㄡˇ ㄕㄤˋ
009818,ㄧ ㄕㄥ ㄐㄧㄢˇ ㄔㄚˊ ㄈㄚ ㄒㄧㄢˋ ㄉㄧㄝ ㄉㄧㄝ˙ ㄓˊ ㄔㄤˊ ㄔㄨㄢ ㄎㄨㄥˇ ㄌㄧˋ ㄐㄧˊ ㄨㄟˋ ㄊㄚ ㄕˊ ㄕˋ ㄌㄜ˙ ㄕㄡˇ ㄕㄨˋ
009819,ㄖㄣˊ ㄇㄣ˙ ㄕㄡˊ ㄆㄥˇ ㄒㄧㄢ ㄏㄨㄚ ㄗㄞˋ ㄌㄧㄣˊ ㄕˋ ㄕㄜˋ ㄓˋ ㄉㄜ˙ ㄉㄥˇ ㄏㄡˋ ㄑㄩˋ ㄌㄧˇ ㄏㄨㄢˊ ㄏㄨㄢˇ ㄑㄧㄢˊ ㄒㄧㄥˊ
009820,ㄧㄡˋ ㄖㄣˊ ㄉㄢ ㄨㄟˋ ㄅㄨˋ ㄉㄜˊ ㄐㄩˋ ㄐㄩㄜˊ ㄗㄨˇ ㄋㄠˊ
009821,ㄆㄧㄥˊ ㄕˊ ㄨㄛˊ ㄧㄝˇ ㄅㄛˊ ㄞˋ ㄔㄨ ㄇㄣ˙ ㄗㄞˋ ㄐㄧㄚ ㄎㄢˋ ㄎㄢˋ ㄅㄠˋ ㄓˇ ㄒㄧㄝˊ ㄒㄧㄝˊ ㄅㄧˇ ㄐㄧˋ ㄕㄚˊ ㄉㄜ˙
009822,ㄎㄜˇ ㄋㄧㄢˊ ㄍㄨㄢ ㄓㄜ˙ ㄏㄨㄟㄖˋ ㄗㄨㄛˋ ㄒㄧㄢˋ ㄉㄜ˙ ㄐㄧㄡˇ ㄘㄞˋ ㄐㄧㄚˋ ㄑㄧㄢˊ ㄓㄤˇ ㄉㄜ˙ ㄗㄨㄟˋ ㄌㄧˊ ㄆㄨˇ
009823,ㄓㄜˋ ㄧˋ ㄘˋ ㄅㄠˇ ㄉㄠˋ ㄔㄨㄢˊ ㄓ ㄅㄟˋ ㄙˋ ㄙㄡ ㄖˋ ㄅㄣˇ ㄔㄨㄢˊ ㄐㄧˊ ㄓˊ ㄕㄥ ㄐㄧ ㄅㄠˋ ㄨㄟˊ ㄉㄨㄥˋ ㄊㄢˋ ㄅㄨˋ ㄉㄜˊ
009824,ㄉㄧㄢˋ ㄆㄛˋ ㄋㄟˋ ㄅㄛ ㄌㄧˋ ㄙㄨㄟˋ ㄅㄧㄢˋ ㄉㄧˋ
009825,ㄅㄨˋ ㄏㄠˇ ㄆㄢˋ ㄉㄨㄢˋ ㄐㄩˋ ㄊㄧˇ ㄕˊ ㄐㄧㄢ
009826,ㄎㄠˊ ㄍㄨˇ ㄓㄨㄢ ㄐㄧㄚ ㄍㄢˇ ㄉㄠˋ ㄋㄠˊ ㄊㄡˊ
009827,ㄍㄥˊ ㄋㄩˇ ㄕˋ ㄍㄢˊ ㄐㄧㄣˇ ㄅㄠˋ ㄌㄜ˙ ㄐㄧㄥˇ
009828,ㄙㄡ ㄏㄨˊ ㄗ˙ ㄘㄨㄥˊ ㄑㄧ ㄕˊ ㄙㄢ ㄉㄧㄝ ㄕˋ ㄨˇ ㄕˊ ㄙㄢ ㄅㄧㄝˇ ㄈㄨˊ ㄅㄞˇ ㄈㄣ ㄓㄚˋ ㄕˋ ㄕ ㄑㄧ
009829,ㄕㄣˊ ㄇㄜ˙ ㄕˊ ㄏㄡˋ ㄍㄟˊ ㄨㄛˇ ㄏㄨㄢˋ ㄍㄜ˙ ㄘㄞˇ ㄆㄧㄥˊ ㄕㄡˇ ㄐㄧ
009830,ㄨㄛˇ ㄉㄜ˙ ㄆㄨˇ ㄊㄨㄥ ㄏㄨㄚˋ ㄏㄞˊ ㄕˋ ㄊㄧㄥˇ ㄅㄧㄠ ㄓㄨㄣˇ ㄉㄜ˙ ㄅㄚ˙
009831,ㄓㄜˋ ㄩˊ ㄉㄤ ㄔㄨ ㄅㄠˋ ㄎㄠˇ ㄋㄢˊ ㄎㄜ ㄉㄚˋ ㄊㄞˋ ㄧㄝˊ ㄓˇ ㄕˋ ㄒㄧㄤˇ ㄆㄠˊ ㄅㄧˋ ㄍㄠ ㄎㄠˇ ㄙㄨㄟˊ ㄅㄧㄢˋ ㄎㄠˇ ㄓㄨㄥˋ ㄨㄢˊ ㄨㄢˋ
009832,ㄩˊ ㄕˋ ㄌㄟˊ ㄐㄩㄋ ㄘㄨㄥˊ ㄗˋ ㄐㄧˇ ㄉㄜ˙ ㄖㄣˊ ㄕㄥ ㄏㄜˊ ㄌㄧˊ ㄒㄧㄤˇ ㄐㄧㄤˊ ㄑㄧˇ
009833,ㄊㄚ ㄐㄧㄢˋ ㄓㄜˋ ㄏㄠˇ ㄨㄢˊ ㄓㄥˋ ㄔㄡˊ ㄒㄧˊ ㄐㄧㄠˊ ㄕㄨㄟˇ ㄇㄟˊ ㄔㄨ ㄉㄠˋ ㄕㄨㄣˋ ㄉㄚˋ ㄕˋ ㄉㄠˋ ㄌㄜ˙ ㄒㄧㄚˋ ㄑㄩˋ
009834,ㄧˊ ㄍㄜˋ ㄖㄣˊ ㄎㄨ ㄗㄨㄛˋ ㄗㄞˋ ㄧㄣ ㄢˋ ㄉㄜ˙ ㄐㄧㄠˇ ㄌㄨㄛˋ ㄌㄧˇ ㄐㄧㄡ ㄓㄜ˙ ㄉㄚˋ ㄊㄨㄟˇ ㄨㄣˋ ㄗˋ ㄐㄧˊ ㄗㄣˇ ㄇㄜ˙ ㄅㄢˋ
009835,ㄇㄟˊ ㄖㄣˊ ㄍㄠˋ ㄙㄨˋ ㄊㄚ ㄉㄧˋ ㄘˊ ㄐㄧㄢˋ ㄇㄧㄢˋ ㄅㄟˇ ㄑㄧㄢ ㄒㄩˋ ㄒㄧㄝ˙ ㄅㄧㄝˊ ㄖㄤˋ ㄋㄩˇ ㄏㄞˊ ㄋㄢˊ ㄎㄢ
009836,ㄧㄡˇ ㄌㄜ˙ ㄎㄜ ㄒㄩㄜˋ ㄓˊ ㄧㄣˇ ㄓˊ ㄒㄧㄥˊ ㄙㄡ ㄐㄧㄡˋ ㄖㄣˋ ㄨˋ ㄉㄜ˙ ㄍㄨㄢ ㄅㄧㄥ ㄉㄨㄣˋ ㄕˊ ㄉㄡˋ ㄓˋ ㄅㄟˋ ㄗㄥ
009837,ㄊㄚ ㄔㄨㄢ ㄕㄤˋ ㄑㄧㄢˊ ㄕㄨㄟˇ ㄧ ㄕㄣ ㄕㄤˋ ㄕㄨㄢ ㄌㄜ˙ ㄍㄣ ㄕㄥˊ ㄗ˙ ㄧˊ ㄏㄣˇ ㄒㄧㄣ ㄊㄧㄠˋ ㄌㄜ˙ ㄒㄧㄚˋ ㄑㄩˋ
009838,ㄉㄠˋ ㄌㄜ˙ ㄏㄨˊ ㄊㄡˊ ㄌㄧㄤˇ ㄍㄜ˙ ㄒㄧㄠˇ ㄏㄞˊ ㄈㄚ ㄐㄩㄜˊ ㄅㄨˊ ㄉㄨㄟˋ ㄐㄧㄥˋ ㄒㄧㄤˇ ㄊㄚ ㄖㄤ ㄖㄤˇ ㄧㄠˋ ㄏㄨㄟˊ ㄐㄧㄚ
009839,ㄆㄥˊ ㄕˊ ㄐㄧㄤ ㄐㄧㄚ ㄉㄚˋ ㄙㄚˊ ㄕㄣˇ ㄔㄜ ㄙㄨㄥˋ ㄕㄨㄟˇ ㄌㄧˋ ㄉㄨˋ ㄍㄨˇ ㄌㄧˋ ㄐㄩ ㄇㄧㄣˊ ㄕㄨㄟˊ ㄐㄧㄥˇ ㄑㄩˊ ㄕㄨㄟˇ
009840,ㄌㄧㄤˇ ㄋㄧㄢˊ ㄑㄧㄢˊ ㄒㄩㄥˊ ㄐㄧㄝˊ ㄗㄞˋ ㄋㄢˊ ㄐㄧㄥ ㄙㄢ ㄆㄞˊ ㄌㄡˊ ㄈㄨˋ ㄐㄧㄣˋ ㄎㄢ ㄌㄜ˙ ㄧˋ ㄐㄧㄚ ㄗㄨˊ ㄌㄧㄠˊ ㄉㄧㄢˋ
009841,ㄧˊ ㄍㄜˋ ㄐㄩˋ ㄉㄚˋ ㄉㄜ˙ ㄆㄧˊ ㄗㄤˋ ㄨㄢˊ ㄓㄥˇ ㄉㄜ˙ ㄊㄨㄛ ㄔㄨ ㄅㄛ ㄌㄧˊ ㄐㄧㄝˊ ㄗㄚ ㄅㄧㄥˋ ㄔㄨㄥˊ ㄍㄨㄥ ㄑㄧㄝ ㄔㄨˊ
009842,ㄓㄨㄥ ㄖˋ ㄍㄨㄢ ㄒㄧ˙ ㄩㄝˋ ㄌㄞˊ ㄩㄢˋ ㄇㄧˋ ㄑㄧㄝˇ ㄒㄩㄜˊ ㄒㄧˊ ㄏㄢˋ ㄩˇ ㄉㄜ˙ ㄖˋ ㄅㄣˇ ㄖㄣˊ ㄧˋ ㄅㄨˊ ㄑㄧˋ ㄑㄧˊ ㄕㄨˋ
009843,ㄍㄨㄢ ㄧㄣ ㄐㄧㄢˋ ㄧˋ ㄅㄨˋ ㄖㄨˊ ㄖㄤˋ ㄌㄧㄤˇ ㄏㄡˊ ㄒㄨㄢˇ ㄗㄜˊ ㄗㄨㄟˋ ㄞˋ ㄉㄜ˙ ㄕㄨㄟˊ ㄍㄨㄛˇ ㄓㄨㄥˋ ㄕㄥ ㄐㄧㄝ ㄇㄧˊ ㄇㄤˊ
009844,ㄉㄤ ㄖㄢˊ ㄕㄤˋ ㄨㄤˊ ㄧㄝˇ ㄅㄨˋ ㄍㄨㄤ ㄕˊ ㄎㄢˋ ㄑㄧˊ ㄧㄝˇ ㄌㄧㄠˊ ㄌㄧㄠˊ ㄊㄧㄢ ㄔㄚˊ ㄔㄚˊ ㄧㄡˊ ㄐㄧㄢˋ ㄕㄣˊ ㄇㄜ˙ ㄉㄜ˙
009845,ㄋㄨㄢˊ ㄋㄨㄢˇ ㄍㄨㄟˋ ㄒㄧㄚˋ ㄌㄜ˙ ㄨㄛˇ ㄗㄞˋ ㄧㄝˇ ㄅㄨˊ ㄈㄢˋ ㄘㄨㄛˋ ㄨㄛˇ ㄌㄜ˙ ㄇㄚ ㄇㄚ˙ ㄋㄧˇ ㄍㄢˊ ㄐㄧㄣˇ ㄑㄩˋ ㄧ ㄩㄢˋ ㄅㄚ˙
009846,ㄧㄢˊ ㄑㄧㄡ ㄌㄧㄥˊ ㄕㄨㄛ ㄗˋ ㄕˋ ㄩㄥˋ ㄏㄟ ㄙˋ ㄐㄧㄣˋ ㄏㄠˋ ㄅㄧˊ ㄒㄧㄝˇ ㄉㄜ˙ ㄅㄨˊ ㄕˋ ㄩㄥˋ ㄉㄠ ㄗˋ ㄎㄜˋ ㄉㄜ˙
009847,ㄕˊ ㄒㄧㄚˋ ㄋㄧˇ ㄅㄟˋ ㄐㄧㄝˇ ㄍㄨˋ ㄌㄜ˙ ㄗㄞˋ ㄇㄟˇ ㄍㄨㄛˊ ㄕㄣˋ ㄨㄟˋ ㄌㄧㄡˊ ㄒㄧㄥˊ ㄔㄥˊ ㄌㄜ˙ ㄧˊ ㄐㄩˋ ㄕˊ ㄇㄠˋ ㄩˇ
009848,ㄒㄧㄥˊ ㄇㄢˇ ㄕˋ ㄈㄤˋ ㄏㄡˋ ㄉㄜ˙ ㄍㄠ ㄧˋ ㄑㄧㄤˊ ㄅㄨˋ ㄙ ㄏㄨㄟˊ ㄍㄞˇ ㄅㄧㄥˋ ㄖㄢˇ ㄕㄤˋ ㄅㄨˋ ㄅㄛˊ ㄉㄜ˙ ㄜˋ ㄒㄧˊ
009849,ㄉㄧˋ ㄦˋ ㄊㄧㄢ ㄧㄡˇ ㄦˋ ㄅㄞˇ ㄌㄧㄥˊ ㄙㄨㄢˋ ㄐㄧㄚ ㄔㄤˇ ㄈㄤˊ ㄏㄜˊ ㄅㄚ ㄅㄞˋ ㄌㄧㄥˊ ㄨˇ ㄐㄧㄚ ㄕㄤ ㄆㄨˋ ㄅㄟˋ ㄉㄧㄥˋ ㄍㄡˋ
009850,ㄋㄧˇ ㄓㄜˋ ㄆㄛˋ ㄈㄣ ㄕㄨˋ ㄐㄧㄡˋ ㄕˋ ㄒㄧㄠˇ ㄕˋ ㄏㄡˋ ㄌㄨㄢˋ ㄑㄧˋ ㄅㄚ ㄗㄠ ㄕㄨ ㄎㄢˋ ㄊㄞˋ ㄉㄨㄛ ㄉㄜ˙ ㄩㄢˊ ㄧㄣ
009851,ㄉㄤ ㄍㄨㄢ ㄓㄣ ㄏㄠˇ ㄕㄣˊ ㄇㄜ˙ ㄉㄡˋ ㄨㄢˊ ㄕㄣˊ ㄇㄜ˙ ㄉㄡ ㄏㄨㄟˋ ㄕㄣˊ ㄇㄣˊ ㄉㄜ˙ ㄓㄨㄢˋ ㄑㄧㄢˊ ㄏㄜ ㄏㄜ
009852,ㄗㄞˋ ㄔㄣˊ ㄕㄨㄟˊ ㄅㄧㄢˇ ㄉㄢ ㄖㄣˋ ㄊㄞˊ ㄨㄟˇ ㄕˋ ㄧˋ ㄩㄢˊ ㄕˊ ㄙㄨ ㄏㄨㄢˋ ㄓˋ ㄘㄥˊ ㄉㄢˋ ㄖㄣˋ ㄅㄧㄢˇ ㄓㄨˋ ㄌㄧˇ
009853,ㄍㄤ ㄎㄞ ㄕˇ ㄊㄚ ㄏㄞˊ ㄌㄧㄢˋ ㄒㄧ ㄍㄨˇ ㄓㄥ ㄧㄣ ㄨㄟˋ ㄊㄢˊ ㄑㄧㄣˊ ㄕㄡˊ ㄓˇ ㄉㄡ ㄇㄛˊ ㄆㄛˋ ㄌㄜ˙ ㄊㄚ ㄧㄝˇ ㄅㄨˋ ㄏㄢˊ ㄎㄨˇ
009854,ㄒㄧˋ ㄒㄧˋ ㄔㄨㄢˇ ㄇㄛˊ ㄙˋ ㄏㄨ ㄧㄝˇ ㄆㄛˋ ㄨㄟ ㄈㄨˊ ㄏㄜˊ ㄓㄥˋ ㄓㄡ ㄏㄨㄤˊ ㄏㄜˊ ㄍㄨㄥ ㄌㄨˋ ㄉㄚˋ ㄑㄧㄠˊ ㄉㄜ˙ ㄑㄧㄢˊ ㄕˋ ㄐㄧㄣ ㄕㄥ
009855,ㄊㄚ ㄒㄧˇ ㄏㄨㄢ˙ ㄎㄞ ㄨㄢˊ ㄒㄧㄠˋ ㄅㄧˇ ㄖㄨˊ ㄨㄛˊ ㄐㄩˇ ㄑㄧㄤ ㄐㄩˇ ㄌㄜ˙ ㄕˊ ㄈㄣ ㄓㄨㄥ ㄊㄚ ㄐㄧㄡˋ ㄗㄡˇ ㄍㄨㄛˋ ㄌㄞˊ ㄕㄨㄛ ㄌㄟˋ ㄅㄚ˙
009856,ㄧㄡˊ ㄩˊ ㄌㄨㄛˋ ㄕˋ ㄏㄡˋ ㄌㄧㄢˊ ㄑㄧㄤˋ ㄌㄜ˙ ㄐㄧˇ ㄊㄡ ㄕㄨㄟˇ ㄕㄤˋ ㄢˋ ㄏㄡˋ ㄉㄜ˙ ㄆㄛˊ ㄆㄛˋ ㄐㄧㄥ ㄏㄨㄥˊ ㄨㄟˋ ㄉㄧㄥˋ ㄌㄧㄝˇ ㄙㄜˋ ㄘㄤ ㄅㄞˊ
009857,ㄒㄧㄣ ㄏㄨㄚˋ ㄕㄜˋ ㄐㄧˋ ㄓㄜˇ ㄗㄨˋ ㄐㄧㄢˋ ㄧˋ ㄙㄡ ㄉㄤ ㄉㄧˋ ㄩˊ ㄔㄨㄢˊ ㄎㄠˋ ㄐㄧㄣˋ ㄌㄜ˙ ㄗㄞˋ ㄑㄧㄢˊ ㄏㄞˇ ㄓㄨㄥ ㄉㄜ˙ ㄓㄨㄥ ㄍㄨㄛˊ ㄩˊ ㄔㄨㄢˊ
009858,ㄒㄧ ㄩˋ ㄊㄨˇ ㄋㄧㄝ ㄅㄧㄢˋ ㄕˊ ㄕㄤˋ ㄌㄚˋ ㄇㄟˋ ㄖㄤˋ ㄉㄚˋ ㄓㄨㄥˋ ㄎㄢˋ ㄉㄠˋ ㄌㄜ˙ ㄧˊ ㄍㄜˋ ㄅㄨˊ ㄉㄨㄢˋ ㄔㄥˊ ㄓㄤˇ ㄉㄜ˙ ㄏㄞˇ ㄑㄧㄥ
009859,ㄧㄣ ㄨㄟˋ ㄆㄢˊ ㄔㄢ˙ ㄐㄧ ㄏㄨˋ ㄏㄠˋ ㄐㄧㄢˋ ㄙㄢ ㄖㄣˊ ㄓˇ ㄋㄥˊ ㄎㄠˋ ㄌㄧㄣˊ ㄐㄩ ㄏㄜˊ ㄅㄠˇ ㄢ ㄉㄜ˙ ㄐㄧㄝ ㄐㄧˋ ㄇㄧㄢˊ ㄑㄧㄤˇ ㄉㄨˋ ㄖˋ
009860,ㄏㄨㄥˊ ㄍㄨㄤ ㄌㄨˋ ㄕㄤˋ ㄉㄜ˙ ㄑㄧㄣˊ ㄜˋ ㄆㄤˋ ㄍㄨㄥ ㄐㄧㄥˇ ㄑㄩ ㄧˋ ㄉㄨˋ ㄖㄤˋ ㄖㄣˊ ㄇㄣ˙ ㄖㄣˋ ㄨㄟˊ ㄓㄜˋ ㄌㄧˋ ㄐㄧㄡˋ ㄕˋ ㄜˋ ㄆㄤˊ ㄍㄨㄥ
009861,ㄓㄜˋ ㄨㄟˋ ㄌㄠˇ ㄅㄛˊ ㄔ ㄌㄠˇ ㄖㄣˊ ㄇㄧㄢˇ ㄈㄟ ㄓㄥˋ ㄕㄤˋ ㄔㄜ ㄘㄞˊ ㄑㄩˇ ㄍㄜˋ ㄓㄨㄥˇ ㄅㄢˋ ㄈㄚˇ ㄒㄧㄥˋ ㄙㄠ ㄖㄠˊ ㄋㄩˇ ㄔㄥˊ ㄎㄜˋ
009862,ㄆㄧㄥˊ ㄒㄧㄥˋ ㄉㄜ˙ ㄧㄡˇ ㄕㄢ ㄧㄠˋ ㄅㄞˊ ㄌㄨㄛˊ ㄅㄛˋ ㄍㄢ ㄕㄨˇ ㄇㄚˋ ㄌㄧㄥˊ ㄕㄨˇ ㄋㄢˊ ㄍㄨㄚ ㄒㄧ ㄏㄨㄥˊ ㄕˋ ㄇㄛˊ ㄍㄨˋ ㄉㄥˇ
009863,ㄓㄜˋ ㄈㄥ ㄎㄨㄤˇ ㄉㄜ˙ ㄧˊ ㄇㄨˋ ㄧㄝˊ ㄒㄩˇ ㄓˊ ㄧㄡˊ ㄉㄥˇ ㄉㄠˋ ㄉㄚˋ ㄔㄠˊ ㄊㄨㄟˋ ㄑㄩˋ ㄌㄨㄛˊ ㄧㄡˊ ㄓㄜˇ ㄘㄞˊ ㄏㄨㄟˋ ㄈㄨˋ ㄔㄨ ㄕㄨㄟˇ ㄋㄧㄢˋ
009864,ㄧˊ ㄏㄡˋ ㄅㄧˋ ㄔㄥˊ ㄊㄨㄥˊ ㄓˋ ㄕㄨㄞˋ ㄅㄨˋ ㄘㄢˊ ㄐㄧㄚ ㄌㄜ˙ ㄌㄧㄤˇ ㄘˋ ㄌㄧㄢˊ ㄕㄨㄟˊ ㄅㄠˇ ㄨㄟˋ ㄓㄢˋ ㄘㄨㄣ ㄧㄥˋ ㄌㄜ˙ ㄙㄨˋ ㄅㄟˇ ㄉㄚˋ ㄓㄢˋ ㄉㄜ˙ ㄕㄥˋ ㄌㄧˋ
009865,ㄨㄟˋ ㄌㄜ˙ ㄋㄥˊ ㄆㄠˊ ㄑㄧㄝˇ ㄈㄤ ㄅㄧㄢˋ ㄊㄚ ㄇㄣ˙ ㄓˇ ㄅㄟˋ ㄓㄜ˙ ㄐㄧㄢˇ ㄉㄢˋ ㄉㄜ˙ ㄍㄨㄥ ㄐㄩˋ ㄏㄨˋ ㄒㄧㄤ ㄓㄠˋ ㄧㄥˋ ㄓㄜ˙ ㄋㄥˊ ㄆㄠˇ ㄐㄧㄡˋ ㄆㄠˇ
009866,ㄘㄨㄥˊ ㄑㄧㄢˊ ㄧㄡˇ ㄍㄜ˙ ㄉㄚˋ ㄏㄨㄟ ㄌㄤˊ ㄋㄧˇ ㄘㄞ ㄉㄚˋ ㄏㄨㄟ ㄌㄤˊ ㄕˋ ㄕㄨㄟˊ
009867,ㄕㄡ ㄈㄟˋ ㄋㄧㄢˊ ㄒㄧㄢˋ ㄈㄣ ㄅㄧㄝˊ ㄔˊ ㄒㄩˋ ㄓˋ ㄦˋ ㄌㄧㄥˊ ㄙㄢ ㄦˋ ㄋㄧㄢˊ ㄐㄧˊ ㄦˋ ㄌㄧㄥˊ ㄙˋ ㄌㄧㄥˊ ㄋㄧㄢˇ
009868,ㄖㄨˊ ㄍㄨㄛˇ ㄔ ㄑㄧˇ ㄌㄞˊ ㄈㄟ ㄔㄤˊ ㄒㄧˋ ㄋㄧˇ ㄗㄜˇ ㄕㄨㄛ ㄇㄧㄥˊ ㄩˋ ㄇㄧˊ ㄈㄣˇ ㄐㄧㄚ ㄉㄜ˙ ㄅㄨˋ ㄉㄨㄛ
009869,ㄖㄣˊ ㄇㄣ˙ ㄓˇ ㄏㄨㄟˋ ㄆㄟˋ ㄈㄨˊ ㄋㄚˋ ㄒㄧㄝ ㄧㄡˇ ㄔㄨㄤˋ ㄗㄠˋ ㄒㄧㄥˋ ㄍㄨㄥˋ ㄒㄧㄝˋ ㄉㄜ˙ ㄖㄣˊ
009870,ㄐㄧㄠ ㄍㄨㄥ ㄌㄧㄤˊ ㄨㄛˊ ㄅㄚˇ ㄗㄨㄟˋ ㄏㄠˇ ㄉㄜ˙ ㄒㄧㄠˇ ㄇㄞˋ ㄩˋ ㄇㄧˇ ㄙㄨㄥˋ ㄉㄠˋ ㄌㄧㄤˊ ㄍㄨㄢˊ ㄙㄨㄛˇ
009871,ㄅㄨˊ ㄏㄨㄟˋ ㄧㄚˋ ㄓㄨˋ ㄖㄣˊ ㄇㄚˋ ㄖㄣˊ ㄕˋ ㄅㄨˊ ㄉㄨㄟˋ ㄉㄜ˙
009872,ㄘㄠˊ ㄏㄨㄥˊ ㄌㄧㄤˋ ㄕㄨㄛ ㄏㄞˊ ㄧㄡˊ ㄐㄧˇ ㄍㄜ˙ ㄎㄨㄥ ㄓㄜ˙ ㄇㄟˇ ㄍㄨㄢ ㄒㄧ˙ ㄖㄤˋ ㄨㄛˇ ㄔㄠ ㄔㄠ˙
009873,ㄓㄠˋ ㄍㄨ ㄋㄧㄤ˙ ㄅㄟ ㄓㄜ˙ ㄍㄜ˙ ㄕㄨㄤ ㄐㄧㄢ ㄅㄠ ㄗㄨㄛˋ ㄒㄧㄚˋ ㄕˊ ㄕㄨㄣˋ ㄕˋ ㄈㄤˋ ㄗㄞˋ ㄧˋ ㄅㄧㄢ
009874,ㄨㄛˇ ㄕㄨㄛ ㄧㄢˋ ㄅㄨˊ ㄒㄧㄚˋ ㄓㄜ˙ ㄎㄡˇ ㄑㄧˋ
009875,ㄇㄚˊ ㄙ ㄑㄧㄥˊ ㄕㄨ ㄋㄜ˙
009876,ㄧㄥ ㄍㄞ ㄕˋ ㄅㄧˇ ㄇㄛˋ ㄓˇ ㄧㄢˋ ㄅㄚ˙
009877,ㄩˊ ㄇㄟˊ ㄐㄩㄜˊ ㄉㄧㄥˋ ㄆㄠ ㄈㄨˋ ㄔㄢˇ
009878,ㄨㄛˇ ㄅㄨˋ ㄔ ㄋㄧˇ ㄋㄚˋ ㄊㄠˋ
009879,ㄗㄡˇ ㄔㄚˋ ㄅㄨˋ ㄉㄨㄛ ㄐㄧˇ ㄈㄣ ㄓㄨㄥ
009880,ㄉㄠˋ ㄕㄨㄟˇ ㄉㄜ˙ ㄒㄩㄜˊ ㄕㄥ ㄓˇ ㄊㄧㄥ ㄉㄠˋ ㄑㄧㄢˊ ㄅㄢˋ ㄐㄩˋ ㄗㄨㄣ ㄑㄧˊ ㄇㄧㄥˋ ㄗㄞˋ ㄑㄧㄥ ㄑㄧˋ ㄩˊ ㄕㄨㄟˇ ㄅㄧㄢ ㄉㄠˋ ㄅㄧㄢ ㄐㄧㄠˋ ㄑㄩˋ ㄋㄩˇ ㄉㄜ˙
009881,ㄌㄧㄤˇ ㄖㄣˊ ㄧˋ ㄔㄤˇ ㄜˋ ㄉㄡˋ ㄕㄥˋ ㄈㄨˋ ㄋㄢˊ ㄈㄣ ㄓˊ ㄏㄠˊ ㄅㄚˇ ㄇㄠˊ ㄊㄡˊ ㄉㄨㄟˋ ㄓㄨㄣˇ ㄗㄞˋ ㄉㄨˊ ㄧㄥ ㄩˇ ㄍㄜ˙ ㄒㄧㄝˋ ㄐㄧㄥˇ ㄩㄢ ㄉㄠˋ ㄋㄧˇ ㄋㄜ˙
009882,ㄓㄡ ㄅㄧㄢ ㄐㄩ ㄇㄧㄣˊ ㄕˊ ㄔㄤˊ ㄏㄨㄟˋ ㄊㄢˋ ㄉㄠˋ ㄧㄡˇ ㄧㄢ ㄑㄧˋ ㄘㄨㄥˊ ㄌㄩˊ ㄔㄤˇ ㄌㄧㄣˊ ㄌㄧˋ ㄉㄜ˙ ㄉㄚˋ ㄧㄢ ㄘㄨㄥˋ ㄓㄨㄥ ㄆㄞˊ ㄔㄨ
009883,ㄕˊ ㄖㄣˋ ㄕㄣ ㄓㄣˋ ㄕˋ ㄙ ㄈㄚˇ ㄐㄩˊ ㄈㄨˋ ㄐㄩˊ ㄓㄤˇ ㄉㄜ˙ ㄒㄩˊ ㄐㄧㄢˋ ㄕㄡˋ ㄇㄧㄥˋ ㄕㄜˋ ㄐㄧˋ ㄧˊ ㄊㄠˋ ㄓㄥˋ ㄍㄞˇ ㄈㄤˋ ㄢˋ
009884,ㄑㄧㄢˊ ㄨㄟˇ ㄔㄤˊ ㄉㄨㄟˋ ㄧㄣˇ ㄕˊ ㄘㄨㄥˊ ㄅㄨˋ ㄊㄧㄠ ㄊㄧˋ ㄐㄧˋ ㄅㄨˋ ㄔㄡ ㄧㄢ ㄧㄝˇ ㄅㄨˋ ㄏㄜ ㄐㄧㄡˇ ㄧㄣˋ ㄔㄚˊ ㄧㄝˇ ㄅㄨˋ ㄐㄧㄤˇ ㄐㄧㄡ˙
009885,ㄧˇ ㄏㄡˋ ㄨㄛˇ ㄕㄥ ㄖˋ ㄐㄧㄡˋ ㄅㄨˋ ㄋㄥˊ ㄌㄧㄥˊ ㄌㄧˇ ㄨˋ ㄌㄜ˙ ㄏㄜ ㄏㄜ ㄎㄜˋ ㄋㄥˊ ㄊㄚ ㄕˋ ㄨㄟˋ ㄌㄜ˙ ㄕㄥˊ ㄌㄧˇ ㄨˋ ㄅㄚ˙
009886,ㄑㄧˊ ㄍㄜ˙ ㄖㄣˊ ㄇㄧㄢˋ ㄇㄧㄢˋ ㄒㄧㄤ ㄑㄩˋ ㄖㄢˊ ㄏㄡˋ ㄕㄨㄛ ㄋㄧˊ ㄗㄡˇ ㄘㄨㄛˋ ㄉㄧˋ ㄈㄤˋ ㄌㄜ˙ ㄨㄛˇ ㄇㄣ˙ ㄕˋ ㄏㄨˊ ㄌㄨ˙ ㄨㄚˊ
009887,ㄨ ㄧㄚˋ ㄌㄜ˙ ㄙˇ ㄕˋ ㄗˋ ㄐㄧˇ ㄗㄠ ㄔㄥˊ ㄉㄜ˙ ㄩㄢˊ ㄧㄣ ㄓˇ ㄗㄞˋ ㄩˊ ㄊㄚ ㄇㄟˊ ㄧㄡˇ ㄗㄨㄛˋ ㄉㄧㄠˋ ㄔㄚˊ ㄕˋ ㄊㄤˋ ㄏㄨㄛˊ ㄉㄨㄥˋ
009888,ㄐㄧㄝˊ ㄓㄨˋ ㄇㄨˋ ㄑㄧㄢˊ ㄨㄚ ㄐㄩㄜˊ ㄍㄨㄥ ㄗㄨㄛˋ ㄧˇ ㄐㄧㄥ ㄐㄧㄝˊ ㄕㄨˋ ㄇㄨˋ ㄑㄧㄢˊ ㄧㄚ ㄌㄨˋ ㄐㄧ ㄓㄥˋ ㄗㄞˋ ㄏㄤ ㄕˊ ㄉㄧˋ ㄐㄧ
009889,ㄍㄢ ㄖㄣˊ ㄕˋ ㄊㄧˊ ㄒㄧㄥˇ ㄅㄨˊ ㄧㄠˋ ㄙㄨㄟˊ ㄧˋ ㄧˊ ㄑㄧˋ ㄑㄨㄢˇ ㄓ ㄍㄟˋ ㄕˋ ㄇㄧㄣˊ ㄔㄨ ㄒㄧㄥˊ ㄉㄞˋ ㄌㄞˊ ㄢ ㄑㄨㄢˊ ㄧㄣˇ ㄏㄨㄢˋ
009890,ㄓㄜˋ ㄌㄟˋ ㄨㄣˊ ㄗˋ ㄉㄜ˙ ㄊㄨˊ ㄇㄡˇ ㄍㄨㄥ ㄐㄩˋ ㄅㄨˊ ㄗㄞˋ ㄕˋ ㄐㄧˊ ㄏㄠˋ ㄅㄧˇ ㄦˊ ㄕˋ ㄌㄟˋ ㄙˋ ㄇㄟˊ ㄏㄨㄟ ㄉㄜ˙ ㄨˋ ㄓˋ
009891,ㄋㄢˊ ㄧㄡˇ ㄕˋ ㄓㄜˋ ㄧㄤˋ ㄨㄛˇ ㄐㄧˋ ㄉㄜ˙ ㄨㄛˇ ㄕˋ ㄗㄞˋ ㄧˊ ㄍㄜˋ ㄩㄝˋ ㄙㄜˋ ㄇㄥˊ ㄌㄨㄥˊ ㄉㄨㄥˋ ㄨㄢˇ ㄕㄤˋ ㄒㄧㄚˋ ㄋㄧˇ ㄑㄧㄡˊ ㄉㄜ˙ ㄏㄨㄣ
009892,ㄐㄧㄥˇ ㄈㄤ ㄔㄚˊ ㄒㄩㄋˊ ㄌㄜ˙ ㄨˋ ㄌㄧㄠˋ ㄌㄧㄥˊ ㄑㄩˇ ㄉㄢ ㄐㄩˋ ㄖˋ ㄑㄧ ㄩˇ ㄢ ㄓㄨㄤ ㄕˊ ㄐㄧㄢ ㄒㄧㄤ ㄈㄨˊ
009893,ㄐㄩˋ ㄒㄧ ㄓㄜˋ ㄍㄜˋ ㄌㄧㄡˊ ㄉㄨㄥˋ ㄉㄜ˙ ㄌㄨㄛˋ ㄊㄨㄛ˙ ㄓㄠˋ ㄒㄧㄤˋ ㄊㄢ ㄅㄧㄥˋ ㄨㄟˋ ㄅㄢˋ ㄌㄧˇ ㄖㄤˋ ㄏㄜˊ ㄕㄡˇ ㄒㄩˋ
009894,ㄊㄨㄥˊ ㄕˊ ㄧˋ ㄙㄨㄢˋ ㄢˋ ㄉㄜ˙ ㄉㄧㄢˋ ㄗ˙ ㄅㄢˇ ㄧㄝˇ ㄐㄧㄤ ㄕㄤˋ ㄨㄤˇ ㄖㄣˋ ㄏㄜˊ ㄖㄣˊ ㄉㄡ ㄎㄜˊ ㄧˇ ㄔㄚˊ ㄩㄝˋ
009895,ㄑㄧˇ ㄔㄨ ㄏㄜˊ ㄔㄥˋ ㄇㄧㄥˊ ㄌㄡˇ ㄓㄜ˙ ㄧˊ ㄨㄟˋ ㄋㄩˇ ㄒㄧㄥˋ ㄧㄡˇ ㄖㄣˊ ㄉㄜ˙ ㄍㄜ ㄅㄛ˙ ㄅㄧㄢ ㄗㄡˇ ㄅㄧㄢˋ ㄌㄧㄠˊ
009896,ㄋㄥˊ ㄅㄟˋ ㄒㄨㄢˇ ㄗㄨㄛˋ ㄐㄧ ㄒㄧㄣ ㄍㄜˊ ㄗˋ ㄌㄧㄠˋ ㄉㄜ˙ ㄕㄡ ㄘㄤˊ ㄓㄜˇ ㄧㄝˋ ㄌㄨˇ ㄕㄣ ㄍㄢˇ ㄖㄨㄥˊ ㄒㄧㄥˋ
009897,ㄓㄜˋ ㄏㄜˊ ㄍㄠ ㄘㄥˊ ㄍㄨㄢˊ ㄌㄧˊ ㄓㄜˇ ㄐㄧㄥ ㄕㄣˋ ㄧㄚ ㄌㄧˋ ㄉㄚˋ ㄧㄥˋ ㄔㄡˊ ㄉㄨㄛ ㄧㄡˊ ㄏㄣˇ ㄉㄚˋ ㄍㄨㄢ ㄒㄧ˙
009898,ㄗㄢˊ ㄇㄣ˙ ㄇㄨˋ ㄇㄧㄣˊ ㄑㄩㄋˊ ㄓㄨㄥˋ ㄊㄜˋ ㄅㄧㄝˊ ㄖㄜˋ ㄒㄧㄣ ㄊㄜˋ ㄅㄧㄝˊ ㄏㄠˋ ㄎㄜˋ ㄈㄟ ㄔㄤˊ ㄕㄢˋ ㄌㄧㄤ˙
009899,ㄇㄟˇ ㄧˊ ㄍㄜˋ ㄏㄨㄛˇ ㄐㄧㄢˋ ㄍㄨㄢ ㄉㄡ ㄕㄨㄣˋ ㄌㄧˋ ㄉㄜ˙ ㄕㄥ ㄕㄤˋ ㄑㄩˋ ㄌㄜ˙ ㄖㄢˊ ㄖㄢˇ ㄖㄨㄛˋ ㄒㄧㄥ ㄍㄨㄤ
009900,ㄇㄟˇ ㄊㄧㄢ ㄅㄚˇ ㄌㄠˊ ㄙㄠ ㄋㄚˊ ㄔㄨ ㄌㄞˊ ㄕㄜˋ ㄕˋ ㄊㄞˋ ㄧㄤ˙ ㄒㄧㄣ ㄑㄧㄥˊ ㄐㄧㄡˋ ㄅㄨˊ ㄏㄨㄟˋ ㄑㄩㄜˋ ㄍㄞˋ
009901,ㄗㄨㄛˊ ㄖˋ ㄓㄜˋ ㄇㄧㄣˊ ㄕㄤ ㄓㄜˊ ㄩˇ ㄧ ㄕㄥ ㄑㄨㄢˊ ㄅㄨˋ ㄨㄟˋ ㄐㄧㄥˇ ㄈㄤ ㄧ ㄈㄚˇ ㄒㄧㄥˊ ㄕˋ ㄐㄩ ㄌㄧㄡˊ
009902,ㄑㄧㄢˊ ㄨㄟˋ ㄔㄤˊ ㄒㄧㄤˇ ㄉㄠˋ ㄕㄤˋ ㄏㄞˇ ㄌㄞˊ ㄅㄢˋ ㄒㄩㄜˊ ㄒㄧㄠˋ ㄕˊ ㄐㄧㄣ ㄍㄨㄛˋ ㄕㄣ ㄙ ㄕㄨˊ ㄌㄩˋ ㄉㄜ˙
009903,ㄊㄚ ㄐㄧㄢˋ ㄨㄛˇ ㄧˊ ㄐㄧㄣˋ ㄇㄣˊ ㄐㄧㄡˋ ㄇㄚˋ ㄔ ㄈㄢˋ ㄕˊ ㄧㄝˇ ㄇㄚˋ ㄇㄚˋ ㄉㄜ˙ ㄨㄛˇ ㄊㄞˊ ㄅㄨˋ ㄑㄧˇ ㄊㄡˊ
009904,ㄌㄧˇ ㄕㄨˋ ㄉㄜˊ ㄗㄞˋ ㄌㄧˊ ㄎㄞ ㄓ ㄑㄧㄢˊ ㄓˇ ㄕㄨㄛ ㄌㄜ˙ ㄧˊ ㄐㄩˋ ㄓㄨˋ ㄊㄨㄛˊ ㄕㄚ ㄈㄨˋ ㄑㄧㄥˇ ㄌㄜ˙
009905,ㄓㄜˋ ㄓㄨㄥˇ ㄔㄜ ㄆㄧㄠˋ ㄏㄜˊ ㄅㄠˊ ㄒㄧㄢˇ ㄉㄢ ㄎㄨㄣˊ ㄅㄤˇ ㄔㄨ ㄕㄡˋ ㄕㄨˇ ㄩˊ ㄔㄨㄥˊ ㄈㄨˋ ㄒㄧㄥˋ ㄍㄡˋ ㄇㄞˇ
009906,ㄉㄞˋ ㄆㄧㄢˋ ㄋㄧˋ ㄉㄜ˙ ㄋㄢˊ ㄧㄡˇ ㄒㄧ ㄇㄧˇ ㄌㄨˋ ㄐㄧㄝˋ ㄔㄤˋ ㄑㄧㄥˊ ㄍㄜˋ ㄖㄤˋ ㄊㄚ ㄈㄟ ㄔㄤˇ ㄎㄞ ㄒㄧㄣ
009907,ㄍㄨㄢ ㄉㄚˋ ㄕˋ ㄇㄡˊ ㄉㄚˋ ㄐㄩˊ ㄔㄨ ㄉㄚˋ ㄘㄜˋ ㄕˇ ㄓㄨㄥ ㄕˋ ㄍㄞ ㄩㄢˋ ㄉㄜ˙ ㄅㄢˋ ㄩㄢˋ ㄈㄤ ㄓㄣ
009908,ㄊㄚ ㄇㄣ˙ ㄑㄧˊ ㄓㄜ˙ ㄇㄛˊ ㄔㄨㄛ ㄏㄨㄟˇ ㄐㄧㄚ ㄓㄥˋ ㄏㄠˇ ㄨㄟˋ ㄋㄨㄥˊ ㄇㄤˊ ㄕˊ ㄉㄜ˙ ㄈㄨˋ ㄇㄨˇ ㄅㄤ ㄇㄤˊ
009909,ㄉㄢˋ ㄕˋ ㄧㄣ ㄨㄟˋ ㄏㄞˊ ㄇㄟˊ ㄉㄠˋ ㄊㄨㄟˋ ㄒㄧㄥˋ ㄋㄧㄢˊ ㄌㄧㄥˊ ㄓˇ ㄋㄥˊ ㄅㄞ ㄓㄜ˙ ㄓˇ ㄊㄡ˙ ㄞˊ ㄖˋ ㄗ˙
009910,ㄓㄜˋ ㄐㄧˇ ㄊㄧㄢ ㄩˊ ㄕㄨㄟˇ ㄅㄨˊ ㄉㄨㄢˋ ㄖㄣˊ ㄇㄣ˙ ㄏㄨˋ ㄉㄜ˙ ㄉㄞˋ ㄗㄞˋ ㄐㄧㄚ ㄌㄧˇ ㄅㄨˋ ㄔㄨ ㄇㄣˊ
009911,ㄇㄟˊ ㄒㄧㄤˇ ㄉㄠˋ ㄒㄩˊ ㄩㄣ ㄓㄤ ㄏㄞˇ ㄒㄧㄤˊ ㄌㄧㄤˇ ㄖㄣˊ ㄐㄧㄡˋ ㄘˇ ㄨㄢˊ ㄑㄧˇ ㄌㄜ˙ ㄖㄣˊ ㄐㄧㄢ ㄓㄨㄥ ㄈㄚ
009912,ㄊㄥˊ ㄘㄨㄣ ㄘˇ ㄈㄢ ㄈㄚ ㄧㄢˊ ㄎㄜˇ ㄋㄥˊ ㄕˋ ㄨㄟˋ ㄌㄜ˙ ㄊㄨ ㄒㄧㄢˇ ㄧㄝˇ ㄊㄧㄢˊ ㄉㄜ˙ ㄌㄧㄥˊ ㄉㄠˋ ㄋㄥˊ ㄌㄧˋ
009913,ㄔㄥˊ ㄔㄤˊ ㄍㄥ ㄕㄥ ㄗㄞˋ ㄑㄧㄥ ㄨㄤˊ ㄔㄠˊ ㄐㄧㄚ ㄑㄧㄥˋ ㄋㄧㄢˊ ㄐㄧㄢ ㄌㄢˊ ㄏㄨㄟˋ ㄉㄜ˙ ㄑㄧㄢˊ ㄕㄢ ㄒㄧㄠˇ ㄒㄧㄢˋ
009914,ㄋㄢˊ ㄏㄞˊ ㄏㄞˇ ㄩˋ ㄗㄨㄥ ㄏㄜˊ ㄅㄨˊ ㄐㄧˇ ㄐㄧ ㄉㄧˋ ㄇㄚˇ ㄊㄡˊ ㄒㄧㄤˋ ㄇㄨˋ ㄓㄥˋ ㄗㄞˋ ㄌㄨㄣˋ ㄓㄥˋ ㄓㄨㄥ
009915,ㄧㄝˇ ㄐㄧㄡˋ ㄕˋ ㄕㄨㄛ ㄐㄧㄣ ㄨㄢˇ ㄔㄨㄥˊ ㄉㄨ ㄕˋ ㄇㄧㄣˊ ㄐㄧˊ ㄧㄡˋ ㄎㄜˋ ㄋㄥˊ ㄗㄞˋ ㄘˋ ㄎㄢˋ ㄉㄠˋ ㄆㄧㄠˋ ㄒㄩㄜˇ
009916,ㄙㄨㄟˊ ㄓㄜˋ ㄊㄧㄢ ㄑㄧˋ ㄓㄨㄢˇ ㄖㄜˋ ㄍㄜˋ ㄉㄧˋ ㄉㄜ˙ ㄧㄡˊ ㄩㄥˋ ㄔㄤˊ ㄙㄨㄛˇ ㄎㄞ ㄕˇ ㄩㄢˊ ㄊㄡˊ ㄘㄨㄢˊ ㄉㄨㄥˋ
009917,ㄍㄜˋ ㄖㄤˋ ㄒㄩ ㄒㄧㄝ ㄕㄥ˙ ㄋㄚˋ ㄇㄣˋ ㄉㄜ˙ ㄕˋ ㄈㄤˊ ㄎㄜˋ ㄉㄜ˙ ㄕㄡˇ ㄐㄧㄝˋ ㄉㄚˇ ㄅㄨˋ ㄊㄨㄥ ㄌㄜ˙
009918,ㄩˋ ㄉㄠˋ ㄉㄧㄢ ㄅㄛˇ ㄕˊ ㄧㄥ ㄊㄧㄥ ㄘㄨㄥˊ ㄔㄥˊ ㄨˋ ㄩㄢˊ ㄉㄜ˙ ㄢ ㄑㄨㄢˊ ㄓˇ ㄌㄧㄥˋ ㄏㄨㄟˊ ㄗㄨㄛˋ ㄨㄟˋ ㄗㄨㄛˋ ㄏㄠˇ
009919,ㄊㄚ ㄗㄞˋ ㄏㄡˋ ㄇㄧㄢˋ ㄉㄞ ㄍㄨㄢˋ ㄌㄜ˙ ㄆㄚˋ ㄗˋ ㄐㄧˇ ㄧˋ ㄔㄚ ㄕㄣ ㄏㄡˋ ㄉㄜ˙ ㄖㄣˊ ㄏㄨㄟˋ ㄅㄨˋ ㄇㄢˇ ㄅㄨˋ ㄍㄢˇ ㄆㄞˊ ㄐㄧㄣˋ ㄑㄩˋ
009920,ㄅㄤˋ ㄨㄢˇ ㄑㄧ ㄍㄜ˙ ㄒㄧㄠˇ ㄖㄣˊ ㄏㄨㄟˊ ㄌㄞˋ ㄌㄜ˙ ㄅㄞˊ ㄒㄧˇ ㄍㄨㄥ ㄓㄨˇ ㄕㄨㄛ ㄧˋ ㄇㄣˊ ㄐㄧㄡˋ ㄕˋ ㄨㄛˇ ㄇㄧㄥˋ ㄓㄨㄥ ㄉㄜ˙ ㄑㄧ ㄍㄜ˙ ㄒㄧㄠˊ ㄞˋ ㄩㄢˊ ㄅㄚ˙
009921,ㄊㄚ ㄇㄣ˙ ㄒㄧㄤˇ ㄕㄨㄛ ㄐㄧㄠˋ ㄩˋ ㄑㄩˊ ㄍㄨㄢˇ ㄓㄜˋ ㄍㄜ˙ ㄊㄚ ㄇㄣ˙ ㄕˋ ㄧˊ ㄌㄨˋ ㄉㄜ˙ ㄓㄜˋ ㄧㄤˋ ㄧˋ ㄍㄨㄢˇ ㄑㄧˇ ㄅㄨˊ ㄕˋ ㄐㄧˋ ㄋㄩˊ ㄑㄧˇ ㄆㄧㄠˊ ㄎㄜˋ
009922,ㄧˋ ㄓㄨㄥ ㄅㄧㄠˇ ㄕˋ ㄕㄤ ㄆㄧㄣˇ ㄙㄨㄛˊ ㄧㄡˇ ㄑㄨㄢˊ ㄉㄜ˙ ㄘㄞˊ ㄨˋ ㄓㄥˋ ㄑㄨㄢˋ ㄧㄝˇ ㄔㄥ ㄕㄤ ㄆㄧㄣˇ ㄓㄥˋ ㄑㄨㄢˋ ㄖㄨˊ ㄊㄧˊ ㄏㄨㄛˋ ㄉㄢ ㄐㄧㄠ ㄏㄨㄛˋ ㄉㄢ
009923,ㄏㄨㄟˋ ㄧㄡˊ ㄏㄣˇ ㄈㄥ ㄈㄨˋ ㄉㄜ˙ ㄉㄨㄥ ㄒㄧ˙ ㄌㄧㄡˊ ㄒㄧㄚˋ ㄌㄞ˙ ㄕㄨㄛ ㄉㄡ ㄕㄨㄛ ㄅㄨˋ ㄨㄢˊ
009924,ㄓㄜˋ ㄐㄩˋ ㄏㄨㄚˋ ㄒㄧㄤˋ ㄘㄨㄥˊ ㄊㄧㄢ ㄦˊ ㄐㄧㄤˋ ㄒㄧㄚˋ ㄉㄜ˙ ㄙˋ ㄓㄡ ㄧˊ ㄆㄧㄢˋ ㄐㄧˋ ㄐㄧㄥˋ
009925,ㄐㄧˋ ㄓㄜˊ ㄙㄨㄛˇ ㄗㄞˋ ㄉㄜ˙ ㄕˋ ㄕㄡˋ ㄏㄞˋ ㄖㄣˊ ㄐㄧㄚ ㄕㄨ ㄙㄨㄛˇ ㄗㄞˋ ㄉㄜ˙ ㄧㄡˋ ㄑㄩˋ
009926,ㄅㄨˋ ㄍㄨㄢˇ ㄏㄚ ㄉㄚˋ ㄧㄝˊ ㄑㄩˋ ㄋㄚˇ ㄊㄚ ㄉㄡ ㄧˊ ㄅㄨˋ ㄅㄨˋ ㄌㄧˊ ㄉㄜ˙ ㄍㄣ ㄓㄜ˙
009927,ㄉㄚˋ ㄐㄧㄚ ㄊㄞˊ ㄊㄡˊ ㄨㄤˋ ㄑㄩˋ ㄧˋ ㄓ ㄌㄠˊ ㄕㄨˇ ㄓㄥˋ ㄆㄚ ㄗㄞˋ ㄉㄧㄠˋ ㄉㄧㄥˇ ㄕㄤˋ
009928,ㄨㄛˇ ㄐㄩㄜˊ ㄉㄧㄥˋ ㄍㄨㄛˋ ㄋㄧㄢˊ ㄐㄧㄡˋ ㄘˊ ㄓˊ ㄐㄧㄝ ㄕㄡˊ ㄨㄛˇ ㄅㄚˋ ㄉㄜ˙ ㄈㄟˋ ㄆㄧㄣˇ ㄓㄢˋ
009929,ㄗㄨㄟˋ ㄓㄨㄥ ㄓㄨㄥ ㄍㄨㄛˋ ㄋㄢˊ ㄗˇ ㄆㄧㄥ ㄆㄤ ㄑㄧㄡˊ ㄉㄨㄟˋ ㄏㄨㄛˋ ㄉㄜ˙ ㄘˊ ㄐㄧㄤˇ ㄒㄧㄤˋ
009930,ㄈㄤˊ ㄒㄩㄋˋ ㄎㄤˋ ㄏㄢˋ ㄌㄧㄤˊ ㄕㄡˇ ㄓㄨㄚ ㄎㄤˋ ㄏㄢˋ ㄒㄧㄤ ㄉㄨㄟˋ ㄓㄨㄚ ㄉㄜ˙ ㄅㄨˊ ㄍㄡˋ
009931,ㄊㄨˊ ㄇㄣ˙ ㄐㄧㄤ ㄒㄧㄚˋ ㄧㄡˊ ㄉㄧˋ ㄑㄩ ㄎㄞ ㄈㄚ ㄎㄞ ㄈㄤˋ ㄉㄜ˙ ㄐㄧㄣˋ ㄓㄢˇ ㄖㄨˊ ㄏㄜˊ
009932,ㄓㄜˋ ㄧㄠˋ ㄑㄧㄡˊ ㄓㄨㄥ ㄍㄨㄛˊ ㄅㄧˋ ㄒㄩ ㄧㄡˇ ㄧˊ ㄍㄜˋ ㄐㄧㄢ ㄑㄧㄤˊ ㄉㄜ˙ ㄓㄥˋ ㄉㄤˇ ㄌㄧㄥˊ ㄉㄠˇ
009933,ㄗㄞˋ ㄕㄨㄛ ㄨㄢˋ ㄩˋ ㄌㄧˋ ㄧˋ ㄕㄤˋ ㄉㄜ˙ ㄕˋ ㄢˊ ㄌㄧㄚˇ ㄉㄡ ㄅㄨˋ ㄏㄠˇ ㄎㄞ ㄎㄡˇ
009934,ㄇㄧㄥˊ ㄉㄞˋ ㄨㄚˇ ㄌㄚˋ ㄉㄚˊ ㄉㄚˊ ㄖㄨˋ ㄑㄧㄣ ㄇㄧㄥˊ ㄐㄧㄥˋ ㄧㄝˇ ㄕˋ ㄊㄨㄥ ㄍㄨㄛˋ ㄘˇ ㄉㄧˋ
009935,ㄇㄧ ㄇㄧ ㄊㄧㄢˇ ㄓㄜ˙ ㄏㄞˊ ㄗ˙ ㄅㄚˇ ㄊㄚ ㄕㄣ ㄕㄤˋ ㄉㄜ˙ ㄇㄠˊ ㄊㄧㄢˇ ㄍㄢ ㄐㄧㄥˋ
009936,ㄕˋ ㄈㄡˇ ㄓㄜˋ ㄘˋ ㄉㄜ˙ ㄍㄨㄛˊ ㄅㄧㄠ ㄒㄧㄡ ㄉㄧㄥˋ ㄅㄟˋ ㄉㄚˋ ㄑㄧˇ ㄧㄝˊ ㄅㄤˇ ㄐㄧㄚˋ ㄌㄜ˙
009937,ㄆㄢˋ ㄐㄩㄜˊ ㄏㄡˋ ㄧㄠˊ ㄇㄡˇ ㄑㄧ ㄙˋ ㄏㄨˊ ㄇㄡˇ ㄅㄨˋ ㄈㄨˊ ㄊㄧˊ ㄑㄧˇ ㄕㄤˋ ㄙㄨˋ
009938,ㄧㄡˊ ㄘˇ ㄎㄜˊ ㄧˇ ㄎㄢˋ ㄔㄨ ㄏㄢˊ ㄍㄤ ㄉㄜ˙ ㄐㄧㄥ ㄐㄧˋ ㄒㄧㄠˋ ㄧˋ ㄌㄞˊ ㄗˋ ㄏㄜˊ ㄔㄨˋ
009939,ㄌㄧㄣˊ ㄉㄚˊ ㄕㄨㄛ ㄕˋ ㄩˊ ㄐㄧㄚ ㄍㄞˇ ㄅㄧㄢˋ ㄌㄜ˙ ㄊㄚ ㄏㄜˊ ㄇㄚˇ ㄦˊ ㄉㄜ˙ ㄕㄥ ㄏㄨㄛˋ
009940,ㄌㄡˊ ㄒㄧㄚˋ ㄉㄜ˙ ㄅㄠˇ ㄢ ㄍㄠˋ ㄙㄨˋ ㄐㄧˋ ㄓㄜˇ ㄓㄜˋ ㄌㄧˇ ㄅㄨˋ ㄗㄨ ㄧㄝˇ ㄅㄨˊ ㄇㄞˋ
009941,ㄒㄧˊ ㄐㄧㄣˋ ㄆㄧㄥˊ ㄕㄨㄛ ㄓㄨㄥ ㄙ ㄌㄧㄤˇ ㄍㄨㄛˊ ㄖㄣˊ ㄇㄧㄣˊ ㄔㄨㄢˊ ㄊㄨㄥˊ ㄧㄡˇ ㄧˋ ㄕㄣ ㄏㄡˋ
009942,ㄔㄨㄢˊ ㄨㄣˊ ㄩㄝˋ ㄌㄞˊ ㄩㄝˋ ㄉㄨㄛ ㄏㄡˋ ㄌㄞˊ ㄌㄧㄢˊ ㄌㄠˇ ㄌㄧˋ ㄗˋ ㄐㄧˇ ㄉㄡ ㄆㄚˋ ㄌㄜ˙
009943,ㄨㄛˇ ㄋㄨˋ ㄏㄡˇ ㄧˋ ㄕㄥ ㄔㄨㄥ ㄕㄤˋ ㄑㄩˋ ㄐㄩˊ ㄒㄧˇ ㄓㄨㄢ ㄊㄡ˙ ㄗㄚˊ ㄌㄜ˙ ㄍㄨㄛˋ ㄑㄩˋ
009944,ㄨㄛˇ ㄒㄧㄢˋ ㄗㄞˋ ㄏㄞˊ ㄅㄨˊ ㄏㄨㄟˋ ㄓㄜˋ ㄐㄧㄡˋ ㄏㄨㄟˊ ㄑㄩˋ ㄨㄣˋ ㄨㄣˋ ㄈㄚ ㄇㄧㄥˊ ㄨㄛˇ ㄉㄜ˙ ㄖㄣˊ
009945,ㄒㄧㄢˇ ㄖㄢˊ ㄌㄨㄛˋ ㄧㄤˊ ㄒㄧㄥˋ ㄇㄨˋ ㄢˋ ㄅㄨˊ ㄐㄩˋ ㄅㄟˋ ㄕㄤˋ ㄕㄨˋ ㄌㄧㄤˇ ㄉㄜ˙ ㄑㄧㄢˊ ㄊㄧˊ
009946,ㄌㄧㄥˋ ㄨㄞˋ ㄐㄧㄝˊ ㄏㄜˋ ㄒㄩㄋˋ ㄧㄡˇ ㄨㄣˊ ㄔㄨㄣˊ ㄒㄧㄢˋ ㄧㄢˇ ㄒㄧㄢˋ ㄇㄟˊ ㄇㄠˋ ㄉㄜ˙ ㄉㄨㄥˋ ㄗㄨㄛˋ
009947,ㄗㄨㄛˊ ㄨㄢˇ ㄏㄨㄚˊ ㄒㄧ ㄉㄨ ㄕˋ ㄅㄠˋ ㄐㄧˋ ㄓㄜˇ ㄉㄧㄢˋ ㄏㄨㄚˋ ㄘㄞˊ ㄈㄤˇ ㄌㄜ˙ ㄧㄣˇ ㄑㄧˊ
009948,ㄧㄝˋ ㄌㄚ ㄐㄧˋ ㄎㄜˋ ㄨㄟˋ ㄊㄡˋ ㄌㄨˋ ㄓㄜˋ ㄒㄧㄝˊ ㄏㄤˊ ㄍㄨㄥ ㄍㄨㄥ ㄙ ㄇㄣ˙ ㄇㄧㄥˊ ㄔㄥ
009949,ㄘㄨㄥˊ ㄩㄣˋ ㄒㄧㄥˊ ㄍㄨㄟˇ ㄐㄧˋ ㄕㄤˋ ㄌㄞˊ ㄕㄨㄛ ㄊㄚ ㄧㄝˇ ㄅㄨˋ ㄎㄜˇ ㄋㄥˊ ㄕˋ ㄒㄧㄥ ㄒㄧㄥ˙
009950,ㄇㄨˋ ㄑㄧㄢˊ ㄎㄢˋ ㄖㄨˊ ㄍㄨㄛˇ ㄐㄧˋ ㄒㄩˋ ㄐㄧㄚ ㄒㄧ ㄧㄝˇ ㄘㄨㄣˊ ㄗㄞˋ ㄌㄧㄤˇ ㄋㄢˊ ㄨㄣˋ ㄊㄧˊ
009951,ㄗㄥ ㄇㄠˇ ㄧˊ ㄗㄞˋ ㄐㄧㄣˊ ㄇㄨˋ ㄌㄨˋ ㄓˋ ㄒㄧㄢˋ ㄔㄤˇ ㄉㄚˋ ㄅㄠˋ ㄍㄨㄢ ㄓㄨㄥˋ ㄑㄧㄡˇ ㄕˋ
009952,ㄉㄢˋ ㄖㄣˋ ㄆㄧㄥˊ ㄓㄡ ㄇㄡˊ ㄗㄣˇ ㄇㄜ˙ ㄐㄧㄠˋ ㄋㄢˊ ㄗˇ ㄖㄥˊ ㄏㄢ ㄕㄨㄟˋ ㄅㄨˋ ㄒㄧㄥˇ
009953,ㄌㄠˇ ㄉㄚˋ ㄧㄝˋ ㄕㄨㄛ ㄒㄧㄠˇ ㄗ˙ ㄋㄧˇ ㄉㄤˊ ㄨㄛˇ ㄘㄞˊ ㄌㄨˋ ㄌㄜ˙ ㄓ ㄉㄠˋ ㄅㄛ˙
009954,ㄇㄟˊ ㄌㄧㄠˋ ㄉㄠˋ ㄔㄨㄤˇ ㄒㄧㄚˋ ㄉㄚˋ ㄏㄨㄛˊ ㄈㄛˊ ㄉㄜ˙ ㄚ ㄨㄟˇ ㄏㄞˊ ㄅㄨˋ ㄓ ㄏㄨㄟˊ ㄍㄞˇ
009955,ㄊㄚˇ ㄓㄚ ㄈㄟ ㄅㄨˋ ㄌㄨㄛˊ ㄕˋ ㄊㄨㄥˇ ㄓˋ ㄧˇ ㄗㄠ ㄩˋ ㄅㄨˋ ㄌㄨㄛˋ ㄋㄟˋ ㄏㄨㄥˋ
009956,ㄓㄜˋ ㄍㄜ˙ ㄏㄞˊ ㄗ˙ ㄉㄜ˙ ㄇㄧㄥˋ ㄧˊ ㄅㄢˋ ㄌㄞˊ ㄩㄢˋ ㄩˊ ㄌㄧㄥˋ ㄧˋ ㄨㄟˋ ㄋㄩˇ ㄕˋ ㄐㄨㄢˋ ㄗㄥˋ ㄉㄜ˙ ㄌㄥˇ ㄉㄨㄥˋ ㄨㄢˊ ㄗˇ
009957,ㄔㄨ ㄒㄧㄢˋ ㄓㄜˋ ㄓㄨㄥˇ ㄋㄧˊ ㄑㄧㄡ˙ ㄋㄟˋ ㄍㄜˊ ㄉㄜ˙ ㄐㄩˊ ㄇㄧㄢˋ ㄐㄧㄣˋ ㄕˋ ㄧㄝˇ ㄊㄧㄢˊ ㄧㄡˇ ㄧˋ ㄨㄟˊ ㄓ ㄧㄝˇ ㄕˊ ㄕㄨˇ ㄨˊ ㄋㄞˋ
009958,ㄐㄧˇ ㄑㄧㄥ ㄍㄠ ㄙㄨˋ ㄐㄧˇ ㄋㄢˊ ㄏㄨㄚˋ ㄕㄢ ㄓㄤ ㄑㄧㄡ ㄙㄡ ㄆㄧㄥˊ ㄓㄡ ㄘㄨㄣ ㄘ ㄅㄛˊ ㄌㄧㄣˊ ㄗ ㄓㄢˋ
009959,ㄓㄠˋ ㄌㄧㄥˊ ㄈㄟ ㄉㄜ˙ ㄏㄨㄚˋ ㄈㄢˇ ㄧㄥˋ ㄌㄜ˙ ㄕㄣˇ ㄧㄤˊ ㄙㄞˋ ㄑㄩ ㄙㄨㄛˊ ㄧㄡˇ ㄠ ㄩㄣˋ ㄓ ㄩㄢˋ ㄓㄜˇ ㄉㄜ˙ ㄍㄨㄥˋ ㄊㄨㄥˊ ㄒㄧㄣ ㄕㄥ
009960,ㄧㄣ ㄨㄟˋ ㄨㄛˇ ㄇㄣ˙ ㄙㄨㄛˇ ㄈㄚ ㄔㄨ ㄉㄜ˙ ㄌㄧˋ ㄌㄧㄤˋ ㄅㄧˋ ㄏㄨㄟˋ ㄧㄣ ㄋㄢˊ ㄉㄨˋ ㄐㄧㄚ ㄉㄚˋ ㄦˊ ㄐㄧㄢˇ ㄖㄨㄛˋ
009961,ㄈㄚ ㄕㄥ ㄕˋ ㄍㄨˋ ㄉㄜ˙ ㄌㄡˊ ㄊㄧ ㄍㄨㄞˊ ㄐㄧㄠˇ ㄔㄨˋ ㄖㄥˊ ㄎㄜˇ ㄎㄢˋ ㄉㄠˋ ㄒㄩㄜˋ ㄐㄧˋ
009962,ㄒㄧㄤˇ ㄍㄨㄛˋ ㄐㄧㄣˋ ㄍㄨㄥ ㄢ ㄎㄜˇ ㄋㄥˊ ㄕㄣ ㄍㄠ ㄅㄨˊ ㄍㄡˋ ㄌㄠˇ ㄏㄢˋ ㄧㄝˇ ㄅㄨˊ ㄖㄤˋ ㄨㄛˇ ㄐㄧㄣˋ ㄑㄩˋ
009963,ㄌㄨˋ ㄕㄤˋ ㄍㄨㄢ ㄑㄧㄚ ㄏㄣˇ ㄉㄨㄛ ㄨㄟˋ ㄌㄜ˙ ㄈㄤ ㄅㄧㄢˋ ㄔㄜˋ ㄌㄧˊ ㄓˊ ㄏㄠˇ ㄑㄧㄥ ㄓㄨㄤ ㄑㄧㄢˊ ㄐㄧㄣˋ
009964,ㄩㄢˊ ㄌㄞˊ ㄅㄧˋ ㄦˋ ㄍㄞˋ ㄘˊ ㄐㄧㄡˋ ㄕˋ ㄇㄟˇ ㄍㄨㄛˊ ㄨㄟ ㄖㄨㄢˇ ㄍㄨㄥ ㄙ ㄌㄧㄢˊ ㄏㄜˊ ㄔㄨㄤˋ ㄕㄣˇ ㄧㄚ˙
009965,ㄓ ㄏㄡˋ ㄊㄚ ㄇㄣ˙ ㄧˋ ㄐㄧㄚ ㄙㄢ ㄎㄡˇ ㄐㄧㄚ ㄩˇ ㄕㄨㄤ ㄈㄤ ㄈㄨˋ ㄇㄨˇ ㄨㄤˇ ㄎㄜˋ ㄌㄧˊ ㄉㄠˇ ㄌㄩˋ ㄧㄡˊ
009966,ㄒㄧㄝˋ ㄒㄧㄝˋ ㄗㄨㄥˊ ㄌㄧˇ ㄧㄝˊ ㄍㄢˇ ㄒㄧㄝˋ ㄍㄨㄤˇ ㄉㄚˋ ㄨㄤˊ ㄧㄡˇ ㄉㄜ˙ ㄘㄢ ㄩˋ ㄨㄛˇ ㄇㄣ˙ ㄇㄧㄥˊ ㄋㄧㄢˊ ㄗㄞˋ ㄐㄧㄢˋ
009967,ㄕˋ ㄕˊ ㄕㄤˋ ㄕˋ ㄘㄨㄥˊ ㄌㄞˊ ㄇㄟˊ ㄧㄡˇ ㄧˊ ㄍㄜˋ ㄑㄧ ㄕㄢˋ ㄆㄚ ㄜˋ ㄉㄜ˙ ㄖㄣˊ ㄋㄥˊ ㄗㄨㄛˋ ㄔㄨ ㄍㄨㄛˋ ㄕㄠ ㄉㄚˋ ㄧˋ ㄉㄧㄢˇ ㄉㄜ˙ ㄔㄥˊ ㄐㄧㄡˋ
009968,ㄨㄛˇ ㄏㄨㄟˋ ㄉㄚˇ ㄎㄞ ㄧㄡˊ ㄐㄧㄢˋ ㄋㄧˇ ㄎㄜˊ ㄧˇ ㄘㄨㄥˊ ㄋㄚˋ ㄌㄧˇ ㄐㄧˋ ㄒㄩˋ
009969,ㄇㄟˇ ㄈㄤ ㄉㄨㄟˋ ㄐㄧㄣˋ ㄑㄧ ㄉㄨㄥ ㄏㄞˇ ㄐㄩˊ ㄕˋ ㄅㄧㄠˇ ㄕˋ ㄍㄨㄢ ㄑㄧㄝˋ
009970,ㄐㄩˋ ㄒㄧ ㄅㄠˋ ㄅㄚ ㄇㄚˇ ㄧˋ ㄐㄧㄚ ㄖㄣˊ ㄉㄨㄟˋ ㄓㄜˋ ㄗㄨㄛˋ ㄉㄨㄥ ㄐㄧˋ ㄅㄞˊ ㄍㄨㄥ ㄐㄧˊ ㄨㄟˋ ㄇㄢˇ ㄧˋ
009971,ㄉㄚˊ ㄙㄠˇ ㄨㄢˊ ㄋㄧˇ ㄏㄨㄟˋ ㄏㄣˊ ㄧㄡˇ ㄔㄥˊ ㄐㄧㄡˋ ㄍㄢˇ ㄉㄜ˙ ㄕˋ ㄧ ㄕˋ ㄋㄧˇ ㄐㄧㄡˋ ㄒㄧㄣˋ ㄌㄜ˙
009972,ㄇㄛˋ ㄇㄢˋ ㄓㄢˋ ㄗㄞˋ ㄏㄨㄚˊ ㄅㄢˇ ㄔㄜ ㄕㄤˋ ㄍㄜˋ ㄐㄧㄡˋ ㄍㄜˋ ㄨㄟˋ ㄓㄨㄣˇ ㄅㄟˋ ㄔㄨ ㄈㄚ ㄌㄚ˙
009973,ㄊㄚˇ ㄏㄜˊ ㄉㄜ˙ ㄏㄢˊ ㄧㄝˋ ㄑㄧ ㄨㄣ ㄐㄧㄤˋ ㄉㄠˋ ㄌㄜ˙ ㄌㄧㄥˊ ㄒㄧㄚˋ ㄙㄢ ㄕˋ ㄉㄨㄛ ㄕㄜˋ ㄕˋ ㄉㄨˋ
009974,ㄑㄧˊ ㄐㄧㄢ ㄌㄧㄢˊ ㄆㄛˋ ㄌㄧㄡˋ ㄉㄧㄢˇ ㄌㄧㄡˋ ㄧㄡˋ ㄉㄧㄢˊ ㄨˇ ㄌㄧㄡˋ ㄉㄧㄢˇ ㄙˋ ㄧㄡˋ ㄉㄧㄢˇ ㄙㄢˋ ㄨˊ ㄉㄥˇ ㄉㄨㄛ ㄍㄜ˙ ㄓㄨˋ ㄧㄠˋ ㄍㄨㄢ ㄎㄡˇ
009975,ㄙㄨㄢˋ ㄇㄧㄥˋ ㄑㄧˊ ㄕˊ ㄓˇ ㄕˋ ㄖㄣˊ ㄇㄣ˙ ㄉㄜ˙ ㄧˋ ㄓㄨㄥˇ ㄗˋ ㄨㄛˇ ㄢ ㄨㄟˋ ㄏㄜˊ ㄙˋ ㄨㄛˇ ㄢˋ ㄕˋ ㄦˊ ㄧˇ ㄨㄛˇ ㄇㄣ˙ ㄏㄞˊ ㄕˋ ㄧㄠˋ ㄒㄧㄤ ㄒㄧㄣˋ ㄎㄜˋ ㄒㄩㄜˊ ㄘㄞˊ ㄏㄠˇ
009976,ㄓㄜˋ ㄧˊ ㄑㄧㄝˋ ㄉㄡ ㄌㄧㄥˋ ㄖㄣˊ ㄏㄨㄞ ㄒㄧㄣ ㄍㄨˊ ㄨˇ ㄚ ㄇㄣˋ ㄒㄧ ㄇㄟˊ ㄌㄧˇ ㄧㄡˊ ㄅㄨˋ ㄐㄧㄢˋ ㄔ ㄉㄠˋ ㄗㄨㄟˋ ㄏㄡˋ
009977,ㄓˊ ㄓˋ ㄍㄨㄥ ㄩㄢˊ ㄑㄧㄢˊ ㄧˊ ㄨㄢ ㄧˋ ㄑㄧㄢ ㄋㄧㄢˊ ㄊㄚ ㄧㄡˋ ㄗㄞˋ ㄘˇ ㄔㄨ ㄒㄧㄢˋ
009978,ㄐㄧㄣˇ ㄌㄧㄤˋ ㄕㄠˇ ㄨㄢˊ ㄉㄧㄢˋ ㄋㄠˇ ㄕㄠˇ ㄎㄢˋ ㄉㄧㄢˋ ㄕˋ ㄕㄠˊ ㄉㄚˇ ㄧㄡˊ ㄒㄩˋ
009979,ㄘㄨㄥˊ ㄨˇ ㄉㄠˋ ㄑㄧ ㄑㄧㄢˊ ㄏㄡˋ ㄧㄝˇ ㄐㄧㄡˋ ㄕˊ ㄌㄧㄡˋ ㄍㄜ˙ ㄩㄝˋ ㄉㄜ˙ ㄕˊ ㄐㄧㄢ
009980,ㄧˊ ㄐㄧㄣˋ ㄊㄚˋ ㄈㄟ ㄉㄧㄢˋ ㄊㄚ ㄐㄧㄡˋ ㄧˋ ㄐㄧㄢˋ ㄧˋ ㄕㄤ ㄕㄨˊ ㄒㄧˋ ㄉㄜ˙ ㄌㄧㄢˇ
009981,ㄏㄠˇ ㄗㄞˋ ㄓㄨㄥˋ ㄉㄧˋ ㄒㄩㄥ ㄎㄢˋ ㄉㄠˋ ㄌㄜ˙ ㄅㄚˇ ㄊㄚ ㄓㄨㄟ ㄌㄜ˙ ㄏㄨㄟˊ ㄌㄞˊ
009982,ㄧㄡˇ ㄧˊ ㄍㄜ˙ ㄖㄣˊ ㄕㄨㄛ ㄍㄜ ㄇㄚ˙ ㄨㄛˇ ㄇㄣˊ ㄆㄠˇ ㄍㄨㄛˋ ㄊㄚ ㄘㄞˊ ㄋㄥˊ ㄏㄨㄛˊ
009983,ㄊㄨㄥˇ ㄌㄜ˙ ㄊㄚ ㄧˇ ㄏㄡˋ ㄨㄛˊ ㄏㄨ ㄐㄧˋ ㄉㄜ˙ ㄊㄚ ㄇㄟˊ ㄗㄚˇ ㄉㄨㄥˋ ㄌㄜ˙
009984,ㄘㄨㄥˊ ㄒㄧㄠˇ ㄉㄠˋ ㄉㄚˋ ㄍㄜˊ ㄑㄧˇ ㄧˋ ㄇㄟˊ ㄧㄡˇ ㄕㄡ ㄉㄠˋ ㄍㄨㄛˊ ㄧㄚ ㄙㄨㄟˋ ㄑㄧㄢˊ
009985,ㄨˇ ㄊㄞˊ ㄒㄧㄚˋ ㄉㄜ˙ ㄋㄧˇ ㄏㄨㄟˋ ㄉㄜ˙ ㄨˇ ㄊㄞˊ ㄕㄤˋ ㄉㄜ˙ ㄋㄧˇ ㄕㄨㄛ ㄕㄣˊ ㄇㄜ˙
009986,ㄉㄢˋ ㄎㄠˇ ㄕㄥ ㄆㄨˇ ㄅㄧㄢˋ ㄖㄣˋ ㄨㄟˊ ㄕˋ ㄊㄧˊ ㄉㄜ˙ ㄍㄨㄞˋ ㄉㄨㄛ ㄍㄨㄛˋ ㄋㄢˊ
009987,ㄨㄛˇ ㄒㄧ ㄨㄤˋ ㄋㄟˇ ㄍㄜˋ ㄖㄣˊ ㄉㄡ ㄋㄥˊ ㄍㄡˋ ㄗㄨㄣ ㄓㄨㄥˋ ㄨㄛˇ ㄇㄣ˙ ㄉㄜ˙ ㄧㄣˇ ㄙ
009988,ㄇㄢˋ ㄊㄧㄢ ㄉㄜ˙ ㄏㄨㄥˊ ㄒㄧㄚˊ ㄕˇ ㄐㄧㄣˋ ㄉㄧㄢˊ ㄌㄧㄤˇ ㄖㄣˊ ㄗㄥ ㄊㄧㄢ ㄑㄧˋ ㄈㄣ
009989,ㄨㄢˇ ㄕㄤˋ ㄐㄧㄚˋ ㄨㄢˋ ㄅㄢˋ ㄊㄞ ㄔㄜ ㄏㄨㄟˊ ㄐㄧㄚ ㄊㄞˋ ㄌㄟˋ ㄌㄜ˙ ㄇㄧˊ ㄇㄧˋ ㄏㄨ ㄏㄨ ㄎㄞ ㄓㄜˋ ㄔㄜ ㄗㄨㄛˇ ㄧˊ ㄅㄢˋ ㄉㄜ˙ ㄕˊ ㄏㄡˋ ㄉㄤ ㄧˋ ㄕㄥ
009990,ㄍㄞ ㄔㄜ ㄐㄧㄤ ㄙㄢ ㄖㄣˊ ㄓㄨㄤˋ ㄉㄠˇ ㄏㄡˋ ㄗㄞˋ ㄉㄚˋ ㄨˋ ㄓㄨㄥ ㄊㄠˊ ㄘㄨㄢˋ
009991,ㄓㄜˋ ㄖㄣˊ ㄧˋ ㄉㄨㄛ ㄙㄨㄛˋ ㄈㄤ ㄒㄧㄤˋ ㄆㄢˊ ㄧㄝˋ ㄅㄚˇ ㄅㄨˋ ㄨㄣˇ ㄌㄜ˙ ㄔㄚˋ ㄌㄧㄢˊ ㄓㄨㄤˋ ㄕㄤˋ ㄌㄜ˙ ㄍㄠ ㄙㄨˋ ㄅㄧㄢ ㄉㄠˋ ㄏㄨˋ ㄌㄢˊ
009992,ㄋㄚˋ ㄋㄩˇ ㄏㄞˊ ㄨㄟˇ ㄑㄩ ㄉㄜ˙ ㄕㄨㄛ ㄨㄛˊ ㄧˋ ㄏㄨㄟˊ ㄊㄡˊ ㄐㄧㄢˋ ㄋㄧˊ ㄧˇ ㄐㄧㄥ ㄐㄧㄣˋ ㄑㄩˋ ㄌㄜ˙ ㄨㄛˇ ㄅㄨˋ ㄍㄢˇ ㄐㄧㄣˋ ㄑㄩˋ ㄚ˙
009993,ㄒㄧㄠˇ ㄇㄧㄥˊ ㄧㄠˊ ㄧㄠˋ ㄊㄡˊ ㄕㄨㄛ ㄅㄨˊ ㄕˋ ㄨㄛˊ ㄓˇ ㄕˋ ㄇㄟˊ ㄋㄧˇ ㄎㄢˋ ㄉㄨㄛ ㄌㄜ˙
009994,ㄐㄧㄝ ㄒㄧㄚˋ ㄌㄞˊ ㄏㄨㄥˊ ㄋㄧㄤˊ ㄧㄠ ㄑㄧㄡˊ ㄐㄧˋ ㄓㄜˇ ㄐㄧㄠ ㄈㄟˋ ㄐㄧˋ ㄓㄜˊ ㄅㄧㄠˇ ㄕˋ ㄅㄨˋ ㄓ ㄅㄧㄠˊ ㄐㄧㄝˇ ㄕㄣ ㄇㄣ˙ ㄓㄥˋ ㄏㄠˋ ㄇㄚˇ
009995,ㄌㄧˇ ㄉㄨㄥ ㄨㄥˊ ㄅㄧㄠˇ ㄕˋ ㄗˋ ㄐㄧˇ ㄉㄤ ㄕˊ ㄗㄞˋ ㄈㄚˇ ㄊㄧㄥˊ ㄕㄤˋ ㄈㄚ ㄅㄧㄠˇ ㄌㄜ˙ ㄧˊ ㄘˋ ㄉㄨˊ ㄊㄜˋ ㄉㄜ˙ ㄍㄨㄥ ㄙㄨˋ ㄧˋ ㄐㄧㄢˋ
009996,ㄌㄧㄥˋ ㄧˋ ㄋㄢˊ ㄗˇ ㄆㄨ ㄌㄜ˙ ㄕㄤˋ ㄌㄞˊ ㄕㄡˊ ㄌㄧˇ ㄋㄚˊ ㄓㄜ˙ ㄇㄧㄥˊ ㄏㄨㄤˋ ㄏㄨㄤˋ ㄉㄜ˙ ㄔㄤˊ ㄉㄠ ㄒㄧㄤˋ ㄊㄚ ㄒㄩㄥ ㄎㄡˇ ㄓˊ ㄘˋ
009997,ㄐㄧㄣ ㄊㄧㄢ ㄎㄨㄞˋ ㄉㄧˋ ㄩㄢˊ ㄋㄚˊ ㄓㄜ˙ ㄧˊ ㄍㄜ˙ ㄎㄨㄞˋ ㄉㄧˋ ㄗㄞˋ ㄅㄢˋ ㄍㄨㄥ ㄕˋ ㄏㄢˇ ㄑㄧㄥˊ ㄨㄤˊ ㄕˋ ㄋㄚˇ ㄍㄜˋ ㄧㄡˇ ㄊㄚ ㄎㄨㄞˋ ㄉㄧˋ
009998,ㄓㄜˋ ㄔㄤˇ ㄎㄤˋ ㄧˋ ㄏㄨㄛˊ ㄉㄨㄥˋ ㄐㄧㄡ ㄐㄧㄥˋ ㄕˋ ㄖㄨˊ ㄏㄜˊ ㄈㄚ ㄓㄢˊ ㄧㄢˇ ㄅㄧㄢˋ ㄉㄜ˙ ㄧㄡˋ ㄐㄧㄡ ㄐㄧㄥˋ ㄕˋ ㄕㄨㄟˊ ㄕㄤ ㄏㄞˋ ㄌㄜ˙ ㄕㄨㄟˊ
009999,ㄧㄣ ㄏㄨㄚˋ ㄍㄨㄛˋ ㄈㄥ ㄒㄧㄠˋ ㄐㄧ ㄇㄨˋ ㄉㄧˋ ㄕㄜˋ ㄐㄧˋ ㄍㄣ ㄐㄩˋ ㄑㄧˊ ㄕㄨˇ ㄒㄧㄤˋ ㄕㄜˋ ㄐㄧˇ
010000,ㄗㄞˋ ㄩˋ ㄓㄨㄥ ㄓㄤ ㄇㄧㄥˊ ㄅㄠˊ ㄏㄨㄟˇ ㄏㄣˋ ㄐㄧㄠ ㄐㄧㄚ ㄒㄧㄢˇ ㄌㄜ˙ ㄧˊ ㄈㄣˋ ㄔㄤˋ ㄏㄨㄟˇ ㄕㄨ
